MovieID,m_idx,Title,Year,Genres,train_count,avg_rating
1,0,Toy Story,1995,Animation|Children's|Comedy,1674,4.149940262843488
2,1,Jumanji,1995,Adventure|Children's|Fantasy,564,3.1950354609929077
3,2,Grumpier Old Men,1995,Comedy|Romance,379,3.0474934036939314
4,3,Waiting to Exhale,1995,Comedy|Drama,138,2.7318840579710146
5,4,Father of the Bride Part II,1995,Comedy,243,3.0
6,5,Heat,1995,Action|Crime|Thriller,758,3.87598944591029
7,6,Sabrina,1995,Comedy|Romance,361,3.4155124653739612
8,7,Tom and Huck,1995,Adventure|Children's,53,2.9622641509433962
9,8,Sudden Death,1995,Action,71,2.732394366197183
10,9,GoldenEye,1995,Action|Adventure|Thriller,725,3.546206896551724
11,10,The American President,1995,Comedy|Drama|Romance,849,3.8056537102473498
12,11,Dracula: Dead and Loving It,1995,Comedy|Horror,131,2.3969465648854964
13,12,Balto,1995,Animation|Children's,69,3.260869565217391
14,13,Nixon,1995,Drama,121,3.5454545454545454
15,14,Cutthroat Island,1995,Action|Adventure|Romance,113,2.424778761061947
16,15,Casino,1995,Drama|Thriller,549,3.790528233151184
17,16,Sense and Sensibility,1995,Drama|Romance,687,3.9985443959243088
18,17,Four Rooms,1995,Thriller,124,3.338709677419355
19,18,Ace Ventura: When Nature Calls,1995,Comedy,300,2.47
20,19,Money Train,1995,Action,126,2.5
21,20,Get Shorty,1995,Action|Comedy|Drama,1080,3.6148148148148147
22,21,Copycat,1995,Crime|Drama|Thriller,308,3.3636363636363638
23,22,Assassins,1995,Thriller,101,2.8316831683168315
24,23,Powder,1995,Drama|Sci-Fi,494,3.1801619433198383
25,24,Leaving Las Vegas,1995,Drama|Romance,780,3.641025641025641
26,25,Othello,1995,Drama,79,3.518987341772152
27,26,Now and Then,1995,Drama,56,3.0
28,27,Persuasion,1995,Romance,150,4.06
29,28,The City of Lost Children,1995,Adventure|Sci-Fi,310,4.064516129032258
30,29,Shanghai Triad,1995,Drama,62,3.7096774193548385
31,30,Dangerous Minds,1995,Drama,110,3.109090909090909
32,31,Twelve Monkeys,1995,Drama|Sci-Fi,1215,3.948148148148148
33,32,Wings of Courage,1995,Adventure|Romance,4,3.0
34,33,Babe,1995,Children's|Comedy|Drama,1382,3.890738060781476
35,34,Carrington,1995,Drama|Romance,55,3.2545454545454544
36,35,Dead Man Walking,1995,Drama,739,3.9810554803788905
37,36,Across the Sea of Time,1995,Documentary,6,3.3333333333333335
38,37,It Takes Two,1995,Comedy,21,2.857142857142857
39,38,Clueless,1995,Comedy|Romance,1103,3.597461468721668
40,39,"Cry, the Beloved Country",1995,Drama,27,3.925925925925926
41,40,Richard III,1995,Drama|War,201,3.9303482587064678
42,41,Dead Presidents,1995,Action|Crime|Drama,181,2.883977900552486
43,42,Restoration,1995,Drama,132,3.4545454545454546
44,43,Mortal Kombat,1995,Action|Adventure,257,2.8365758754863815
45,44,To Die For,1995,Comedy|Drama,440,3.409090909090909
46,45,How to Make an American Quilt,1995,Drama|Romance,130,3.1153846153846154
47,46,Seven,1995,Crime|Thriller,897,4.0891861761426975
48,47,Pocahontas,1995,Animation|Children's|Musical|Romance,314,2.9522292993630574
49,48,When Night Is Falling,1995,Drama|Romance,20,3.7
50,49,The Usual Suspects,1995,Crime|Thriller,1402,4.508559201141227
51,50,Guardian Angel,1994,Action|Drama|Thriller,0,
52,51,Mighty Aphrodite,1995,Comedy,332,3.641566265060241
53,52,Lamerica,1994,Drama,7,4.714285714285714
54,53,The Big Green,1995,Children's|Comedy,34,2.5
55,54,Georgia,1995,Drama,34,3.0588235294117645
56,55,Kids of the Round Table,1995,Adventure|Children's|Fantasy,6,2.0
57,56,Home for the Holidays,1995,Drama,80,3.4
58,57,"Postino, Il",1994,Drama|Romance,393,4.081424936386768
59,58,The Confessional,1995,Drama|Mystery,6,3.0
60,59,The Indian in the Cupboard,1995,Adventure|Children's|Fantasy,279,3.2688172043010755
61,60,Eye for an Eye,1996,Drama|Thriller,51,3.0980392156862746
62,61,Mr. Holland's Opus,1995,Drama,444,3.7072072072072073
63,62,Don't Be a Menace to South Central While Drinking Your Juice in the Hood,1996,Comedy,99,2.8484848484848486
64,63,Two if by Sea,1996,Comedy|Romance,66,2.287878787878788
65,64,Bio-Dome,1996,Comedy,118,2.0508474576271185
66,65,Lawnmower Man 2: Beyond Cyberspace,1996,Sci-Fi|Thriller,81,1.691358024691358
67,66,Two Bits,1995,Drama,3,3.3333333333333335
68,67,French Twist,1995,Comedy|Romance,46,3.347826086956522
69,68,Friday,1995,Comedy,257,3.6731517509727625
70,69,From Dusk Till Dawn,1996,Action|Comedy|Crime|Horror|Thriller,720,3.1305555555555555
71,70,Fair Game,1995,Action,75,2.1466666666666665
72,71,Kicking and Screaming,1995,Comedy|Drama,75,3.6533333333333333
73,72,"Misérables, Les",1995,Drama|Musical,181,3.8011049723756907
74,73,Bed of Roses,1996,Drama|Romance,96,2.9270833333333335
75,74,Big Bully,1996,Comedy|Drama,9,2.0
76,75,Screamers,1995,Sci-Fi|Thriller,152,2.835526315789474
77,76,Nico Icon,1995,Documentary,23,3.6956521739130435
78,77,The Crossing Guard,1995,Drama,35,3.2285714285714286
79,78,The Juror,1996,Drama|Thriller,97,2.5876288659793816
80,79,The White Balloon,1995,Drama,40,3.85
81,80,Things to Do in Denver when You're Dead,1995,Crime|Drama|Romance,129,3.147286821705426
82,81,Antonia's Line,1995,Drama,78,3.8461538461538463
83,82,Once Upon a Time... When We Were Colored,1995,Drama,29,3.6551724137931036
84,83,Last Summer in the Hamptons,1995,Comedy|Drama,16,3.125
85,84,Angels and Insects,1995,Drama|Romance,140,3.3642857142857143
86,85,White Squall,1996,Adventure|Drama,178,3.443820224719101
87,86,Dunston Checks In,1996,Children's|Comedy,62,2.193548387096774
88,87,Black Sheep,1996,Comedy,163,2.9877300613496933
89,88,Nick of Time,1995,Action|Thriller,189,3.0846560846560847
90,89,The Journey of August King,1995,Drama,4,3.75
92,90,Mary Reilly,1996,Drama|Thriller,70,2.2714285714285714
93,91,Vampire in Brooklyn,1995,Comedy|Romance,74,2.2162162162162162
94,92,Beautiful Girls,1996,Drama,153,3.718954248366013
95,93,Broken Arrow,1996,Action|Thriller,497,2.913480885311871
96,94,In the Bleak Midwinter,1995,Comedy,10,4.0
97,95,Hate,1995,Drama,36,3.6666666666666665
98,96,Shopping,1994,Action|Thriller,5,2.0
99,97,Heidi Fleiss: Hollywood Madam,1995,Documentary,41,3.5121951219512195
100,98,City Hall,1996,Drama|Thriller,99,3.111111111111111
101,99,Bottle Rocket,1996,Comedy,200,3.88
102,100,Mr. Wrong,1996,Comedy,49,1.816326530612245
103,101,Unforgettable,1996,Thriller,27,3.185185185185185
104,102,Happy Gilmore,1996,Comedy,559,3.5491949910554563
105,103,The Bridges of Madison County,1995,Drama|Romance,317,3.22397476340694
106,104,Nobody Loves Me,1994,Comedy|Drama,8,3.875
107,105,Muppet Treasure Island,1996,Adventure|Children's|Comedy|Musical,199,3.130653266331658
108,106,Catwalk,1995,Documentary,6,2.8333333333333335
109,107,Headless Body in Topless Bar,1995,Comedy,0,
110,108,Braveheart,1995,Action|Drama|War,1932,4.2313664596273295
111,109,Taxi Driver,1976,Drama|Thriller,986,4.190669371196755
112,110,Rumble in the Bronx,1995,Action|Adventure|Crime,464,3.4331896551724137
113,111,Before and After,1996,Drama|Mystery,37,2.945945945945946
114,112,Margaret's Museum,1995,Drama,10,3.2
115,113,Happiness Is in the Field,1995,Comedy,0,
116,114,Anne Frank Remembered,1995,Documentary,32,4.09375
117,115,The Young Poisoner's Handbook,1995,Crime,65,3.6
118,116,If Lucy Fell,1996,Comedy|Romance,56,3.0357142857142856
119,117,"Steal Big, Steal Little",1995,Comedy,12,2.4166666666666665
120,118,Race the Sun,1996,Drama,3,2.6666666666666665
121,119,The Boys of St. Vincent,1993,Drama,26,4.038461538461538
122,120,Boomerang,1992,Comedy|Romance,156,2.75
123,121,Chungking Express,1994,Drama|Mystery|Romance,85,3.8705882352941177
124,122,The Star Maker,1995,Drama,12,3.1666666666666665
125,123,Flirting With Disaster,1996,Comedy,261,3.842911877394636
126,124,The NeverEnding Story III,1994,Adventure|Children's|Fantasy,79,1.9367088607594938
127,125,The Silence of the Palace,1994,Drama,1,1.0
128,126,Jupiter's Wife,1994,Documentary,11,4.2727272727272725
129,127,Pie in the Sky,1995,Comedy|Romance,9,3.4444444444444446
130,128,Angela,1995,Drama,1,3.0
131,129,Frankie Starlight,1995,Drama|Romance,12,3.1666666666666665
132,130,Jade,1995,Thriller,75,2.4133333333333336
133,131,Nueba Yol,1995,Comedy|Drama,1,1.0
134,132,Sonic Outlaws,1995,Documentary,2,4.0
135,133,Down Periscope,1996,Comedy,105,2.933333333333333
136,134,From the Journals of Jean Seberg,1995,Documentary,7,3.142857142857143
137,135,Man of the Year,1995,Documentary,11,3.1818181818181817
138,136,The Neon Bible,1995,Drama,0,
139,137,Target,1995,Action|Drama,0,
140,138,Up Close and Personal,1996,Drama|Romance,112,3.169642857142857
141,139,The Birdcage,1996,Comedy,565,3.543362831858407
142,140,Shadows,1988,Drama,0,
143,141,Gospa,1995,Drama,0,
144,142,The Brothers McMullen,1995,Comedy,350,3.42
145,143,Bad Boys,1995,Action,290,3.2586206896551726
146,144,The Amazing Panda Adventure,1995,Adventure|Children's,14,3.142857142857143
147,145,The Basketball Diaries,1995,Drama,145,3.5448275862068965
148,146,An Awfully Big Adventure,1995,Drama,19,2.789473684210526
149,147,Amateur,1994,Crime|Drama|Thriller,36,3.75
150,148,Apollo 13,1995,Drama,1006,4.075546719681909
151,149,Rob Roy,1995,Drama|Romance|War,438,3.58675799086758
152,150,The Addiction,1995,Horror,55,2.8545454545454545
153,151,Batman Forever,1995,Action|Adventure|Comedy|Crime,632,2.6835443037974684
154,152,Belle de jour,1967,Drama,129,3.7751937984496124
155,153,Beyond Rangoon,1995,Drama|War,69,3.3768115942028984
156,154,Blue in the Face,1995,Comedy,52,3.5384615384615383
157,155,Canadian Bacon,1994,Comedy|War,156,2.7051282051282053
158,156,Casper,1995,Adventure|Children's,206,2.9223300970873787
159,157,Clockers,1995,Drama,91,3.318681318681319
160,158,Congo,1995,Action|Adventure|Mystery|Sci-Fi,444,2.225225225225225
161,159,Crimson Tide,1995,Drama|Thriller|War,597,3.7202680067001674
162,160,Crumb,1994,Documentary,384,4.057291666666667
163,161,Desperado,1995,Action|Romance|Thriller,443,3.4469525959367946
164,162,Devil in a Blue Dress,1995,Crime|Film-Noir|Mystery|Thriller,304,3.536184210526316
165,163,Die Hard: With a Vengeance,1995,Action|Thriller,649,3.5855161787365177
166,164,The Doom Generation,1995,Comedy|Drama,49,2.4489795918367347
167,165,Feast of July,1995,Drama,5,3.6
168,166,First Knight,1995,Action|Adventure|Drama|Romance,292,2.9726027397260273
169,167,Free Willy 2: The Adventure Home,1995,Adventure|Children's|Drama,89,2.056179775280899
170,168,Hackers,1995,Action|Crime|Thriller,256,3.11328125
171,169,Jeffrey,1995,Comedy,73,3.684931506849315
172,170,Johnny Mnemonic,1995,Action|Sci-Fi|Thriller,372,2.5940860215053765
173,171,Judge Dredd,1995,Action|Adventure|Sci-Fi,452,2.2964601769911503
174,172,Jury Duty,1995,Comedy,65,2.1384615384615384
175,173,Kids,1995,Drama,175,3.434285714285714
176,174,Living in Oblivion,1995,Comedy,165,3.909090909090909
177,175,Lord of Illusions,1995,Horror,110,2.6454545454545455
178,176,Love & Human Remains,1993,Comedy,16,3.4375
179,177,Mad Love,1995,Drama|Romance,36,2.111111111111111
180,178,Mallrats,1995,Comedy,360,3.55
181,179,Mighty Morphin Power Rangers: The Movie,1995,Action|Children's,78,1.6153846153846154
182,180,Moonlight and Valentino,1995,Drama|Romance,40,3.175
183,181,Mute Witness,1994,Thriller,27,3.5185185185185186
184,182,Nadja,1994,Drama,20,3.5
185,183,The Net,1995,Sci-Fi|Thriller,453,2.8741721854304636
186,184,Nine Months,1995,Comedy,175,2.737142857142857
187,185,Party Girl,1995,Comedy,84,3.2857142857142856
188,186,The Prophecy,1995,Horror,156,3.1538461538461537
189,187,Reckless,1995,Comedy,11,3.1818181818181817
190,188,Safe,1995,Thriller,85,3.7294117647058824
191,189,The Scarlet Letter,1995,Drama,56,2.5
192,190,The Show,1995,Documentary,1,2.0
193,191,Showgirls,1995,Drama,180,2.077777777777778
194,192,Smoke,1995,Drama,168,3.7797619047619047
195,193,Something to Talk About,1995,Comedy|Drama|Romance,127,2.874015748031496
196,194,Species,1995,Horror|Sci-Fi,428,2.822429906542056
197,195,The Stars Fell on Henrietta,1995,Drama,12,3.1666666666666665
198,196,Strange Days,1995,Action|Crime|Sci-Fi,487,3.277207392197125
199,197,The Umbrellas of Cherbourg,1964,Drama|Musical,95,3.9157894736842107
200,198,The Tie That Binds,1995,Thriller,7,2.5714285714285716
201,199,Three Wishes,1995,Drama,29,2.6551724137931036
202,200,Total Eclipse,1995,Drama|Romance,26,2.4615384615384617
203,201,"To Wong Foo, Thanks for Everything! Julie Newmar",1995,Comedy,160,3.05
204,202,Under Siege 2: Dark Territory,1995,Action,159,2.943396226415094
205,203,Unstrung Heroes,1995,Comedy|Drama,70,3.657142857142857
206,204,Unzipped,1995,Documentary,59,3.610169491525424
207,205,A Walk in the Clouds,1995,Drama|Romance,191,3.141361256544503
208,206,Waterworld,1995,Action|Adventure,533,2.645403377110694
209,207,White Man's Burden,1995,Drama,41,2.4878048780487805
210,208,Wild Bill,1995,Western,33,3.0606060606060606
211,209,The Browning Version,1994,Drama,28,3.5
212,210,Bushwhacked,1995,Comedy,13,1.9230769230769231
213,211,Burnt By the Sun,1994,Drama,101,4.0594059405940595
214,212,Before the Rain,1994,Drama,23,4.217391304347826
215,213,Before Sunrise,1995,Drama|Romance,125,3.792
216,214,Billy Madison,1995,Comedy,289,3.190311418685121
217,215,The Babysitter,1995,Drama|Thriller,56,2.6607142857142856
218,216,Boys on the Side,1995,Comedy|Drama,153,3.150326797385621
219,217,The Cure,1995,Drama,20,3.05
220,218,Castle Freak,1995,Horror,25,1.68
222,219,Circle of Friends,1995,Drama|Romance,258,3.554263565891473
223,220,Clerks,1994,Comedy,1100,3.949090909090909
224,221,Don Juan DeMarco,1995,Comedy|Drama|Romance,308,3.4285714285714284
225,222,Disclosure,1994,Drama|Thriller,186,3.225806451612903
226,223,Dream Man,1995,Thriller,1,2.0
227,224,Drop Zone,1994,Action,107,2.6261682242990654
228,225,Destiny Turns on the Radio,1995,Comedy,10,2.1
229,226,Death and the Maiden,1994,Drama|Thriller,82,3.5853658536585367
230,227,Dolores Claiborne,1994,Drama|Thriller,268,3.4365671641791047
231,228,Dumb & Dumber,1994,Comedy,542,3.1826568265682655
232,229,Eat Drink Man Woman,1994,Comedy|Drama,269,4.074349442379182
233,230,Exotica,1994,Drama,194,3.6288659793814433
234,231,Exit to Eden,1994,Comedy,120,2.125
235,232,Ed Wood,1994,Comedy|Drama,725,3.6758620689655173
236,233,French Kiss,1995,Comedy|Romance,259,3.2664092664092665
237,234,Forget Paris,1995,Comedy|Romance,202,2.9207920792079207
238,235,Far From Home: The Adventures of Yellow Dog,1995,Adventure|Children's,25,2.76
239,236,A Goofy Movie,1995,Animation|Children's|Comedy|Romance,133,2.827067669172932
240,237,Hideaway,1995,Thriller,31,2.806451612903226
241,238,Fluke,1995,Children's|Drama,24,3.375
242,239,Farinelli: il castrato,1994,Drama|Musical,67,3.462686567164179
243,240,Gordy,1995,Comedy,5,2.0
244,241,Gumby: The Movie,1995,Animation|Children's,9,2.0
245,242,The Glass Shield,1994,Crime|Drama,9,3.111111111111111
246,243,Hoop Dreams,1994,Documentary,573,4.174520069808028
247,244,Heavenly Creatures,1994,Drama|Fantasy|Romance|Thriller,374,3.836898395721925
248,245,Houseguest,1994,Comedy,108,2.9166666666666665
249,246,Immortal Beloved,1994,Drama|Romance,207,3.743961352657005
250,247,Heavyweights,1994,Children's|Comedy,24,2.625
251,248,The Hunted,1995,Action,14,3.0
252,249,I.Q.,1994,Comedy|Romance,299,3.2441471571906355
253,250,Interview with the Vampire,1994,Drama|Horror,577,3.5407279029462737
254,251,Jefferson in Paris,1995,Drama,29,3.1724137931034484
255,252,The Jerky Boys,1994,Comedy,56,2.0714285714285716
256,253,Junior,1994,Comedy|Sci-Fi,179,2.7094972067039107
257,254,Just Cause,1995,Mystery|Thriller,88,3.2954545454545454
258,255,A Kid in King Arthur's Court,1995,Adventure|Children's|Comedy|Fantasy|Romance,126,2.4047619047619047
259,256,Kiss of Death,1995,Crime|Drama|Thriller,85,2.8941176470588235
260,257,Star Wars: Episode IV - A New Hope,1977,Action|Adventure|Fantasy|Sci-Fi,2400,4.440416666666667
261,258,Little Women,1994,Drama,224,3.6875
262,259,A Little Princess,1995,Children's|Drama,132,3.893939393939394
263,260,Ladybird Ladybird,1994,Drama,22,3.772727272727273
264,261,"Enfer, L'",1994,Drama,2,3.5
265,262,Like Water for Chocolate,1992,Drama|Romance,623,3.9309791332263244
266,263,Legends of the Fall,1994,Drama|Romance|War|Western,564,3.4397163120567376
267,264,Major Payne,1994,Comedy,108,2.7314814814814814
268,265,Little Odessa,1994,Drama,41,3.341463414634146
269,266,My Crazy Life,1993,Drama,44,3.5
270,267,Love Affair,1994,Drama|Romance,69,3.072463768115942
271,268,Losing Isaiah,1995,Drama,48,3.0833333333333335
272,269,The Madness of King George,1994,Drama,303,3.735973597359736
273,270,Mary Shelley's Frankenstein,1994,Drama|Horror,189,2.8624338624338623
274,271,Man of the House,1995,Comedy,22,2.3636363636363638
275,272,Mixed Nuts,1994,Comedy,59,2.4745762711864407
276,273,Milk Money,1994,Comedy|Romance,185,2.67027027027027
277,274,Miracle on 34th Street,1994,Drama,137,3.1824817518248176
278,275,Miami Rhapsody,1995,Comedy,32,2.78125
279,276,My Family,1995,Drama,37,3.918918918918919
280,277,Murder in the First,1995,Drama|Thriller,167,3.5808383233532934
281,278,Nobody's Fool,1994,Drama,181,3.6353591160220993
282,279,Nell,1994,Drama,177,3.1977401129943503
283,280,New Jersey Drive,1995,Crime|Drama,14,2.857142857142857
284,281,New York Cop,1996,Action|Crime,0,
285,282,Beyond Bedlam,1993,Drama|Horror,0,
286,283,Nemesis 2: Nebula,1995,Action|Sci-Fi|Thriller,0,
287,284,Nina Takes a Lover,1994,Comedy|Romance,19,3.0526315789473686
288,285,Natural Born Killers,1994,Action|Thriller,578,3.162629757785467
289,286,Only You,1994,Comedy|Romance,126,3.3015873015873014
290,287,Once Were Warriors,1994,Crime|Drama,142,3.9225352112676055
291,288,Poison Ivy II,1995,Thriller,41,2.1707317073170733
292,289,Outbreak,1995,Action|Drama|Thriller,579,3.307426597582038
293,290,The Professional,1994,Crime|Drama|Romance|Thriller,736,4.091032608695652
294,291,The Perez Family,1995,Comedy|Romance,27,3.074074074074074
295,292,A Pyromaniac's Love Story,1995,Comedy|Romance,23,2.652173913043478
296,293,Pulp Fiction,1994,Crime|Drama,1721,4.266124346310285
297,294,Panther,1995,Drama,20,3.05
298,295,Pushing Hands,1992,Comedy,20,3.9
299,296,Priest,1994,Drama,122,3.6721311475409837
300,297,Quiz Show,1994,Drama,561,3.7557932263814617
301,298,Picture Bride,1995,Drama|Romance,35,3.2857142857142856
302,299,Queen Margot,1994,Drama|Romance,68,3.7794117647058822
303,300,The Quick and the Dead,1995,Action|Adventure|Western,337,3.0029673590504453
304,301,Roommates,1995,Comedy|Drama,28,3.1785714285714284
305,302,Ready to Wear,1994,Comedy,105,2.5428571428571427
306,303,Three Colors: Red,1994,Drama,278,4.223021582733813
307,304,Three Colors: Blue,1993,Drama,197,4.096446700507614
308,305,Three Colors: White,1994,Drama,171,3.9590643274853803
309,306,"Red Firecracker, Green Firecracker",1994,Drama,36,3.861111111111111
310,307,Rent-a-Kid,1995,Comedy,6,2.6666666666666665
311,308,Relative Fear,1994,Horror|Thriller,0,
312,309,Stuart Saves His Family,1995,Comedy,89,2.359550561797753
313,310,The Swan Princess,1994,Animation|Children's,33,2.8181818181818183
314,311,The Secret of Roan Inish,1994,Drama,240,3.8291666666666666
315,312,The Specialist,1994,Action,124,2.6693548387096775
316,313,Stargate,1994,Action|Adventure|Sci-Fi,872,3.518348623853211
317,314,The Santa Clause,1994,Children's|Comedy|Fantasy,505,3.1881188118811883
318,315,The Shawshank Redemption,1994,Drama,1774,4.547350620067644
319,316,Shallow Grave,1994,Thriller,218,3.9174311926605503
320,317,Suture,1993,Film-Noir|Thriller,27,3.259259259259259
321,318,Strawberry and Chocolate,1993,Drama,48,3.8333333333333335
322,319,Swimming with Sharks,1995,Comedy|Drama,175,3.72
324,320,The Sum of Us,1994,Comedy,29,4.0
325,321,National Lampoon's Senior Trip,1995,Comedy,38,2.473684210526316
326,322,To Live,1994,Drama,54,4.314814814814815
327,323,Tank Girl,1995,Action|Comedy|Musical|Sci-Fi,290,2.6241379310344826
328,324,Tales From the Crypt Presents: Demon Knight,1995,Horror,110,3.1454545454545455
329,325,Star Trek: Generations,1994,Action|Adventure|Sci-Fi,789,3.378960709759189
330,326,Tales from the Hood,1995,Comedy|Horror,133,2.7969924812030076
331,327,Tom & Viv,1994,Drama,16,3.0
332,328,Village of the Damned,1995,Horror|Sci-Fi,131,2.5419847328244276
333,329,Tommy Boy,1995,Comedy,316,3.518987341772152
334,330,Vanya on 42nd Street,1994,Drama,98,3.826530612244898
335,331,The Underneath,1995,Mystery|Thriller,32,3.4375
336,332,The Walking Dead,1995,Drama|War,12,2.6666666666666665
337,333,What's Eating Gilbert Grape,1993,Drama,552,3.824275362318841
338,334,Virtuosity,1995,Sci-Fi|Thriller,170,2.888235294117647
339,335,While You Were Sleeping,1995,Comedy|Romance,540,3.498148148148148
340,336,The War,1994,Adventure|Drama,68,3.3676470588235294
341,337,Double Happiness,1994,Drama,24,3.75
342,338,Muriel's Wedding,1994,Comedy|Romance,421,3.691211401425178
343,339,The Baby-Sitters Club,1995,Children's,35,2.3714285714285714
344,340,Ace Ventura: Pet Detective,1994,Comedy,612,3.156862745098039
345,341,"The Adventures of Priscilla, Queen of the Desert",1994,Comedy|Drama,381,3.748031496062992
346,342,Backbeat,1993,Drama|Musical,101,3.4653465346534653
347,343,Bitter Moon,1992,Drama,41,3.2195121951219514
348,344,Bullets Over Broadway,1994,Comedy,373,3.6997319034852545
349,345,Clear and Present Danger,1994,Action|Adventure|Thriller,863,3.727694090382387
350,346,The Client,1994,Drama|Mystery|Thriller,428,3.411214953271028
351,347,"Corrina, Corrina",1994,Comedy|Drama|Romance,213,3.328638497652582
352,348,Crooklyn,1994,Comedy,95,3.0526315789473686
353,349,The Crow,1994,Action|Romance|Thriller,607,3.4316309719934104
354,350,Cobb,1994,Drama,54,3.185185185185185
355,351,The Flintstones,1994,Children's|Comedy,209,2.277511961722488
356,352,Forrest Gump,1994,Comedy|Romance|War,1727,4.093225246091488
357,353,Four Weddings and a Funeral,1994,Comedy|Romance,966,3.732919254658385
358,354,Higher Learning,1995,Drama,103,3.174757281553398
359,355,I Like It Like That,1994,Comedy|Drama|Romance,15,3.2
360,356,I Love Trouble,1994,Action|Comedy,92,2.5869565217391304
361,357,It Could Happen to You,1994,Drama|Romance,218,3.385321100917431
362,358,The Jungle Book,1994,Adventure|Children's|Romance,190,3.363157894736842
363,359,"The Wonderful, Horrible Life of Leni Riefenstahl",1993,Documentary,50,4.2
364,360,The Lion King,1994,Animation|Children's|Musical,915,3.8601092896174864
365,361,Little Buddha,1993,Drama,59,3.152542372881356
366,362,Wes Craven's New Nightmare,1994,Horror,197,2.796954314720812
367,363,The Mask,1994,Comedy|Crime|Fantasy,933,3.279742765273312
368,364,Maverick,1994,Action|Comedy|Western,632,3.5126582278481013
369,365,Mrs. Parker and the Vicious Circle,1994,Drama,49,3.306122448979592
370,366,Naked Gun 33 1/3: The Final Insult,1994,Comedy,336,2.869047619047619
371,367,The Paper,1994,Comedy|Drama,171,3.2046783625730995
372,368,Reality Bites,1994,Comedy|Drama,344,3.177325581395349
373,369,Red Rock West,1992,Thriller,207,3.8743961352657004
374,370,Richie Rich,1994,Children's|Comedy,148,2.081081081081081
375,371,Safe Passage,1994,Drama,14,3.2142857142857144
376,372,The River Wild,1994,Action|Thriller,282,3.2624113475177303
377,373,Speed,1994,Action|Romance|Thriller,1316,3.56838905775076
378,374,Speechless,1994,Comedy|Romance,109,2.834862385321101
379,375,Timecop,1994,Action|Sci-Fi,354,2.884180790960452
380,376,True Lies,1994,Action|Adventure|Comedy|Romance,1116,3.64247311827957
381,377,When a Man Loves a Woman,1994,Drama,158,3.3227848101265822
382,378,Wolf,1994,Drama|Horror,214,2.97196261682243
383,379,Wyatt Earp,1994,Western,214,3.2523364485981308
384,380,Bad Company,1995,Action,34,3.0294117647058822
385,381,A Man of No Importance,1994,Drama,8,3.25
386,382,S.F.W.,1994,Drama,24,2.4166666666666665
387,383,A Low Down Dirty Shame,1994,Action|Comedy,75,2.7866666666666666
388,384,Boys Life,1995,Drama,73,3.6027397260273974
389,385,"Colonel Chabert, Le",1994,Drama|Romance|War,13,3.4615384615384617
390,386,Faster Pussycat! Kill! Kill!,1965,Action|Comedy|Drama,50,3.54
391,387,Jason's Lyric,1994,Crime|Drama,34,3.2058823529411766
392,388,The Secret Adventures of Tom Thumb,1993,Adventure|Children's,18,2.7222222222222223
393,389,Street Fighter,1994,Action,82,1.853658536585366
394,390,Coldblooded,1995,Action,14,3.5714285714285716
395,391,Desert Winds,1995,Drama,0,
396,392,Fall Time,1995,Drama,1,4.0
397,393,The Fear,1995,Horror,10,2.4
398,394,Frank and Ollie,1995,Documentary,1,4.0
399,395,Girl in the Cadillac,1995,Drama,0,
400,396,Homage,1995,Drama,0,
401,397,Mirage,1995,Action|Thriller,2,3.0
402,398,Open Season,1996,Comedy,0,
403,399,Two Crimes,1995,Comedy|Crime|Drama,0,
404,400,Brother Minister: The Assassination of Malcolm X,1994,Documentary,4,3.75
405,401,Highlander III: The Sorcerer,1994,Action|Sci-Fi,163,2.1165644171779143
406,402,Federal Hill,1994,Drama,4,4.0
407,403,In the Mouth of Madness,1995,Horror|Thriller,161,2.9627329192546585
408,404,8 Seconds,1994,Drama,55,3.327272727272727
409,405,Above the Rim,1994,Drama,39,3.0
410,406,Addams Family Values,1993,Comedy,369,2.9051490514905147
411,407,You So Crazy,1994,Comedy,11,2.4545454545454546
412,408,The Age of Innocence,1993,Drama,227,3.5726872246696035
413,409,Airheads,1994,Comedy,190,2.4894736842105263
414,410,The Air Up There,1994,Comedy,75,2.64
415,411,Another Stakeout,1993,Comedy|Thriller,139,2.4532374100719423
416,412,Bad Girls,1994,Western,73,2.4657534246575343
417,413,Barcelona,1994,Comedy|Romance,163,3.4539877300613497
418,414,Being Human,1993,Drama,20,2.2
419,415,The Beverly Hillbillies,1993,Comedy,125,2.224
420,416,Beverly Hills Cop III,1994,Action|Comedy,286,2.4755244755244754
421,417,Black Beauty,1994,Adventure|Children's,78,3.3461538461538463
422,418,Blink,1994,Thriller,43,3.0930232558139537
423,419,Blown Away,1994,Action|Thriller,185,3.1297297297297297
424,420,Blue Chips,1994,Drama,56,2.5535714285714284
425,421,Blue Sky,1994,Drama|Romance,87,3.6436781609195403
426,422,Body Snatchers,1993,Horror|Sci-Fi|Thriller,207,3.0628019323671496
427,423,Boxing Helena,1993,Mystery|Romance|Thriller,133,2.3759398496240602
428,424,A Bronx Tale,1993,Drama,204,3.9558823529411766
429,425,Cabin Boy,1994,Comedy,148,2.425675675675676
430,426,Calendar Girl,1993,Drama,14,2.4285714285714284
431,427,Carlito's Way,1993,Crime|Drama,302,3.7152317880794703
432,428,City Slickers II: The Legend of Curly's Gold,1994,Comedy|Western,316,2.607594936708861
433,429,Clean Slate,1994,Comedy,41,2.8292682926829267
434,430,Cliffhanger,1993,Action|Adventure|Crime,536,3.0634328358208953
435,431,Coneheads,1993,Comedy|Sci-Fi,419,2.6181384248210025
436,432,Color of Night,1994,Drama|Thriller,113,2.743362831858407
437,433,Cops and Robbersons,1994,Comedy,55,2.0545454545454547
438,434,The Cowboy Way,1994,Action|Comedy,118,2.6271186440677967
439,435,Dangerous Game,1993,Drama,1,5.0
440,436,Dave,1993,Comedy|Romance,751,3.817576564580559
441,437,Dazed and Confused,1993,Comedy,511,3.696673189823875
442,438,Demolition Man,1993,Action|Sci-Fi,517,2.9690522243713735
443,439,The Endless Summer 2,1994,Documentary,27,3.4444444444444446
444,440,Even Cowgirls Get the Blues,1993,Comedy|Romance,66,2.196969696969697
445,441,Fatal Instinct,1993,Comedy,80,2.5375
446,442,Farewell My Concubine,1993,Drama|Romance,214,4.107476635514018
447,443,The Favor,1994,Comedy|Romance,24,2.2916666666666665
448,444,Fearless,1993,Drama,182,3.631868131868132
449,445,Fear of a Black Hat,1993,Comedy,57,3.6666666666666665
450,446,With Honors,1994,Comedy|Drama,188,3.2872340425531914
451,447,Flesh and Bone,1993,Drama|Mystery|Romance,88,3.159090909090909
452,448,Widows' Peak,1994,Drama,34,3.2941176470588234
453,449,For Love or Money,1993,Comedy,53,3.169811320754717
454,450,The Firm,1993,Drama|Thriller,671,3.5439642324888228
455,451,Free Willy,1993,Adventure|Children's|Drama,229,2.576419213973799
456,452,Fresh,1994,Drama,80,3.9875
457,453,The Fugitive,1993,Action|Thriller,1572,4.101145038167939
458,454,Geronimo: An American Legend,1993,Drama|Western,75,3.2133333333333334
459,455,The Getaway,1994,Action,116,2.7758620689655173
460,456,Getting Even with Dad,1994,Comedy,32,2.15625
461,457,Go Fish,1994,Drama|Romance,66,3.303030303030303
462,458,A Good Man in Africa,1994,Action|Adventure,26,2.730769230769231
463,459,Guilty as Sin,1993,Crime|Drama|Thriller,31,2.806451612903226
464,460,Hard Target,1993,Action|Adventure|Crime|Thriller,173,2.7341040462427744
465,461,Heaven & Earth,1993,Action|Drama|War,85,3.3058823529411763
466,462,Hot Shots! Part Deux,1993,Action|Comedy|War,458,2.7903930131004366
467,463,Live Nude Girls,1995,Comedy,42,3.238095238095238
468,464,"The Englishman Who Went Up a Hill, But Came Down a Mountain",1995,Comedy|Romance,291,3.29553264604811
469,465,The House of the Spirits,1993,Drama|Romance,61,2.9836065573770494
470,466,House Party 3,1994,Comedy,33,1.696969696969697
471,467,The Hudsucker Proxy,1994,Comedy|Romance,476,3.653361344537815
472,468,I'll Do Anything,1994,Comedy|Drama,36,2.7777777777777777
473,469,In the Army Now,1994,Comedy|War,117,2.230769230769231
474,470,In the Line of Fire,1993,Action|Thriller,780,3.817948717948718
475,471,In the Name of the Father,1993,Drama,248,3.9153225806451615
476,472,The Inkwell,1994,Comedy|Drama,29,2.586206896551724
477,473,What's Love Got to Do with It?,1993,Drama,159,3.547169811320755
478,474,Jimmy Hollywood,1994,Comedy,19,2.526315789473684
479,475,Judgment Night,1993,Action,108,2.7314814814814814
480,476,Jurassic Park,1993,Action|Adventure|Sci-Fi,2120,3.7523584905660377
481,477,Kalifornia,1993,Drama|Thriller,228,3.337719298245614
482,478,Killing Zoe,1994,Thriller,143,3.5104895104895104
483,479,King of the Hill,1993,Drama,62,3.7580645161290325
484,480,Lassie,1994,Adventure|Children's,24,2.6666666666666665
485,481,Last Action Hero,1993,Action|Comedy,412,2.4975728155339807
486,482,Life with Mikey,1993,Comedy,52,2.9038461538461537
487,483,Lightning Jack,1994,Comedy|Western,50,2.66
488,484,M. Butterfly,1993,Drama,31,3.4838709677419355
489,485,Made in America,1993,Comedy,83,2.4457831325301207
490,486,Malice,1993,Thriller,156,3.3461538461538463
491,487,The Man Without a Face,1993,Drama,169,3.337278106508876
492,488,Manhattan Murder Mystery,1993,Comedy|Mystery,278,3.7014388489208634
493,489,Menace II Society,1993,Action|Crime|Drama,247,3.611336032388664
494,490,Executive Decision,1996,Action|Thriller,326,3.3067484662576687
495,491,In the Realm of the Senses,1976,Drama,37,3.4864864864864864
496,492,What Happened Was...,1994,Comedy|Drama|Romance,22,3.090909090909091
497,493,Much Ado About Nothing,1993,Comedy|Romance,523,3.988527724665392
498,494,Mr. Jones,1993,Drama|Romance,36,2.7777777777777777
499,495,Mr. Wonderful,1993,Comedy|Romance,39,2.7948717948717947
500,496,Mrs. Doubtfire,1993,Comedy,694,3.414985590778098
501,497,Naked,1993,Drama,81,3.5925925925925926
502,498,The Next Karate Kid,1994,Action|Children's,135,1.9481481481481482
503,499,The New Age,1994,Drama,10,3.7
504,500,No Escape,1994,Action|Sci-Fi,142,2.8943661971830985
505,501,North,1994,Comedy,50,2.48
506,502,Orlando,1993,Drama,90,3.4555555555555557
507,503,A Perfect World,1993,Action|Drama,244,3.4959016393442623
508,504,Philadelphia,1993,Drama,441,3.870748299319728
509,505,The Piano,1993,Drama|Romance,494,3.6214574898785425
510,506,Poetic Justice,1993,Drama,33,2.4545454545454546
511,507,The Program,1993,Action|Drama,125,3.104
512,508,Robert A. Heinlein's The Puppet Masters,1994,Horror|Sci-Fi,138,2.8333333333333335
513,509,Radioland Murders,1994,Comedy|Mystery|Romance,58,3.1379310344827585
514,510,The Ref,1994,Comedy,269,3.587360594795539
515,511,The Remains of the Day,1993,Drama,361,3.897506925207756
516,512,Renaissance Man,1994,Comedy|Drama|War,203,2.876847290640394
517,513,Rising Sun,1993,Action|Drama|Mystery,305,3.2
518,514,The Road to Wellville,1994,Comedy,115,2.4521739130434783
519,515,Robocop 3,1993,Sci-Fi|Thriller,153,1.9673202614379084
520,516,Robin Hood: Men in Tights,1993,Comedy,294,2.9047619047619047
521,517,Romeo Is Bleeding,1993,Crime|Thriller,88,3.375
522,518,Romper Stomper,1992,Action|Drama,69,3.463768115942029
523,519,Ruby in Paradise,1993,Drama,80,3.6875
524,520,Rudy,1993,Drama,396,3.606060606060606
525,521,The Saint of Fort Washington,1993,Drama,19,3.263157894736842
526,522,Savage Nights,1992,Drama,6,2.5
527,523,Schindler's List,1993,Drama|War,1807,4.505810736026564
528,524,The Scout,1994,Drama,59,2.5084745762711864
529,525,Searching for Bobby Fischer,1993,Drama,567,3.9594356261022927
530,526,Second Best,1994,Drama,1,3.0
531,527,The Secret Garden,1993,Children's|Drama,280,3.7464285714285714
532,528,Serial Mom,1994,Comedy|Crime|Horror,300,3.0533333333333332
533,529,The Shadow,1994,Action,163,2.7484662576687118
534,530,Shadowlands,1993,Drama|Romance,219,3.8401826484018264
535,531,Short Cuts,1993,Drama,245,3.8
536,532,A Simple Twist of Fate,1994,Drama,39,3.3076923076923075
537,533,Sirens,1994,Comedy|Drama,165,3.084848484848485
538,534,Six Degrees of Separation,1993,Drama,252,3.8293650793650795
539,535,Sleepless in Seattle,1993,Comedy|Romance,808,3.733910891089109
540,536,Sliver,1993,Thriller,141,2.1773049645390072
541,537,Blade Runner,1982,Film-Noir|Sci-Fi,1451,4.27222605099931
542,538,Son in Law,1993,Comedy,161,2.68944099378882
543,539,So I Married an Axe Murderer,1993,Comedy|Romance|Thriller,534,3.411985018726592
544,540,Striking Distance,1993,Action,102,2.607843137254902
545,541,Harlem,1993,Drama,1,2.0
546,542,Super Mario Bros.,1993,Action|Adventure|Children's|Sci-Fi,284,1.8908450704225352
547,543,Surviving the Game,1994,Action|Adventure|Thriller,91,2.89010989010989
548,544,Terminal Velocity,1994,Action,107,2.532710280373832
549,545,Thirty-Two Short Films About Glenn Gould,1993,Documentary,123,3.8780487804878048
550,546,Threesome,1994,Comedy|Romance,145,3.013793103448276
551,547,The Nightmare Before Christmas,1993,Children's|Comedy|Musical,771,3.6990920881971467
552,548,The Three Musketeers,1993,Action|Adventure|Comedy,420,3.2285714285714286
553,549,Tombstone,1993,Western,459,3.893246187363834
554,550,Trial by Jury,1994,Thriller,24,2.7083333333333335
555,551,True Romance,1993,Action|Crime|Romance,518,3.9536679536679538
556,552,The War Room,1993,Documentary,103,4.194174757281553
557,553,Mamma Roma,1962,Drama,1,5.0
558,554,The Pagemaster,1994,Action|Adventure|Animation|Children's|Fantasy,109,2.706422018348624
559,555,"Paris, France",1993,Comedy,4,2.5
560,556,"The Beans of Egypt, Maine",1994,Drama,7,3.5714285714285716
561,557,Killer,1994,Thriller,10,3.6
562,558,Welcome to the Dollhouse,1995,Comedy|Drama,380,3.805263157894737
563,559,Germinal,1993,Drama,12,3.3333333333333335
564,560,Chasers,1994,Comedy,35,2.2285714285714286
565,561,Cronos,1992,Horror,50,3.08
566,562,Naked in New York,1994,Comedy|Romance,11,2.727272727272727
567,563,Kika,1993,Drama,13,3.6153846153846154
568,564,Bhaji on the Beach,1993,Comedy|Drama,27,3.888888888888889
569,565,Little Big League,1994,Children's|Comedy,76,2.9078947368421053
570,566,The Slingshot,1993,Comedy|Drama,20,3.25
571,567,The Wedding Gift,1994,Drama,27,3.6296296296296298
572,568,Foreign Student,1994,Drama,2,3.0
573,569,"Ciao, Professore!",1993,Drama,16,3.3125
574,570,Spanking the Monkey,1994,Comedy|Drama,141,3.4539007092198584
575,571,The Little Rascals,1994,Children's|Comedy,85,2.7529411764705882
576,572,Fausto,1993,Comedy,1,3.0
577,573,Andre,1994,Adventure|Children's,43,2.953488372093023
578,574,The Hour of the Pig,1993,Drama|Mystery,2,4.5
579,575,"Scorta, La",1993,Thriller,1,2.0
580,576,Princess Caraboo,1994,Drama,52,3.3076923076923075
581,577,The Celluloid Closet,1995,Documentary,116,4.077586206896552
582,578,Metisse,1993,Comedy,2,3.0
583,579,Dear Diary,1994,Comedy|Drama,26,3.6538461538461537
584,580,I Don't Want to Talk About It,1993,Drama,0,
585,581,The Brady Bunch Movie,1995,Comedy,345,2.881159420289855
586,582,Home Alone,1990,Children's|Comedy,525,3.144761904761905
587,583,Ghost,1990,Comedy|Romance|Thriller,899,3.507230255839822
588,584,Aladdin,1992,Animation|Children's|Comedy|Musical,1069,3.7970065481758652
589,585,Terminator 2: Judgment Day,1991,Action|Sci-Fi|Thriller,2153,4.057594054807246
590,586,Dances with Wolves,1990,Adventure|Drama|Western,1148,3.922473867595819
591,587,Tough and Deadly,1995,Action|Drama|Thriller,1,3.0
592,588,Batman,1989,Action|Adventure|Crime|Drama,1137,3.6209322779243625
593,589,The Silence of the Lambs,1991,Drama|Thriller,2051,4.330082886396879
594,590,Snow White and the Seven Dwarfs,1937,Animation|Children's|Musical,609,3.8555008210180626
595,591,Beauty and the Beast,1991,Animation|Children's|Musical,861,3.869918699186992
596,592,Pinocchio,1940,Animation|Children's,398,3.741206030150754
597,593,Pretty Woman,1990,Comedy|Romance,841,3.6373365041617123
598,594,Window to Paris,1994,Comedy,4,4.0
599,595,The Wild Bunch,1969,Western,208,4.168269230769231
600,596,Love and a .45,1994,Thriller,24,2.75
601,597,The Wooden Man's Bride,1994,Drama,1,3.0
602,598,A Great Day in Harlem,1994,Documentary,35,4.257142857142857
603,599,"Bye Bye, Love",1995,Comedy,41,2.902439024390244
604,600,Criminals,1996,Documentary,0,
605,601,One Fine Day,1996,Drama|Romance,189,3.291005291005291
606,602,Candyman: Farewell to the Flesh,1995,Horror,74,2.2432432432432434
607,603,Century,1993,Drama,2,2.0
608,604,Fargo,1996,Crime|Drama|Thriller,1974,4.244174265450861
609,605,Homeward Bound II: Lost in San Francisco,1996,Adventure|Children's,47,2.702127659574468
610,606,Heavy Metal,1981,Action|Adventure|Animation|Horror|Sci-Fi,503,3.566600397614314
611,607,Hellraiser: Bloodline,1996,Action|Horror|Sci-Fi,171,2.4210526315789473
612,608,The Pallbearer,1996,Comedy,65,2.3692307692307693
613,609,Jane Eyre,1996,Drama|Romance,63,3.6507936507936507
614,610,Loaded,1994,Drama|Thriller,7,2.4285714285714284
615,611,Bread and Chocolate,1973,Drama,50,4.02
616,612,The Aristocats,1970,Animation|Children's,225,3.368888888888889
617,613,The Flower of My Secret,1995,Drama,16,3.5625
618,614,Two Much,1996,Comedy|Romance,7,2.0
619,615,Ed,1996,Comedy,22,2.3636363636363638
620,616,Scream of Stone,1991,Drama,0,
621,617,My Favorite Season,1993,Drama,37,3.7567567567567566
623,618,A Modern Affair,1995,Romance,3,3.0
624,619,Condition Red,1995,Action|Drama|Thriller,1,4.0
625,620,Asfour Stah,1990,Drama,0,
626,621,A Thin Line Between Love and Hate,1996,Comedy,13,2.6153846153846154
627,622,The Last Supper,1995,Drama|Thriller,99,3.585858585858586
628,623,Primal Fear,1996,Drama|Thriller,380,3.8710526315789475
629,624,Rude,1995,Drama,0,
630,625,Carried Away,1996,Drama|Romance,4,3.5
631,626,All Dogs Go to Heaven 2,1996,Animation|Children's|Musical,57,2.1403508771929824
632,627,Land and Freedom,1995,War,10,4.1
633,628,Denise Calls Up,1995,Comedy,17,3.6470588235294117
634,629,Theodore Rex,1995,Comedy,3,1.6666666666666667
635,630,A Family Thing,1996,Comedy|Drama,61,3.6557377049180326
636,631,Frisk,1995,Drama,0,
637,632,Sgt. Bilko,1996,Comedy,120,2.5416666666666665
638,633,Jack and Sarah,1995,Romance,17,3.1176470588235294
639,634,Girl 6,1996,Comedy,66,2.606060606060606
640,635,Diabolique,1996,Drama|Thriller,55,2.672727272727273
641,636,"Little Indian, Big City",1994,Comedy,1,1.0
642,637,Roula,1995,Drama,1,2.0
643,638,Peanuts - Die Bank zahlt alles,1996,Comedy,2,2.0
644,639,Happy Weekend,1996,Comedy,1,2.0
645,640,Nelly & Monsieur Arnaud,1995,Drama,16,3.375
647,641,Courage Under Fire,1996,Drama|War,345,3.5652173913043477
648,642,Mission: Impossible,1996,Action|Adventure|Mystery,1220,3.4508196721311477
649,643,Cold Fever,1994,Comedy|Drama,9,4.111111111111111
650,644,Moll Flanders,1996,Drama,74,3.5
651,645,"Superweib, Das",1996,Comedy,1,2.0
652,646,"301, 302",1995,Mystery,6,3.1666666666666665
653,647,Dragonheart,1996,Action|Adventure|Fantasy,500,3.248
654,648,Und keiner weint mir nach,1996,Drama|Romance,0,
655,649,Mutters Courage,1995,Comedy,1,1.0
656,650,Eddie,1996,Comedy,35,2.4857142857142858
657,651,Yankee Zulu,1994,Comedy|Drama,1,3.0
658,652,Billy's Holiday,1995,Drama,0,
659,653,Purple Noon,1960,Crime|Thriller,24,3.6666666666666665
660,654,August,1996,Drama,1,2.0
661,655,James and the Giant Peach,1996,Animation|Children's|Musical,401,3.466334164588529
662,656,Fear,1996,Thriller,103,3.0
663,657,Kids in the Hall: Brain Candy,1996,Comedy,211,3.3981042654028437
664,658,Faithful,1996,Comedy,6,3.1666666666666665
665,659,Underground,1995,War,29,3.7241379310344827
666,660,All Things Fair,1996,Drama,1,5.0
667,661,Bloodsport 2,1995,Action,37,2.054054054054054
668,662,Pather Panchali,1955,Drama,39,4.435897435897436
669,663,Aparajito,1956,Drama,17,3.9411764705882355
670,664,The World of Apu,1959,Drama,44,4.363636363636363
671,665,Mystery Science Theater 3000: The Movie,1996,Comedy|Sci-Fi,357,3.708683473389356
672,666,Tarantella,1995,Drama,2,2.0
673,667,Space Jam,1996,Adventure|Animation|Children's|Comedy|Fantasy,437,2.654462242562929
674,668,Barbarella,1968,Adventure|Sci-Fi,317,3.0189274447949526
675,669,Hostile Intentions,1994,Action|Drama|Thriller,0,
676,670,They Bite,1996,Drama,0,
678,671,Some Folks Call It a Sling Blade,1993,Drama|Thriller,250,4.236
679,672,The Run of the Country,1995,Drama,2,3.5
680,673,Alphaville,1965,Sci-Fi,49,3.3877551020408165
681,674,Clean Slate,1981,Crime,13,3.8461538461538463
682,675,Tigrero: A Film That Was Never Made,1994,Documentary|Drama,3,3.3333333333333335
683,676,The Eye of Vichy,1993,Documentary,0,
684,677,Windows,1980,Drama,1,1.0
685,678,It's My Party,1995,Drama,22,3.1363636363636362
687,679,Country Life,1994,Drama|Romance,3,3.0
688,680,Operation Dumbo Drop,1995,Action|Adventure|Comedy|War,169,2.289940828402367
690,681,The Promise,1994,Romance,2,2.0
691,682,Mrs. Winterbourne,1996,Comedy|Romance,96,3.1666666666666665
692,683,Solo,1996,Action|Sci-Fi|Thriller,89,2.146067415730337
693,684,Under the Domin Tree,1994,Drama,0,
694,685,The Substitute,1996,Action,104,2.6346153846153846
695,686,True Crime,1995,Mystery|Thriller,106,3.19811320754717
696,687,Butterfly Kiss,1995,Thriller,3,2.6666666666666665
697,688,Feeling Minnesota,1996,Drama|Romance,68,2.5294117647058822
698,689,Delta of Venus,1994,Drama,5,2.2
699,690,To Cross the Rubicon,1991,Drama,0,
700,691,Angus,1995,Comedy,114,3.3333333333333335
701,692,Daens,1992,Drama,1,4.0
702,693,Faces,1968,Drama,21,3.6666666666666665
703,694,Boys,1996,Drama,7,1.7142857142857142
704,695,The Quest,1996,Action|Adventure,32,2.375
705,696,Cosi,1996,Comedy,27,3.888888888888889
706,697,Sunset Park,1996,Drama,1,1.0
707,698,Mulholland Falls,1996,Crime|Film-Noir|Thriller,209,3.0334928229665072
708,699,The Truth About Cats & Dogs,1996,Comedy|Romance,535,3.433644859813084
709,700,Oliver & Company,1988,Animation|Children's,114,3.043859649122807
710,701,Celtic Pride,1996,Comedy,41,2.3658536585365852
711,702,Flipper,1996,Adventure|Children's,55,2.5090909090909093
712,703,Captives,1994,Drama,1,4.0
713,704,Of Love and Shadows,1994,Drama,0,
714,705,Dead Man,1995,Western,120,3.85
715,706,The Horseman on the Roof,1995,Drama,41,3.658536585365854
716,707,Switchblade Sisters,1975,Crime,26,2.6923076923076925
717,708,Mouth to Mouth,1995,Comedy,1,4.0
718,709,The Visitors,1993,Comedy|Sci-Fi,23,3.347826086956522
719,710,Multiplicity,1996,Comedy,182,2.840659340659341
720,711,Wallace & Gromit: The Best of Aardman Animation,1996,Animation,343,4.393586005830904
721,712,Halfmoon,1995,Drama,0,
722,713,The Haunted World of Edward D. Wood Jr.,1995,Documentary,23,3.8260869565217392
723,714,Two Friends,1986,Drama,0,
724,715,The Craft,1996,Drama|Horror,327,3.070336391437309
725,716,The Great White Hype,1996,Comedy,74,2.7837837837837838
726,717,Last Dance,1996,Drama,8,3.0
727,718,War Stories,1995,Documentary,0,
728,719,Cold Comfort Farm,1995,Comedy,166,3.7710843373493974
729,720,"Institute Benjamenta, or This Dream People Call Human Life",1995,Drama,2,3.5
730,721,The Low Life,1994,Drama,1,1.0
731,722,Heaven's Prisoners,1996,Mystery|Thriller,34,2.8823529411764706
732,723,Original Gangstas,1996,Crime,6,2.8333333333333335
733,724,The Rock,1996,Action|Adventure|Thriller,1060,3.741509433962264
734,725,Getting Away With Murder,1996,Comedy,3,3.0
735,726,Cemetery Man,1994,Comedy|Horror,77,3.4415584415584415
736,727,Twister,1996,Action|Adventure|Romance|Thriller,891,3.1582491582491583
737,728,Barb Wire,1996,Action|Sci-Fi,239,2.00836820083682
738,729,"Garcu, Le",1995,Drama,0,
739,730,Honigmond,1996,Comedy,0,
741,731,Ghost in the Shell,1995,Animation|Sci-Fi,242,4.132231404958677
742,732,Thinner,1996,Horror|Thriller,134,2.485074626865672
743,733,Spy Hard,1996,Comedy,89,2.5842696629213484
744,734,Brothers in Trouble,1995,Drama,2,2.5
745,735,A Close Shave,1995,Animation|Comedy|Thriller,512,4.521484375
746,736,Force of Evil,1948,Film-Noir,21,3.9523809523809526
747,737,The Stupids,1996,Comedy,40,1.95
748,738,The Arrival,1996,Action|Sci-Fi|Thriller,338,3.1597633136094676
749,739,The Man from Down Under,1943,Drama,2,3.0
750,740,Dr. Strangelove or: How I Learned to Stop Worrying and Love the Bomb,1963,Sci-Fi|War,1096,4.458029197080292
751,741,Careful,1992,Comedy,12,3.8333333333333335
752,742,Vermont Is For Lovers,1992,Comedy|Romance,0,
753,743,A Month by the Lake,1995,Comedy|Drama,29,3.1379310344827585
754,744,Gold Diggers: The Secret of Bear Mountain,1995,Adventure|Children's,9,3.0
755,745,Kim,1950,Children's|Drama,7,3.7142857142857144
756,746,Carmen Miranda: Bananas Is My Business,1994,Documentary,2,2.5
757,747,Ashes of Time,1994,Drama,4,3.75
758,748,The Jar,1992,Drama,1,4.0
759,749,Maya Lin: A Strong Clear Vision,1994,Documentary,50,4.24
760,750,Stalingrad,1993,War,27,3.4814814814814814
761,751,The Phantom,1996,Adventure,103,2.737864077669903
762,752,Striptease,1996,Comedy|Crime,238,2.1512605042016806
763,753,The Last of the High Kings,1996,Drama,1,3.0
764,754,Heavy,1995,Drama|Romance,57,3.2982456140350878
765,755,Jack,1996,Comedy|Drama,144,2.576388888888889
766,756,I Shot Andy Warhol,1996,Drama,84,3.5714285714285716
767,757,The Grass Harp,1995,Drama,16,3.1875
768,758,Someone Else's America,1995,Drama,0,
769,759,Marlene Dietrich: Shadow and Light,1996,Documentary,8,2.875
770,760,Costa Brava,1946,Drama,0,
771,761,"Vie est belle, La",1987,Comedy|Drama,14,3.642857142857143
772,762,Quartier Mozart,1992,Comedy,0,
773,763,Touki Bouki,1973,Drama,0,
774,764,Wend Kuuni,1982,Drama,1,4.0
775,765,Spirits of the Dead,1968,Horror,8,3.25
776,766,Babyfever,1994,Comedy|Drama,2,3.5
777,767,Pharaoh's Army,1995,War,0,
778,768,Trainspotting,1996,Drama,591,3.9712351945854483
779,769,'Til There Was You,1997,Drama|Romance,42,2.761904761904762
780,770,Independence Day,1996,Action|Sci-Fi|War,1381,3.5199131064446054
781,771,Stealing Beauty,1996,Drama,87,3.3448275862068964
782,772,The Fan,1996,Thriller,120,2.575
783,773,The Hunchback of Notre Dame,1996,Animation|Children's|Musical,295,3.23728813559322
784,774,The Cable Guy,1996,Comedy,291,2.7663230240549828
785,775,Kingpin,1996,Comedy,607,3.4761120263591434
786,776,Eraser,1996,Action|Thriller,356,3.0758426966292136
787,777,The Gate of Heavenly Peace,1995,Documentary,2,5.0
788,778,The Nutty Professor,1996,Comedy|Fantasy|Romance|Sci-Fi,755,2.9947019867549667
789,779,"I, Worst of All",1990,Drama,1,2.0
790,780,An Unforgettable Summer,1994,Drama,1,3.0
791,781,"The Last Klezmer: Leopold Kozlowski, His Life and Music",1995,Documentary,2,3.5
792,782,A Hungarian Fairy Tale,1987,Fantasy,1,4.0
793,783,My Life and Times With Antonin Artaud,1993,Drama,7,2.7142857142857144
794,784,Midnight Dancers,1994,Comedy|Drama,0,
795,785,Somebody to Love,1994,Drama,0,
796,786,A Very Natural Thing,1974,Drama,1,4.0
797,787,The Old Lady Who Walked in the Sea,1991,Comedy,0,
798,788,Daylight,1996,Action|Adventure|Thriller,147,2.727891156462585
799,789,The Frighteners,1996,Comedy|Horror,266,3.3759398496240602
800,790,Lone Star,1996,Drama|Mystery,508,4.041338582677166
801,791,Harriet the Spy,1996,Children's|Comedy,96,3.0833333333333335
802,792,Phenomenon,1996,Drama|Romance,346,3.508670520231214
803,793,Walking and Talking,1996,Romance,49,3.63265306122449
804,794,She's the One,1996,Comedy|Romance,188,3.015957446808511
805,795,A Time to Kill,1996,Drama,286,3.5804195804195804
806,796,American Buffalo,1996,Drama,47,3.1702127659574466
807,797,Rendezvous in Paris,1995,Comedy|Romance,11,2.8181818181818183
808,798,Alaska,1996,Adventure|Children's,36,3.4166666666666665
809,799,Fled,1996,Action|Adventure,84,2.511904761904762
810,800,Kazaam,1996,Children's|Comedy|Fantasy,99,1.4141414141414141
811,801,"Bewegte Mann, Der",1994,Comedy,8,4.0
812,802,Magic Hunter,1994,Drama,0,
813,803,Larger Than Life,1996,Comedy,34,2.5
814,804,A Boy Called Hate,1995,Drama,0,
815,805,Power 98,1995,Action|Mystery|Thriller,6,2.0
816,806,Two Deaths,1995,Drama,0,
818,807,A Very Brady Sequel,1996,Comedy,154,2.5584415584415585
819,808,Stefano Quantestorie,1993,Comedy|Drama,0,
820,809,Death in the Garden,1956,Drama,3,4.0
821,810,The Crude Oasis,1995,Romance,2,2.0
822,811,Hedd Wyn,1992,Drama,0,
823,812,"Collectionneuse, La",1967,Drama,3,4.0
824,813,Kaspar Hauser,1993,Drama,25,3.96
825,814,Echte Kerle,1996,Comedy|Romance,0,
826,815,Diebinnen,1995,Drama,1,1.0
827,816,The Convent,1995,Drama,2,3.0
828,817,The Adventures of Pinocchio,1996,Adventure|Children's,44,2.8181818181818183
829,818,Joe's Apartment,1996,Comedy|Musical,104,2.230769230769231
830,819,The First Wives Club,1996,Comedy,228,2.973684210526316
831,820,Stonewall,1995,Drama,15,3.8
832,821,Ransom,1996,Drama|Thriller,459,3.47276688453159
833,822,High School High,1996,Comedy,56,2.0892857142857144
834,823,Phat Beach,1996,Comedy,3,1.6666666666666667
835,824,Foxfire,1996,Drama,84,3.2023809523809526
836,825,Chain Reaction,1996,Action|Adventure|Thriller,190,2.6
837,826,Matilda,1996,Children's|Comedy,183,3.4972677595628414
838,827,Emma,1996,Comedy|Drama|Romance,380,3.876315789473684
839,828,The Crow: City of Angels,1996,Action|Thriller,108,2.212962962962963
840,829,House Arrest,1996,Comedy,39,2.6923076923076925
841,830,Eyes Without a Face,1959,Horror,20,3.35
842,831,Tales from the Crypt Presents: Bordello of Blood,1996,Horror,128,2.640625
843,832,Lotto Land,1995,Drama,1,1.0
844,833,The Story of Xinghua,1993,Drama,7,3.5714285714285716
845,834,The Day the Sun Turned Cold,1994,Drama,0,
846,835,Flirt,1995,Drama,32,3.65625
847,836,The Big Squeeze,1996,Comedy|Drama,5,2.0
848,837,The Spitfire Grill,1996,Drama,125,3.456
849,838,Escape from L.A.,1996,Action|Adventure|Sci-Fi|Thriller,418,2.550239234449761
850,839,Cyclo,1995,Crime|Drama,24,3.7083333333333335
851,840,Basquiat,1996,Drama,107,3.485981308411215
852,841,Tin Cup,1996,Comedy|Romance,507,3.2209072978303745
853,842,Dingo,1992,Drama,3,4.0
854,843,The Ballad of Narayama,1958,Drama,5,3.8
855,844,Every Other Weekend,1990,Drama,0,
856,845,Mille bolle blu,1993,Comedy,0,
857,846,Crows and Sparrows,1949,Drama,0,
858,847,The Godfather,1972,Action|Crime|Drama,1770,4.531073446327683
859,848,The Hippie Revolution,1996,Documentary,1,2.0
860,849,"Maybe, Maybe Not",1994,Comedy,7,3.7142857142857144
861,850,Supercop,1992,Action|Thriller,210,3.538095238095238
862,851,Manny & Lo,1996,Drama,24,3.75
863,852,Celestial Clockwork,1994,Comedy,8,3.5
864,853,The Wife,1995,Comedy|Drama,9,3.888888888888889
865,854,Small Faces,1995,Drama,1,2.0
866,855,Bound,1996,Crime|Drama|Romance|Thriller,455,3.8065934065934064
867,856,Carpool,1996,Comedy|Crime,22,2.1818181818181817
868,857,Death in Brunswick,1991,Comedy,1,3.0
869,858,Kansas City,1996,Crime,33,3.242424242424242
870,859,Gone Fishin',1997,Comedy,38,2.0789473684210527
871,860,Lover's Knot,1996,Comedy,0,
872,861,Aiqing wansui,1994,Drama,0,
873,862,Shadow of Angels,1976,Drama,0,
874,863,Killer: A Journal of Murder,1995,Crime|Drama,7,3.0
875,864,Nothing to Lose,1994,Drama,34,3.235294117647059
876,865,Police Story 4: Project S,1993,Action,15,3.0
877,866,Girls Town,1996,Drama,18,3.388888888888889
878,867,Bye-Bye,1995,Drama,0,
879,868,The Relic,1997,Horror,187,2.802139037433155
880,869,The Island of Dr. Moreau,1996,Sci-Fi|Thriller,253,2.2134387351778657
881,870,First Kid,1996,Children's|Comedy,65,2.5846153846153848
882,871,The Trigger Effect,1996,Drama|Thriller,42,2.8095238095238093
884,872,Sweet Nothing,1995,Drama,2,3.0
885,873,Bogus,1996,Children's|Drama|Fantasy,33,2.606060606060606
886,874,Bulletproof,1996,Action,83,2.927710843373494
887,875,Talk of Angels,1998,Drama,2,2.5
888,876,Land Before Time III: The Time of the Great Giving,1995,Animation|Children's,40,2.325
889,877,1-900,1994,Romance,0,
890,878,Baton Rouge,1988,Thriller,0,
891,879,Halloween: The Curse of Michael Myers,1995,Horror|Thriller,143,2.3286713286713288
892,880,Twelfth Night,1996,Comedy|Drama|Romance,120,3.816666666666667
893,881,Mother Night,1996,Drama,60,3.683333333333333
894,882,Liebelei,1933,Romance,0,
895,883,Venice/Venice,1992,Drama,2,1.0
896,884,Wild Reeds,1994,Drama,37,3.3513513513513513
897,885,For Whom the Bell Tolls,1943,Adventure|War,82,3.7439024390243905
898,886,The Philadelphia Story,1940,Comedy|Romance,461,4.308026030368763
899,887,Singin' in the Rain,1952,Musical|Romance,607,4.298187808896211
900,888,An American in Paris,1951,Musical|Romance,269,3.8847583643122676
901,889,Funny Face,1957,Comedy|Musical,135,3.6296296296296298
902,890,Breakfast at Tiffany's,1961,Drama|Romance,539,3.9053803339517623
903,891,Vertigo,1958,Mystery|Thriller,743,4.267833109017497
904,892,Rear Window,1954,Mystery|Thriller,845,4.4804733727810655
905,893,It Happened One Night,1934,Comedy,293,4.255972696245734
906,894,Gaslight,1944,Mystery|Thriller,147,4.122448979591836
907,895,The Gay Divorcee,1934,Comedy|Musical|Romance,83,3.9156626506024095
908,896,North by Northwest,1959,Drama|Thriller,1073,4.392357875116496
909,897,The Apartment,1960,Comedy|Drama,341,4.096774193548387
910,898,Some Like It Hot,1959,Comedy|Crime,653,4.303215926493109
911,899,Charade,1963,Comedy|Mystery|Romance|Thriller,240,4.158333333333333
912,900,Casablanca,1942,Drama|Romance|War,1340,4.404477611940298
913,901,The Maltese Falcon,1941,Film-Noir|Mystery,823,4.40097205346294
914,902,My Fair Lady,1964,Musical|Romance,528,4.181818181818182
915,903,Sabrina,1954,Comedy|Romance,293,4.006825938566553
916,904,Roman Holiday,1953,Comedy|Romance,324,4.2407407407407405
917,905,The Little Princess,1939,Children's|Drama,55,3.8363636363636364
918,906,Meet Me in St. Louis,1944,Musical,149,3.8053691275167787
919,907,The Wizard of Oz,1939,Adventure|Children's|Drama|Musical,1413,4.250530785562633
920,908,Gone with the Wind,1939,Drama|Romance|War,933,3.9989281886387995
921,909,My Favorite Year,1982,Comedy,229,3.960698689956332
922,910,Sunset Blvd.,1950,Film-Noir,377,4.480106100795756
923,911,Citizen Kane,1941,Drama,887,4.411499436302142
924,912,2001: A Space Odyssey,1968,Drama|Mystery|Sci-Fi|Thriller,1392,4.058908045977011
925,913,Golden Earrings,1947,Adventure|Romance,8,3.5
926,914,All About Eve,1950,Drama,310,4.241935483870968
927,915,The Women,1939,Comedy,64,4.0625
928,916,Rebecca,1940,Romance|Thriller,300,4.213333333333333
929,917,Foreign Correspondent,1940,Thriller,78,3.8076923076923075
930,918,Notorious,1946,Film-Noir|Romance|Thriller,350,4.257142857142857
931,919,Spellbound,1945,Mystery|Romance|Thriller,169,3.893491124260355
932,920,An Affair to Remember,1957,Romance,154,3.961038961038961
933,921,To Catch a Thief,1955,Comedy|Romance|Thriller,344,4.084302325581396
934,922,Father of the Bride,1950,Comedy,237,3.6835443037974684
935,923,The Band Wagon,1953,Comedy|Musical,58,3.6379310344827585
936,924,Ninotchka,1939,Comedy|Romance,112,4.098214285714286
937,925,Love in the Afternoon,1957,Comedy|Romance,37,3.7567567567567566
938,926,Gigi,1958,Musical,140,3.585714285714286
939,927,The Reluctant Debutante,1958,Comedy|Drama,7,3.2857142857142856
940,928,The Adventures of Robin Hood,1938,Action|Adventure,306,3.954248366013072
941,929,The Mark of Zorro,1940,Adventure,91,3.7252747252747254
942,930,Laura,1944,Crime|Film-Noir|Mystery,237,4.198312236286919
943,931,The Ghost and Mrs. Muir,1947,Drama|Romance,131,3.969465648854962
944,932,Lost Horizon,1937,Drama,78,3.8076923076923075
945,933,Top Hat,1935,Comedy|Musical|Romance,198,4.141414141414141
946,934,To Be or Not to Be,1942,Comedy|Drama|War,136,3.8308823529411766
947,935,My Man Godfrey,1936,Comedy,156,4.089743589743589
948,936,Giant,1956,Drama,103,3.7766990291262137
949,937,East of Eden,1955,Drama,174,4.028735632183908
950,938,The Thin Man,1934,Mystery,219,4.1826484018264845
951,939,His Girl Friday,1940,Comedy,323,4.281733746130031
952,940,Around the World in 80 Days,1956,Adventure|Comedy,204,3.5833333333333335
953,941,It's a Wonderful Life,1946,Drama,581,4.289156626506024
954,942,Mr. Smith Goes to Washington,1939,Drama,294,4.2517006802721085
955,943,Bringing Up Baby,1938,Comedy,330,4.163636363636364
956,944,Penny Serenade,1941,Drama|Romance,34,3.5588235294117645
957,945,The Scarlet Letter,1926,Drama,28,3.392857142857143
958,946,Lady of Burlesque,1943,Comedy|Mystery,10,3.4
959,947,Of Human Bondage,1934,Drama,49,3.7551020408163267
960,948,Angel on My Shoulder,1946,Crime|Drama,18,3.5555555555555554
961,949,Little Lord Fauntleroy,1936,Drama,18,3.388888888888889
962,950,They Made Me a Criminal,1939,Crime|Drama,9,3.5555555555555554
963,951,The Inspector General,1949,Musical,48,3.5
964,952,Angel and the Badman,1947,Western,43,3.302325581395349
965,953,The 39 Steps,1935,Thriller,206,4.101941747572815
966,954,A Walk in the Sun,1945,Drama,5,4.2
967,955,The Outlaw,1943,Western,17,3.3529411764705883
968,956,Night of the Living Dead,1968,Horror|Sci-Fi,584,3.6746575342465753
969,957,The African Queen,1951,Action|Adventure|Romance|War,875,4.246857142857142
970,958,Beat the Devil,1954,Comedy|Drama,30,3.4
971,959,Cat on a Hot Tin Roof,1958,Drama,203,4.059113300492611
972,960,The Last Time I Saw Paris,1954,Drama,6,3.1666666666666665
973,961,Meet John Doe,1941,Drama,75,3.9066666666666667
974,962,Algiers,1938,Drama|Romance,12,3.9166666666666665
975,963,Something to Sing About,1937,Comedy|Musical,1,2.0
976,964,A Farewell to Arms,1932,Romance|War,39,3.6153846153846154
977,965,Moonlight Murder,1936,Mystery,2,2.0
978,966,The Blue Angel,1930,Drama,78,3.923076923076923
979,967,Nothing Personal,1995,Drama|War,0,
980,968,In the Line of Duty 2,1987,Action,5,2.8
981,969,Dangerous Ground,1997,Drama,3,3.3333333333333335
982,970,Picnic,1955,Drama,63,3.761904761904762
983,971,Madagascar Skin,1995,Romance,0,
984,972,The Pompatus of Love,1996,Comedy|Drama,27,2.6296296296296298
985,973,Small Wonders,1996,Documentary,4,3.75
986,974,Fly Away Home,1996,Adventure|Children's,183,3.5901639344262297
987,975,Bliss,1997,Drama|Romance,37,2.945945945945946
988,976,Grace of My Heart,1996,Comedy|Drama,62,3.435483870967742
989,977,Schlafes Bruder,1995,Drama,1,5.0
990,978,Maximum Risk,1996,Action|Adventure|Thriller,41,2.5121951219512195
991,979,Michael Collins,1996,Drama|War,139,3.4892086330935252
992,980,The Rich Man's Wife,1996,Thriller,15,2.6666666666666665
993,981,Infinity,1996,Drama,7,2.857142857142857
994,982,Big Night,1996,Drama,357,4.1120448179271705
996,983,Last Man Standing,1996,Action|Drama|Western,214,2.850467289719626
997,984,Caught,1996,Drama|Thriller,24,3.4583333333333335
998,985,Set It Off,1996,Action|Crime,75,2.96
999,986,2 Days in the Valley,1996,Crime,231,3.2987012987012987
1000,987,Curdled,1996,Crime,16,2.9375
1001,988,The Associate,1982,Comedy,0,
1002,989,Ed's Next Move,1996,Comedy,7,4.428571428571429
1003,990,Extreme Measures,1996,Drama|Thriller,96,2.9375
1004,991,The Glimmer Man,1996,Action|Thriller,77,2.5974025974025974
1005,992,D3: The Mighty Ducks,1996,Children's|Comedy,119,2.3781512605042017
1006,993,The Chamber,1996,Drama,59,3.1186440677966103
1007,994,The Apple Dumpling Gang,1975,Children's|Comedy|Western,182,3.0164835164835164
1008,995,"Davy Crockett, King of the Wild Frontier",1955,Western,75,3.4133333333333336
1009,996,Escape to Witch Mountain,1975,Adventure|Children's|Fantasy,235,3.178723404255319
1010,997,The Love Bug,1969,Children's|Comedy,192,3.2760416666666665
1011,998,Herbie Rides Again,1974,Adventure|Children's|Comedy,109,2.7339449541284404
1012,999,Old Yeller,1957,Children's|Drama,231,3.696969696969697
1013,1000,The Parent Trap,1961,Children's|Drama,214,3.5794392523364484
1014,1001,Pollyanna,1960,Children's|Comedy|Drama,108,3.3703703703703702
1015,1002,Homeward Bound: The Incredible Journey,1993,Adventure|Children's,182,3.302197802197802
1016,1003,The Shaggy Dog,1959,Children's|Comedy,131,3.198473282442748
1017,1004,Swiss Family Robinson,1960,Adventure|Children's,223,3.5470852017937218
1018,1005,That Darn Cat!,1965,Children's|Comedy|Mystery,102,3.1470588235294117
1019,1006,"20,000 Leagues Under the Sea",1954,Adventure|Children's|Fantasy|Sci-Fi,463,3.691144708423326
1020,1007,Cool Runnings,1993,Comedy,304,3.2203947368421053
1021,1008,Angels in the Outfield,1994,Children's|Comedy,203,2.773399014778325
1022,1009,Cinderella,1950,Animation|Children's|Musical,471,3.7494692144373674
1023,1010,Winnie the Pooh and the Blustery Day,1968,Animation|Children's,178,3.949438202247191
1024,1011,The Three Caballeros,1945,Animation|Children's|Musical,101,3.257425742574257
1025,1012,The Sword in the Stone,1963,Animation|Children's,244,3.6065573770491803
1026,1013,So Dear to My Heart,1949,Children's|Drama,7,3.5714285714285716
1027,1014,Robin Hood: Prince of Thieves,1991,Drama,286,3.160839160839161
1028,1015,Mary Poppins,1964,Children's|Comedy|Musical,794,3.8967254408060454
1029,1016,Dumbo,1941,Animation|Children's|Musical,463,3.699784017278618
1030,1017,Pete's Dragon,1977,Adventure|Animation|Children's|Musical,251,3.0597609561752988
1031,1018,Bedknobs and Broomsticks,1971,Adventure|Children's|Musical,255,3.4745098039215687
1032,1019,Alice in Wonderland,1951,Animation|Children's|Musical,408,3.7205882352941178
1033,1020,The Fox and the Hound,1981,Animation|Children's,228,3.460526315789474
1034,1021,Freeway,1996,Crime,130,3.6846153846153844
1035,1022,The Sound of Music,1965,Musical,715,3.9104895104895103
1036,1023,Die Hard,1988,Action|Thriller,1359,4.129506990434143
1037,1024,The Lawnmower Man,1992,Action|Sci-Fi|Thriller,486,2.6502057613168724
1038,1025,Unhook the Stars,1996,Drama,8,3.375
1039,1026,Synthetic Pleasures,1995,Documentary,1,3.0
1040,1027,The Secret Agent,1996,Drama,5,3.0
1041,1028,Secrets & Lies,1996,Drama,384,4.075520833333333
1042,1029,That Thing You Do!,1996,Comedy,436,3.4747706422018347
1043,1030,To Gillian on Her 37th Birthday,1996,Drama|Romance,95,2.831578947368421
1044,1031,Surviving Picasso,1996,Drama,28,3.142857142857143
1045,1032,Love Is All There Is,1996,Comedy|Drama,0,
1046,1033,Beautiful Thing,1996,Drama|Romance,79,4.075949367088608
1047,1034,The Long Kiss Goodnight,1996,Action|Thriller,351,3.5128205128205128
1049,1035,The Ghost and the Darkness,1996,Action|Adventure,365,3.3315068493150686
1050,1036,Looking for Richard,1996,Documentary|Drama,120,3.825
1051,1037,Trees Lounge,1996,Drama,77,3.3506493506493507
1052,1038,The Proprietor,1996,Drama,0,
1053,1039,Normal Life,1996,Crime|Drama,29,3.0689655172413794
1054,1040,Get on the Bus,1996,Drama,68,3.3088235294117645
1055,1041,Shadow Conspiracy,1997,Thriller,13,2.6923076923076925
1056,1042,Jude,1996,Drama,39,3.5384615384615383
1057,1043,Everyone Says I Love You,1996,Comedy|Musical|Romance,222,3.5225225225225225
1058,1044,Bitter Sugar,1996,Drama,10,3.2
1059,1045,William Shakespeare's Romeo and Juliet,1996,Drama|Romance,381,3.406824146981627
1060,1046,Swingers,1996,Comedy|Drama,629,3.9697933227344993
1061,1047,Sleepers,1996,Crime|Drama,294,3.5476190476190474
1062,1048,The Sunchaser,1996,Drama,2,2.5
1063,1049,Johns,1996,Drama,17,3.411764705882353
1064,1050,Aladdin and the King of Thieves,1996,Animation|Children's|Comedy,172,2.9302325581395348
1065,1051,The Woman in Question,1950,Mystery,0,
1066,1052,Shall We Dance?,1937,Comedy|Musical|Romance,134,4.104477611940299
1067,1053,A Damsel in Distress,1937,Comedy|Musical|Romance,21,3.9523809523809526
1068,1054,Crossfire,1947,Crime|Film-Noir,27,3.6296296296296298
1069,1055,"Murder, My Sweet",1944,Film-Noir|Thriller,90,3.9444444444444446
1070,1056,Macao,1952,Adventure,2,3.0
1071,1057,For the Moment,1994,Romance|War,5,3.4
1073,1058,Willy Wonka and the Chocolate Factory,1971,Adventure|Children's|Comedy|Fantasy,1043,3.8456375838926173
1075,1059,The Sexual Life of the Belgians,1994,Comedy,0,
1076,1060,The Innocents,1961,Thriller,21,4.0
1077,1061,Sleeper,1973,Comedy|Sci-Fi,579,4.010362694300518
1078,1062,Bananas,1971,Comedy|War,286,3.804195804195804
1079,1063,A Fish Called Wanda,1988,Comedy,1057,3.9649952696310313
1080,1064,Monty Python's Life of Brian,1979,Comedy,732,4.012295081967213
1081,1065,Victor/Victoria,1982,Comedy|Musical,344,3.5959302325581395
1082,1066,The Candidate,1972,Drama,131,3.6259541984732824
1083,1067,The Great Race,1965,Comedy|Musical,136,3.5588235294117645
1084,1068,Bonnie and Clyde,1967,Crime|Drama,543,4.081031307550645
1085,1069,The Old Man and the Sea,1958,Adventure|Drama,111,3.828828828828829
1086,1070,Dial M for Murder,1954,Mystery|Thriller,297,4.0606060606060606
1087,1071,Madame Butterfly,1995,Musical,13,3.3846153846153846
1088,1072,Dirty Dancing,1987,Musical|Romance,552,3.278985507246377
1089,1073,Reservoir Dogs,1992,Crime|Thriller,1011,4.135509396636993
1090,1074,Platoon,1986,Drama|War,932,4.098712446351931
1091,1075,Weekend at Bernie's,1989,Comedy,304,2.8421052631578947
1092,1076,Basic Instinct,1992,Mystery|Thriller,591,3.5380710659898478
1093,1077,The Doors,1991,Drama|Musical,550,3.4054545454545453
1094,1078,The Crying Game,1992,Drama|Romance|War,990,3.724242424242424
1095,1079,Glengarry Glen Ross,1992,Drama,462,3.906926406926407
1096,1080,Sophie's Choice,1982,Drama,269,4.026022304832714
1097,1081,E.T. the Extra-Terrestrial,1982,Children's|Drama|Fantasy|Sci-Fi,1821,3.9763866007688082
1098,1082,The Search for One-eye Jimmy,1996,Comedy,5,2.4
1099,1083,A Christmas Carol,1938,Drama,161,3.987577639751553
1100,1084,Days of Thunder,1990,Action|Romance,349,2.767908309455587
1101,1085,Top Gun,1986,Action|Romance,824,3.6856796116504853
1102,1086,American Strays,1996,Action,4,2.0
1103,1087,Rebel Without a Cause,1955,Drama,314,3.9044585987261144
1104,1088,A Streetcar Named Desire,1951,Drama,382,4.204188481675392
1105,1089,Children of the Corn IV: The Gathering,1996,Horror,33,1.8484848484848484
1106,1090,The Leopard Son,1996,Documentary,0,
1107,1091,Loser,1991,Comedy,2,2.0
1108,1092,Prerokbe Ognja,1995,Documentary,0,
1109,1093,Charm's Incidents,1996,Drama,0,
1110,1094,Bird of Prey,1996,Action,0,
1111,1095,Microcosmos,1996,Documentary,83,4.0843373493975905
1112,1096,Palookaville,1996,Action|Drama,31,3.3548387096774195
1113,1097,The Associate,1996,Comedy,39,3.1538461538461537
1114,1098,The Funeral,1996,Drama,27,3.0
1115,1099,Sleepover,1995,Comedy|Drama,1,1.0
1116,1100,A Single Girl,1995,Drama,17,3.411764705882353
1117,1101,The Eighth Day,1996,Drama,9,4.333333333333333
1118,1102,Tashunga,1995,Adventure|Western,1,2.0
1119,1103,Drunks,1997,Drama,32,3.1875
1120,1104,The People vs. Larry Flynt,1996,Drama,362,3.56353591160221
1121,1105,Glory Daze,1996,Drama,9,3.111111111111111
1122,1106,Plutonium Circus,1995,Documentary,0,
1123,1107,A Perfect Candidate,1996,Documentary,27,3.740740740740741
1124,1108,On Golden Pond,1981,Drama,323,3.7678018575851393
1125,1109,The Return of the Pink Panther,1974,Comedy,306,3.7973856209150325
1126,1110,Drop Dead Fred,1991,Comedy|Fantasy,249,2.3293172690763053
1127,1111,The Abyss,1989,Action|Adventure|Sci-Fi|Thriller,1346,3.676820208023774
1128,1112,The Fog,1980,Horror,131,2.9160305343511452
1129,1113,Escape from New York,1981,Action|Adventure|Sci-Fi|Thriller,691,3.460202604920405
1130,1114,The Howling,1980,Horror,179,3.2513966480446927
1131,1115,Jean de Florette,1986,Drama,181,4.281767955801105
1132,1116,Manon of the Spring,1986,Drama,183,4.2349726775956285
1133,1117,Talking About Sex,1994,Comedy|Drama,2,2.0
1134,1118,Johnny 100 Pesos,1993,Action|Drama,2,3.0
1135,1119,Private Benjamin,1980,Comedy,316,3.2151898734177213
1136,1120,Monty Python and the Holy Grail,1974,Comedy,1267,4.345698500394633
1137,1121,Hustler White,1996,Romance,0,
1138,1122,Dadetown,1995,Documentary,7,3.857142857142857
1139,1123,Everything Relative,1996,Drama,1,4.0
1140,1124,Entertaining Angels: The Dorothy Day Story,1996,Drama,0,
1141,1125,Hoogste tijd,1995,Drama,0,
1142,1126,Get Over It,1996,Drama,2,1.0
1143,1127,Three Lives and Only One Death,1996,Comedy,0,
1144,1128,The Line King: Al Hirschfeld,1996,Documentary,12,3.6666666666666665
1145,1129,Snowriders,1996,Documentary,2,2.5
1146,1130,Curtis's Charm,1995,Comedy|Drama,0,
1147,1131,When We Were Kings,1996,Documentary,221,4.330316742081448
1148,1132,The Wrong Trousers,1993,Animation|Comedy,724,4.511049723756906
1149,1133,JLG/JLG - autoportrait de décembre,1994,Documentary|Drama,3,3.3333333333333335
1150,1134,The Return of Martin Guerre,1982,Drama,137,3.9124087591240877
1151,1135,Faust,1994,Animation|Comedy|Thriller,27,3.4814814814814814
1152,1136,He Walked by Night,1948,Crime|Film-Noir|Thriller,21,3.380952380952381
1153,1137,Raw Deal,1948,Film-Noir,13,3.4615384615384617
1154,1138,T-Men,1947,Film-Noir,13,3.6153846153846154
1155,1139,The Invitation,1986,Drama,0,
1156,1140,The Children Are Watching us,1942,Drama,0,
1157,1141,"Symphonie pastorale, La",1946,Drama,0,
1158,1142,Here Comes Cookie,1935,Comedy,0,
1159,1143,Love in Bloom,1935,Romance,0,
1160,1144,Six of a Kind,1934,Comedy,6,2.1666666666666665
1161,1145,The Tin Drum,1979,Drama,78,3.91025641025641
1162,1146,The Ruling Class,1972,Comedy,84,3.9047619047619047
1163,1147,Mina Tannenbaum,1994,Drama,16,2.875
1164,1148,Two or Three Things I Know About Her,1966,Drama,5,3.6
1165,1149,The Bloody Child,1996,Drama|Thriller,1,1.0
1166,1150,Farmer & Chase,1995,Comedy,0,
1167,1151,Dear God,1996,Comedy,74,2.8513513513513513
1168,1152,Bad Moon,1996,Horror,13,1.9230769230769231
1169,1153,American Dream,1990,Documentary,31,3.6774193548387095
1170,1154,Best of the Best 3: No Turning Back,1995,Action,14,1.6428571428571428
1171,1155,Bob Roberts,1992,Comedy,331,3.7462235649546827
1172,1156,Cinema Paradiso,1988,Comedy|Drama|Romance,501,4.301397205588822
1173,1157,The Cook the Thief His Wife & Her Lover,1989,Drama,155,3.3548387096774195
1174,1158,Grosse Fatigue,1994,Comedy,5,3.8
1175,1159,Delicatessen,1991,Comedy|Sci-Fi,300,3.993333333333333
1176,1160,The Double Life of Veronique,1991,Drama,108,3.9444444444444446
1177,1161,Enchanted April,1991,Drama,119,3.991596638655462
1178,1162,Paths of Glory,1957,Drama|War,181,4.486187845303867
1179,1163,The Grifters,1990,Crime|Drama|Film-Noir,726,3.8044077134986227
1180,1164,Hear My Song,1991,Comedy,42,3.738095238095238
1181,1165,The Shooter,1995,Action,6,2.5
1183,1166,The English Patient,1996,Drama|Romance|War,793,3.630517023959647
1184,1167,Mediterraneo,1991,Comedy|War,77,3.8051948051948052
1185,1168,My Left Foot,1989,Drama,363,3.9641873278236917
1186,1169,"Sex, Lies, and Videotape",1989,Drama,445,3.595505617977528
1187,1170,Passion Fish,1992,Drama,115,3.626086956521739
1188,1171,Strictly Ballroom,1992,Comedy|Romance,555,3.9513513513513514
1189,1172,The Thin Blue Line,1988,Documentary,210,4.276190476190476
1190,1173,Tie Me Up! Tie Me Down!,1990,Drama,105,3.5428571428571427
1191,1174,Madonna: Truth or Dare,1991,Documentary,157,3.0955414012738856
1192,1175,Paris Is Burning,1990,Documentary,80,4.025
1193,1176,One Flew Over the Cuckoo's Nest,1975,Drama,1382,4.399421128798842
1194,1177,Up in Smoke,1978,Comedy,167,3.538922155688623
1196,1178,Star Wars: Episode V - The Empire Strikes Back,1980,Action|Adventure|Drama|Sci-Fi|War,2416,4.301324503311259
1197,1179,The Princess Bride,1987,Action|Adventure|Comedy|Romance,1843,4.302767227346718
1198,1180,Raiders of the Lost Ark,1981,Action|Adventure,2014,4.473684210526316
1199,1181,Brazil,1985,Sci-Fi,733,4.110504774897681
1200,1182,Aliens,1986,Action|Sci-Fi|Thriller|War,1446,4.123098201936376
1201,1183,"The Good, The Bad and The Ugly",1966,Action|Western,655,4.151145038167939
1202,1184,Withnail and I,1987,Comedy,59,3.559322033898305
1203,1185,12 Angry Men,1957,Drama,491,4.311608961303462
1204,1186,Lawrence of Arabia,1962,Adventure|War,684,4.4108187134502925
1205,1187,The Transformers: The Movie,1986,Action|Animation|Children's|Sci-Fi|Thriller|War,182,3.4450549450549453
1206,1188,A Clockwork Orange,1971,Sci-Fi,992,4.065524193548387
1207,1189,To Kill a Mockingbird,1962,Drama,752,4.4361702127659575
1208,1190,Apocalypse Now,1979,Drama|War,943,4.246023329798516
1209,1191,Once Upon a Time in the West,1969,Western,139,4.0
1210,1192,Star Wars: Episode VI - Return of the Jedi,1983,Action|Adventure|Romance|Sci-Fi|War,2306,4.0281873373807455
1211,1193,Wings of Desire,1987,Comedy|Drama|Romance,192,4.114583333333333
1212,1194,The Third Man,1949,Mystery|Thriller,391,4.457800511508951
1213,1195,GoodFellas,1990,Crime|Drama,1333,4.277569392348087
1214,1196,Alien,1979,Action|Horror|Sci-Fi|Thriller,1609,4.162212554381603
1215,1197,Army of Darkness,1993,Action|Adventure|Comedy|Horror|Sci-Fi,772,3.819948186528497
1216,1198,The Big Blue,1988,Adventure|Romance,61,3.622950819672131
1217,1199,Ran,1985,Drama|War,294,4.302721088435374
1218,1200,The Killer,1989,Action|Thriller,205,4.160975609756098
1219,1201,Psycho,1960,Horror|Thriller,1007,4.20059582919563
1220,1202,The Blues Brothers,1980,Action|Comedy|Musical,1079,3.974050046339203
1221,1203,The Godfather: Part II,1974,Action|Crime|Drama,1346,4.358841010401188
1222,1204,Full Metal Jacket,1987,Action|Drama|War,989,4.10010111223458
1223,1205,A Grand Day Out,1992,Animation|Comedy,376,4.332446808510638
1224,1206,Henry V,1989,Drama|War,354,4.2824858757062145
1225,1207,Amadeus,1984,Drama,1097,4.251595259799453
1226,1208,The Quiet Man,1952,Comedy|Romance,181,4.104972375690608
1227,1209,Once Upon a Time in America,1984,Crime|Drama|Thriller,195,3.8512820512820514
1228,1210,Raging Bull,1980,Drama,558,4.197132616487456
1230,1211,Annie Hall,1977,Comedy|Romance,1064,4.149436090225564
1231,1212,The Right Stuff,1983,Drama,607,4.085667215815486
1232,1213,Stalker,1979,Mystery|Sci-Fi,45,3.6666666666666665
1233,1214,The Boat,1981,Action|Drama|War,777,4.281853281853282
1234,1215,The Sting,1973,Comedy|Crime,848,4.336084905660377
1235,1216,Harold and Maude,1971,Comedy,538,4.139405204460966
1236,1217,Trust,1990,Comedy|Drama,75,4.1066666666666665
1237,1218,The Seventh Seal,1957,Drama,233,4.128755364806867
1238,1219,Local Hero,1983,Comedy,277,3.927797833935018
1240,1220,The Terminator,1984,Action|Sci-Fi|Thriller,1692,4.1447990543735225
1241,1221,Braindead,1992,Comedy|Horror,54,3.2222222222222223
1242,1222,Glory,1989,Action|Drama|War,904,4.204646017699115
1243,1223,Rosencrantz and Guildenstern Are Dead,1990,Comedy|Drama,265,3.9849056603773585
1244,1224,Manhattan,1979,Comedy|Drama|Romance,558,4.073476702508961
1245,1225,Miller's Crossing,1990,Drama,283,3.9929328621908127
1246,1226,Dead Poets Society,1989,Drama,692,3.9971098265895955
1247,1227,The Graduate,1967,Drama|Romance,1020,4.250980392156863
1248,1228,Touch of Evil,1958,Crime|Film-Noir|Thriller,407,4.226044226044226
1249,1229,Nikita,1990,Thriller,580,3.996551724137931
1250,1230,The Bridge on the River Kwai,1957,Drama|War,767,4.402868318122556
1251,1231,8 1/2,1963,Drama,177,4.169491525423729
1252,1232,Chinatown,1974,Film-Noir|Mystery|Thriller,964,4.343360995850622
1253,1233,The Day the Earth Stood Still,1951,Drama|Sci-Fi,451,4.148558758314856
1254,1234,The Treasure of the Sierra Madre,1948,Adventure,354,4.27683615819209
1255,1235,Bad Taste,1987,Comedy|Horror,39,3.5384615384615383
1256,1236,Duck Soup,1933,Comedy|War,486,4.197530864197531
1257,1237,Better Off Dead...,1985,Comedy,354,3.9180790960451977
1258,1238,The Shining,1980,Horror,871,4.110218140068886
1259,1239,Stand by Me,1986,Adventure|Comedy|Drama,1436,4.0905292479108635
1260,1240,M,1931,Crime|Film-Noir|Thriller,248,4.278225806451613
1261,1241,Evil Dead II,1987,Action|Adventure|Comedy|Horror,440,3.840909090909091
1262,1242,The Great Escape,1963,Adventure|War,563,4.378330373001776
1263,1243,The Deer Hunter,1978,Drama|War,559,4.105545617173524
1264,1244,Diva,1981,Action|Drama|Mystery|Romance|Thriller,199,4.055276381909548
1265,1245,Groundhog Day,1993,Comedy|Romance,1831,3.955215729109776
1266,1246,Unforgiven,1992,Western,818,4.101466992665037
1267,1247,The Manchurian Candidate,1962,Film-Noir|Thriller,610,4.352459016393443
1268,1248,Pump Up the Volume,1990,Drama,264,3.5
1269,1249,Arsenic and Old Lace,1944,Comedy|Mystery|Thriller,548,4.173357664233577
1270,1250,Back to the Future,1985,Comedy|Sci-Fi,2070,3.9830917874396135
1271,1251,Fried Green Tomatoes,1991,Drama,464,3.7650862068965516
1272,1252,Patton,1970,Drama|War,517,4.25725338491296
1273,1253,Down by Law,1986,Comedy|Drama,121,3.9669421487603307
1274,1254,Akira,1988,Adventure|Animation|Sci-Fi|Thriller,378,3.9365079365079363
1275,1255,Highlander,1986,Action|Adventure,566,3.8551236749116606
1276,1256,Cool Hand Luke,1967,Comedy|Drama,751,4.230359520639148
1277,1257,Cyrano de Bergerac,1990,Action|Drama|Romance,293,3.8703071672354947
1278,1258,Young Frankenstein,1974,Comedy|Horror,965,4.253886010362694
1279,1259,Night on Earth,1991,Comedy|Drama,157,3.6878980891719744
1280,1260,Raise the Red Lantern,1991,Drama,219,4.168949771689498
1281,1261,The Great Dictator,1940,Comedy,168,4.0773809523809526
1282,1262,Fantasia,1940,Animation|Children's|Musical,743,3.8842530282637955
1283,1263,High Noon,1952,Western,311,4.212218649517685
1284,1264,The Big Sleep,1946,Film-Noir|Mystery,429,4.335664335664336
1285,1265,Heathers,1989,Comedy,667,3.8275862068965516
1286,1266,Somewhere in Time,1980,Drama|Romance,224,3.5892857142857144
1287,1267,Ben-Hur,1959,Action|Adventure|Drama,573,4.151832460732984
1288,1268,This Is Spinal Tap,1984,Comedy|Drama|Musical,898,4.197104677060134
1289,1269,Koyaanisqatsi,1983,Documentary|War,145,3.9586206896551723
1290,1270,Some Kind of Wonderful,1987,Drama|Romance,195,3.5743589743589745
1291,1271,Indiana Jones and the Last Crusade,1989,Action|Adventure,1291,4.110766847405112
1292,1272,Being There,1979,Comedy,469,4.029850746268656
1293,1273,Gandhi,1982,Drama,542,4.129151291512915
1294,1274,M*A*S*H,1970,Comedy|War,864,4.111111111111111
1295,1275,The Unbearable Lightness of Being,1988,Drama,213,3.5821596244131455
1296,1276,A Room with a View,1986,Drama|Romance,456,4.024122807017544
1297,1277,Real Genius,1985,Comedy,356,3.693820224719101
1298,1278,Pink Floyd - The Wall,1982,Drama|Musical|War,309,3.6699029126213594
1299,1279,The Killing Fields,1984,Drama|War,595,4.253781512605042
1300,1280,My Life as a Dog,1985,Drama,264,4.174242424242424
1301,1281,Forbidden Planet,1956,Sci-Fi,305,4.00327868852459
1302,1282,Field of Dreams,1989,Drama,595,3.9126050420168066
1303,1283,The Man Who Would Be King,1975,Adventure,252,4.099206349206349
1304,1284,Butch Cassidy and the Sundance Kid,1969,Action|Comedy|Western,1131,4.225464190981432
1305,1285,"Paris, Texas",1984,Drama,102,3.803921568627451
1306,1286,Until the End of the World,1991,Drama|Sci-Fi,101,3.732673267326733
1307,1287,When Harry Met Sally...,1989,Comedy|Romance,1255,4.070119521912351
1308,1288,I Shot a Man in Vegas,1995,Comedy,0,
1309,1289,Parallel Sons,1995,Drama|Romance,0,
1310,1290,Hype!,1996,Documentary,32,3.625
1311,1291,Santa with Muscles,1996,Comedy,5,1.0
1312,1292,Female Perversions,1996,Drama,24,3.25
1313,1293,Mad Dog Time,1996,Crime,11,2.3636363636363638
1314,1294,Breathing Room,1996,Romance,0,
1315,1295,Paris Was a Woman,1995,Documentary,0,
1316,1296,Anna,1996,Drama,1,4.0
1317,1297,I'm Not Rappaport,1996,Comedy,34,3.235294117647059
1318,1298,Blue Juice,1995,Comedy|Drama,0,
1319,1299,Kids of Survival,1993,Documentary,0,
1320,1300,Alien³,1992,Action|Horror|Sci-Fi|Thriller,748,3.016042780748663
1321,1301,An American Werewolf in London,1981,Horror,439,3.7312072892938497
1322,1302,Amityville 1992: It's About Time,1992,Horror,25,1.6
1323,1303,Amityville 3-D,1983,Horror,38,1.394736842105263
1324,1304,Amityville: Dollhouse,1996,Horror,15,1.6
1325,1305,Amityville: A New Generation,1993,Horror,20,1.65
1326,1306,Amityville II: The Possession,1982,Horror,48,2.1458333333333335
1327,1307,The Amityville Horror,1979,Horror,294,2.9285714285714284
1328,1308,The Amityville Curse,1990,Horror,22,1.7727272727272727
1329,1309,Blood For Dracula,1974,Horror,27,2.7037037037037037
1330,1310,April Fool's Day,1986,Comedy|Horror,94,2.9574468085106385
1331,1311,Audrey Rose,1977,Horror,39,3.1794871794871793
1332,1312,The Believers,1987,Horror|Thriller,81,2.962962962962963
1333,1313,The Birds,1963,Horror,585,3.8854700854700854
1334,1314,The Blob,1958,Horror|Sci-Fi,262,3.183206106870229
1335,1315,Blood Beach,1981,Action|Horror,15,1.6
1336,1316,Body Parts,1991,Horror,47,2.297872340425532
1337,1317,The Body Snatcher,1945,Horror,52,3.576923076923077
1339,1318,Bram Stoker's Dracula,1992,Horror|Romance,526,3.376425855513308
1340,1319,Bride of Frankenstein,1935,Horror,179,3.88268156424581
1341,1320,Burnt Offerings,1976,Horror,42,2.8333333333333335
1342,1321,Candyman,1992,Horror,222,2.9504504504504503
1343,1322,Cape Fear,1991,Thriller,544,3.6525735294117645
1344,1323,Cape Fear,1962,Film-Noir|Thriller,290,3.8793103448275863
1345,1324,Carrie,1976,Horror,437,3.622425629290618
1346,1325,Cat People,1982,Horror,134,3.156716417910448
1347,1326,A Nightmare on Elm Street,1984,Horror,367,3.5068119891008176
1348,1327,Nosferatu,1922,Horror,199,3.9899497487437188
1349,1328,Nosferatu a Venezia,1986,Horror,12,3.0
1350,1329,The Omen,1976,Horror,336,3.5773809523809526
1351,1330,Blood & Wine,1997,Drama,26,3.5384615384615383
1352,1331,Albino Alligator,1996,Crime|Thriller,73,2.8219178082191783
1353,1332,The Mirror Has Two Faces,1996,Comedy|Romance,152,3.0723684210526314
1354,1333,Breaking the Waves,1996,Drama,219,3.8447488584474887
1355,1334,Nightwatch,1997,Horror|Thriller,60,2.9166666666666665
1356,1335,Star Trek: First Contact,1996,Action|Adventure|Sci-Fi,1027,3.6932814021421616
1357,1336,Shine,1996,Drama|Romance,431,3.8445475638051043
1358,1337,Sling Blade,1996,Drama|Thriller,928,4.234913793103448
1359,1338,Jingle All the Way,1996,Adventure|Children's|Comedy,168,2.505952380952381
1360,1339,Identification of a Woman,1982,Drama,2,3.5
1361,1340,Paradise Lost: The Child Murders at Robin Hood Hills,1996,Documentary,131,4.213740458015267
1362,1341,The Garden of Finzi-Contini,1970,Drama,88,4.034090909090909
1363,1342,The Preacher's Wife,1996,Drama,86,2.953488372093023
1364,1343,Zero Kelvin,1995,Action,2,3.5
1365,1344,Ridicule,1996,Drama,41,3.8536585365853657
1366,1345,The Crucible,1996,Drama,92,3.2934782608695654
1367,1346,101 Dalmatians,1996,Children's|Comedy,284,3.0316901408450705
1368,1347,The Forbidden Christ,1950,Drama,0,
1369,1348,I Can't Sleep,1994,Drama|Thriller,5,3.8
1370,1349,Die Hard 2,1990,Action|Thriller,911,3.531284302963776
1371,1350,Star Trek: The Motion Picture,1979,Action|Adventure|Sci-Fi,615,3.1447154471544714
1372,1351,Star Trek VI: The Undiscovered Country,1991,Action|Adventure|Sci-Fi,811,3.438964241676942
1373,1352,Star Trek V: The Final Frontier,1989,Action|Adventure|Sci-Fi,490,2.716326530612245
1374,1353,Star Trek: The Wrath of Khan,1982,Action|Adventure|Sci-Fi,1150,3.8730434782608696
1375,1354,Star Trek III: The Search for Spock,1984,Action|Adventure|Sci-Fi,742,3.349056603773585
1376,1355,Star Trek IV: The Voyage Home,1986,Action|Adventure|Sci-Fi,902,3.6507760532150777
1377,1356,Batman Returns,1992,Action|Adventure|Comedy|Crime,835,2.9760479041916166
1378,1357,Young Guns,1988,Action|Comedy|Western,446,3.414798206278027
1379,1358,Young Guns II,1990,Action|Comedy|Western,297,2.936026936026936
1380,1359,Grease,1978,Comedy|Musical|Romance,652,3.5644171779141103
1381,1360,Grease 2,1982,Comedy|Musical|Romance,245,1.926530612244898
1382,1361,Marked for Death,1990,Action|Drama,101,2.762376237623762
1383,1362,Adrenalin: Fear the Rush,1996,Action|Sci-Fi,9,1.3333333333333333
1384,1363,The Substance of Fire,1996,Drama,5,4.0
1385,1364,Under Siege,1992,Action,372,3.2768817204301075
1386,1365,Terror in a Texas Town,1958,Western,1,1.0
1387,1366,Jaws,1975,Action|Horror,1370,4.081021897810219
1388,1367,Jaws 2,1978,Action|Horror,299,2.6053511705685617
1389,1368,Jaws 3-D,1983,Action|Horror,168,1.8452380952380953
1390,1369,My Fellow Americans,1996,Comedy,96,3.21875
1391,1370,Mars Attacks!,1996,Action|Comedy|Sci-Fi|War,865,2.909826589595376
1392,1371,Citizen Ruth,1996,Comedy|Drama,168,3.7261904761904763
1393,1372,Jerry Maguire,1996,Drama|Romance,1083,3.754385964912281
1394,1373,Raising Arizona,1987,Comedy,1139,4.0307287093942055
1395,1374,Tin Men,1987,Comedy|Drama,233,3.3304721030042916
1396,1375,Sneakers,1992,Crime|Drama|Sci-Fi,874,3.7265446224256293
1397,1376,Bastard Out of Carolina,1996,Drama,54,3.6666666666666665
1398,1377,In Love and War,1996,Romance|War,54,3.259259259259259
1399,1378,Marvin's Room,1996,Drama,82,3.207317073170732
1400,1379,Somebody is Waiting,1996,Drama,0,
1401,1380,Ghosts of Mississippi,1996,Drama,125,3.552
1404,1381,Night Falls on Manhattan,1997,Crime|Drama,61,3.1147540983606556
1405,1382,Beavis and Butt-head Do America,1996,Animation|Comedy,389,3.0976863753213366
1406,1383,"Cérémonie, La",1995,Drama,21,3.4761904761904763
1407,1384,Scream,1996,Horror|Thriller,700,3.565714285714286
1408,1385,The Last of the Mohicans,1992,Action|Romance|War,780,3.796153846153846
1409,1386,Michael,1996,Comedy|Romance,324,3.04320987654321
1410,1387,The Evening Star,1996,Comedy|Drama,66,2.8181818181818183
1411,1388,Hamlet,1996,Drama,300,3.9266666666666667
1412,1389,Some Mother's Son,1996,Drama,17,3.9411764705882355
1413,1390,The Whole Wide World,1996,Drama,38,3.4210526315789473
1414,1391,Mother,1996,Comedy,134,3.611940298507463
1415,1392,Thieves,1996,Crime|Drama|Romance,34,3.588235294117647
1416,1393,Evita,1996,Drama|Musical,224,3.25
1417,1394,The Portrait of a Lady,1996,Drama,36,2.8333333333333335
1419,1395,Walkabout,1971,Drama,108,3.9074074074074074
1420,1396,Message to Love: The Isle of Wight Festival,1996,Documentary,6,3.8333333333333335
1421,1397,Grateful Dead,1995,Documentary,19,3.1578947368421053
1422,1398,Murder at 1600,1997,Mystery|Thriller,227,3.0352422907488985
1423,1399,Hearts and Minds,1996,Drama,11,4.545454545454546
1424,1400,Inside,1996,Action,0,
1425,1401,Fierce Creatures,1997,Comedy,131,3.2900763358778624
1426,1402,Zeus and Roxanne,1997,Children's,22,2.590909090909091
1427,1403,Turbulence,1997,Thriller,43,2.3488372093023258
1428,1404,Angel Baby,1995,Drama,47,3.2127659574468086
1429,1405,Jackie Chan's First Strike,1996,Action,237,3.3164556962025316
1430,1406,Underworld,1997,Thriller,1,1.0
1431,1407,Beverly Hills Ninja,1997,Action|Comedy,187,2.5080213903743314
1432,1408,Metro,1997,Action,78,2.8076923076923075
1433,1409,The Machine,1994,Comedy|Horror,4,1.25
1434,1410,The Stranger,1994,Action,1,4.0
1436,1411,Falling in Love Again,1980,Comedy,6,3.0
1437,1412,The Cement Garden,1993,Drama,18,3.0
1438,1413,Dante's Peak,1997,Action|Thriller,264,2.8257575757575757
1439,1414,Meet Wally Sparks,1997,Comedy,41,2.4634146341463414
1440,1415,Amos & Andrew,1993,Comedy,66,2.787878787878788
1441,1416,Benny & Joon,1993,Comedy|Romance,376,3.4574468085106385
1442,1417,Prefontaine,1997,Drama,62,3.129032258064516
1443,1418,A Tickle in the Heart,1996,Documentary,0,
1444,1419,Guantanamera,1994,Comedy,8,3.375
1445,1420,McHale's Navy,1997,Comedy|War,122,2.2131147540983607
1446,1421,Kolya,1996,Comedy,136,4.029411764705882
1447,1422,Gridlock'd,1997,Crime,44,3.3636363636363638
1448,1423,Fire on the Mountain,1996,Documentary,0,
1449,1424,Waiting for Guffman,1996,Comedy,363,4.1570247933884295
1450,1425,Prisoner of the Mountains,1996,War,11,3.727272727272727
1453,1426,The Beautician and the Beast,1997,Comedy|Romance,118,2.5338983050847457
1454,1427,SubUrbia,1997,Comedy,68,3.088235294117647
1455,1428,Hotel de Love,1996,Comedy|Romance,18,2.6666666666666665
1456,1429,The Pest,1997,Comedy,53,2.339622641509434
1457,1430,Fools Rush In,1997,Comedy|Romance,207,3.1256038647342996
1458,1431,Touch,1997,Romance,15,2.6
1459,1432,Absolute Power,1997,Mystery|Thriller,298,3.3557046979865772
1460,1433,That Darn Cat!,1997,Children's|Comedy|Mystery,77,2.7532467532467533
1461,1434,Vegas Vacation,1997,Comedy,174,2.5977011494252875
1462,1435,Unforgotten: Twenty-Five Years After Willowbrook,1996,Documentary,0,
1463,1436,That Old Feeling,1997,Comedy|Romance,29,3.0
1464,1437,Lost Highway,1997,Mystery,113,3.2831858407079646
1465,1438,Rosewood,1997,Drama,108,3.462962962962963
1466,1439,Donnie Brasco,1997,Crime|Drama,563,3.8010657193605684
1467,1440,Salut cousin!,1996,Comedy|Drama,0,
1468,1441,Booty Call,1997,Comedy|Romance,120,2.6
1470,1442,Rhyme & Reason,1997,Documentary,1,4.0
1471,1443,Boys Life 2,1997,Drama,2,3.0
1472,1444,City of Industry,1997,Crime|Thriller,43,3.255813953488372
1473,1445,Best Men,1997,Action|Comedy|Crime|Drama,34,2.7058823529411766
1474,1446,Jungle2Jungle,1997,Children's|Comedy,114,2.412280701754386
1475,1447,Kama Sutra: A Tale of Love,1996,Romance,68,3.0588235294117645
1476,1448,Private Parts,1997,Comedy|Drama,392,3.4744897959183674
1477,1449,Love Jones,1997,Romance,26,3.423076923076923
1479,1450,The Saint,1997,Action|Romance|Thriller,437,3.210526315789474
1480,1451,Smilla's Sense of Snow,1997,Action|Drama|Thriller,195,3.292307692307692
1482,1452,The Van,1996,Comedy|Drama,49,3.306122448979592
1483,1453,Crash,1996,Drama|Thriller,118,2.8135593220338984
1484,1454,The Daytrippers,1996,Mystery,93,3.752688172043011
1485,1455,Liar Liar,1997,Comedy,542,3.485239852398524
1486,1456,The Quiet Room,1996,Drama,6,3.3333333333333335
1487,1457,Selena,1997,Drama|Musical,132,3.0681818181818183
1488,1458,The Devil's Own,1997,Action|Drama|Thriller|War,228,2.8596491228070176
1489,1459,Cats Don't Dance,1997,Animation|Children's|Musical,32,2.5
1490,1460,B*A*P*S,1997,Comedy,19,1.631578947368421
1493,1461,Love and Other Catastrophes,1996,Romance,16,3.25
1494,1462,The Sixth Man,1997,Comedy,16,2.4375
1495,1463,Turbo: A Power Rangers Movie,1997,Action|Adventure|Children's,36,1.3611111111111112
1496,1464,Anna Karenina,1997,Drama|Romance,19,3.210526315789474
1497,1465,Double Team,1997,Action,40,2.075
1498,1466,Inventing the Abbotts,1997,Drama|Romance,113,3.1769911504424777
1499,1467,Anaconda,1997,Action|Adventure|Thriller,307,2.1726384364820848
1500,1468,Grosse Pointe Blank,1997,Comedy|Crime,906,3.814569536423841
1501,1469,Keys to Tulsa,1997,Crime,16,2.625
1502,1470,Kissed,1996,Romance,10,3.1
1503,1471,8 Heads in a Duffel Bag,1997,Comedy,111,2.3963963963963963
1504,1472,Hollow Reed,1996,Drama,12,3.5833333333333335
1507,1473,Paradise Road,1997,Drama|War,33,3.393939393939394
1508,1474,Traveller,1997,Drama,30,3.3
1509,1475,All Over Me,1997,Drama,16,3.5625
1510,1476,A Brother's Kiss,1997,Drama,2,2.5
1511,1477,A Chef in Love,1996,Comedy,15,3.533333333333333
1513,1478,Romy and Michele's High School Reunion,1997,Comedy,607,3.0345963756177925
1514,1479,Temptress Moon,1996,Romance,6,2.8333333333333335
1515,1480,Volcano,1997,Drama|Thriller,144,2.513888888888889
1516,1481,Children of the Revolution,1996,Comedy,41,3.707317073170732
1517,1482,Austin Powers: International Man of Mystery,1997,Comedy,933,3.735262593783494
1518,1483,Breakdown,1997,Action|Thriller,287,3.445993031358885
1519,1484,Broken English,1996,Drama,5,3.0
1520,1485,Commandments,1997,Romance,11,2.4545454545454546
1522,1486,Ripe,1996,Drama,7,2.4285714285714284
1523,1487,"Truth or Consequences, N.M.",1997,Action|Crime|Romance,48,2.5833333333333335
1524,1488,The Turning,1992,Drama,0,
1525,1489,Warriors of Virtue,1997,Action|Adventure|Children's|Fantasy,39,1.9487179487179487
1526,1490,Fathers' Day,1997,Comedy,77,2.4155844155844157
1527,1491,The Fifth Element,1997,Action|Sci-Fi,1087,3.6485740570377185
1528,1492,Intimate Relations,1996,Comedy,2,2.0
1529,1493,Nowhere,1997,Drama,26,3.3846153846153846
1531,1494,Losing Chase,1996,Drama,10,3.7
1532,1495,Sprung,1997,Comedy,4,2.5
1533,1496,The Promise,1996,Drama,19,3.8947368421052633
1534,1497,"Bonheur, Le",1965,Drama,6,3.6666666666666665
1535,1498,Love! Valour! Compassion!,1997,Drama|Romance,82,3.426829268292683
1537,1499,Shall We Dance?,1996,Comedy,289,4.131487889273356
1538,1500,The Second Jungle Book: Mowgli & Baloo,1997,Adventure|Children's,5,1.4
1539,1501,Twin Town,1997,Comedy|Crime,8,3.0
1541,1502,Addicted to Love,1997,Comedy|Romance,199,3.0954773869346734
1542,1503,Brassed Off,1996,Comedy|Drama|Romance,193,3.5440414507772022
1543,1504,The Designated Mourner,1997,Drama,6,3.3333333333333335
1544,1505,The Lost World: Jurassic Park,1997,Action|Adventure|Sci-Fi|Thriller,994,3.0301810865191148
1545,1506,Ponette,1996,Drama,59,4.203389830508475
1546,1507,Schizopolis,1996,Comedy,43,3.6744186046511627
1547,1508,Shiloh,1997,Children's|Drama,28,3.5357142857142856
1548,1509,The War at Home,1996,Drama,1,2.0
1549,1510,Rough Magic,1995,Drama|Romance,17,2.7058823529411766
1550,1511,Trial and Error,1997,Comedy|Romance,62,2.774193548387097
1551,1512,Buddy,1997,Adventure|Children's|Drama,26,2.9615384615384617
1552,1513,Con Air,1997,Action|Adventure|Thriller,778,3.2789203084832903
1553,1514,Late Bloomers,1996,Comedy,4,2.75
1554,1515,The Pillow Book,1995,Drama|Romance,118,3.4915254237288136
1555,1516,"To Have, or Not",1995,Drama,2,3.0
1556,1517,Speed 2: Cruise Control,1997,Action|Romance|Thriller,289,1.8823529411764706
1557,1518,Squeeze,1996,Drama,0,
1558,1519,Sudden Manhattan,1996,Comedy,2,1.5
1559,1520,The Next Step,1995,Drama,0,
1561,1521,Wedding Bell Blues,1996,Comedy,3,3.0
1562,1522,Batman & Robin,1997,Action|Adventure|Crime,496,2.2419354838709675
1563,1523,Dream With the Fishes,1997,Drama,33,3.606060606060606
1564,1524,Roseanna's Grave,1997,Comedy|Romance,30,3.9
1565,1525,Head Above Water,1996,Comedy|Thriller,13,3.0
1566,1526,Hercules,1997,Adventure|Animation|Children's|Comedy|Musical,384,3.265625
1567,1527,The Last Time I Committed Suicide,1997,Drama,5,3.8
1568,1528,MURDER and murder,1996,Crime|Drama|Mystery,0,
1569,1529,My Best Friend's Wedding,1997,Comedy|Romance,657,3.3987823439878233
1570,1530,Tetsuo II: Body Hammer,1992,Sci-Fi,16,3.125
1571,1531,When the Cats Away,1996,Comedy|Romance,36,3.9166666666666665
1572,1532,Contempt,1963,Drama,22,3.6818181818181817
1573,1533,Face/Off,1997,Action|Sci-Fi|Thriller,1114,3.3967684021543985
1574,1534,Fall,1997,Romance,13,2.8461538461538463
1575,1535,Gabbeh,1996,Drama,11,3.0
1577,1536,Mondo,1996,Drama,0,
1578,1537,The Innocent Sleep,1995,Crime,0,
1579,1538,For Ever Mozart,1996,Drama,1,3.0
1580,1539,Men in Black,1997,Action|Adventure|Comedy|Sci-Fi,2039,3.7528200098087297
1581,1540,Out to Sea,1997,Comedy,50,2.88
1582,1541,Wild America,1997,Adventure|Children's,42,3.238095238095238
1583,1542,A Simple Wish,1997,Children's|Fantasy,18,2.5
1584,1543,Contact,1997,Drama|Sci-Fi,1096,3.752737226277372
1585,1544,Love Serenade,1996,Comedy,23,3.130434782608696
1586,1545,G.I. Jane,1997,Action|Drama|War,431,3.109048723897912
1587,1546,Conan the Barbarian,1982,Action|Adventure,468,3.393162393162393
1588,1547,George of the Jungle,1997,Children's|Comedy,235,3.123404255319149
1589,1548,Cop Land,1997,Crime|Drama|Mystery,398,3.341708542713568
1590,1549,Event Horizon,1997,Action|Mystery|Sci-Fi|Thriller,399,2.50125313283208
1591,1550,Spawn,1997,Action|Adventure|Sci-Fi|Thriller,366,2.587431693989071
1592,1551,Air Bud,1997,Children's|Comedy,96,2.6145833333333335
1593,1552,Picture Perfect,1997,Comedy|Romance,124,2.838709677419355
1594,1553,In the Company of Men,1997,Drama,233,3.776824034334764
1595,1554,Free Willy 3: The Rescue,1997,Adventure|Children's|Drama,51,1.7647058823529411
1596,1555,Career Girls,1997,Drama,25,3.56
1597,1556,Conspiracy Theory,1997,Action|Mystery|Romance|Thriller,643,3.402799377916019
1598,1557,Desperate Measures,1998,Crime|Drama|Thriller,93,2.7096774193548385
1599,1558,Steel,1997,Action,55,1.709090909090909
1600,1559,She's So Lovely,1997,Drama|Romance,64,2.890625
1601,1560,Hoodlum,1997,Crime|Drama|Film-Noir,54,2.6666666666666665
1602,1561,Leave It to Beaver,1997,Comedy,29,2.2413793103448274
1603,1562,Mimic,1997,Sci-Fi|Thriller,281,2.9395017793594307
1604,1563,Money Talks,1997,Action|Comedy,54,2.7962962962962963
1605,1564,Excess Baggage,1997,Adventure|Romance,77,2.675324675324675
1606,1565,Kull the Conqueror,1997,Action|Adventure,85,2.3411764705882354
1608,1566,Air Force One,1997,Action|Thriller,861,3.5853658536585367
1609,1567,187,1997,Drama,48,2.7291666666666665
1610,1568,The Hunt for Red October,1990,Action|Thriller,1307,4.0589135424636575
1611,1569,My Own Private Idaho,1991,Drama,179,3.374301675977654
1612,1570,"Kiss Me, Guido",1997,Comedy,48,3.2916666666666665
1613,1571,Star Maps,1997,Drama,28,2.892857142857143
1614,1572,In & Out,1997,Comedy,329,3.3009118541033433
1615,1573,The Edge,1997,Adventure|Thriller,179,3.642458100558659
1616,1574,The Peacemaker,1997,Action|Thriller|War,314,3.127388535031847
1617,1575,L.A. Confidential,1997,Crime|Film-Noir|Mystery|Thriller,1836,4.23202614379085
1619,1576,Seven Years in Tibet,1997,Drama|War,299,3.4381270903010033
1620,1577,Kiss the Girls,1997,Crime|Drama|Thriller,332,3.3463855421686746
1621,1578,Soul Food,1997,Drama,72,3.3194444444444446
1622,1579,Kicked in the Head,1997,Comedy|Drama,3,2.3333333333333335
1623,1580,Wishmaster,1997,Horror,105,2.2476190476190476
1624,1581,A Thousand Acres,1997,Drama,38,2.736842105263158
1625,1582,The Game,1997,Mystery|Thriller,691,3.8929088277858175
1626,1583,Fire Down Below,1997,Action|Drama|Thriller,67,2.5522388059701493
1627,1584,U Turn,1997,Action|Crime|Mystery,199,3.07035175879397
1628,1585,The Locusts,1997,Drama,0,
1629,1586,The MatchMaker,1997,Comedy|Romance,83,3.072289156626506
1630,1587,The Lay of the Land,1997,Comedy|Drama,1,2.0
1631,1588,The Assignment,1997,Thriller,42,3.619047619047619
1632,1589,A Smile Like Yours,1997,Comedy|Romance,16,2.5625
1633,1590,Ulee's Gold,1997,Drama,200,3.68
1635,1591,The Ice Storm,1997,Drama,393,3.83206106870229
1636,1592,Stag,1997,Action|Thriller,5,2.4
1639,1593,Chasing Amy,1997,Drama|Romance,788,3.798223350253807
1640,1594,How to Be a Player,1997,Comedy,71,2.5774647887323945
1641,1595,The Full Monty,1997,Comedy,971,3.873326467559217
1642,1596,Indian Summer,1996,Comedy|Drama,59,3.0508474576271185
1643,1597,Mrs. Brown,1997,Drama|Romance,211,3.890995260663507
1644,1598,I Know What You Did Last Summer,1997,Horror|Mystery|Thriller,373,2.640750670241287
1645,1599,The Devil's Advocate,1997,Crime|Horror|Mystery|Thriller,658,3.4164133738601823
1646,1600,Rocket Man,1997,Comedy,71,2.8732394366197185
1647,1601,Playing God,1997,Crime|Thriller,71,2.887323943661972
1648,1602,The House of Yes,1997,Comedy|Drama|Thriller,154,3.487012987012987
1649,1603,"Fast, Cheap & Out of Control",1997,Documentary,148,3.8513513513513513
1650,1604,Washington Square,1997,Drama,41,3.3658536585365852
1651,1605,Telling Lies in America,1997,Drama,15,2.8666666666666667
1652,1606,Year of the Horse,1997,Documentary,3,3.6666666666666665
1653,1607,Gattaca,1997,Drama|Sci-Fi|Thriller,862,3.7169373549883993
1654,1608,FairyTale: A True Story,1997,Children's|Drama|Fantasy,68,3.338235294117647
1655,1609,Phantoms,1998,Horror,58,2.4827586206896552
1656,1610,Swept from the Sea,1997,Romance,11,3.272727272727273
1657,1611,Wonderland,1997,Documentary,17,3.3529411764705883
1658,1612,A Life Less Ordinary,1997,Romance|Thriller,87,3.206896551724138
1659,1613,Hurricane Streets,1998,Drama,6,3.1666666666666665
1660,1614,Eve's Bayou,1997,Drama,140,3.5714285714285716
1661,1615,Switchback,1997,Thriller,77,3.155844155844156
1662,1616,Gang Related,1997,Crime,17,2.823529411764706
1663,1617,Stripes,1981,Comedy,589,3.845500848896435
1664,1618,Nénette et Boni,1996,Drama,4,4.25
1665,1619,Bean,1997,Comedy,166,2.6626506024096384
1666,1620,Hugo Pool,1997,Romance,15,2.6
1667,1621,Mad City,1997,Action|Drama,89,2.853932584269663
1668,1622,One Night Stand,1997,Drama,31,2.4838709677419355
1669,1623,The Tango Lesson,1997,Romance,34,3.4411764705882355
1670,1624,Welcome To Sarajevo,1997,Drama|War,71,3.4225352112676055
1671,1625,Deceiver,1997,Crime,12,3.0833333333333335
1672,1626,The Rainmaker,1997,Drama,246,3.6341463414634148
1673,1627,Boogie Nights,1997,Drama,901,3.7380688124306327
1674,1628,Witness,1985,Drama|Romance|Thriller,835,3.9880239520958085
1675,1629,Incognito,1997,Crime|Thriller,11,3.090909090909091
1676,1630,Starship Troopers,1997,Action|Adventure|Sci-Fi|War,918,3.1263616557734206
1677,1631,Critical Care,1997,Comedy,28,2.75
1678,1632,The Joy Luck Club,1993,Drama,379,3.8390501319261214
1679,1633,Chairman of the Board,1998,Comedy,19,2.0526315789473686
1680,1634,Sliding Doors,1998,Drama|Romance,369,3.799457994579946
1681,1635,Mortal Kombat: Annihilation,1997,Action|Adventure,108,2.1666666666666665
1682,1636,The Truman Show,1998,Drama,797,3.86198243412798
1683,1637,The Wings of the Dove,1997,Drama|Romance|Thriller,179,3.782122905027933
1684,1638,Mrs. Dalloway,1997,Romance,45,3.7777777777777777
1685,1639,"I Love You, I Love You Not",1996,Romance,6,3.5
1686,1640,Red Corner,1997,Crime|Thriller,89,3.168539325842697
1687,1641,The Jackal,1997,Action|Thriller,275,3.04
1688,1642,Anastasia,1997,Animation|Children's|Musical,240,3.4125
1689,1643,The Man Who Knew Too Little,1997,Comedy|Mystery,200,3.14
1690,1644,Alien: Resurrection,1997,Action|Horror|Sci-Fi,603,2.9635157545605306
1692,1645,Alien Escape,1995,Horror|Sci-Fi,15,2.3333333333333335
1693,1646,Amistad,1997,Drama,281,3.676156583629893
1694,1647,The Apostle,1997,Drama,370,3.7405405405405405
1695,1648,Artemisia,1997,Drama,27,3.7037037037037037
1696,1649,Bent,1997,Drama|War,18,3.6666666666666665
1697,1650,The Big Bang Theory,1994,Crime,0,
1698,1651,"Boys, Les",1997,Comedy,0,
1699,1652,The Butcher Boy,1998,Drama,125,3.448
1701,1653,Deconstructing Harry,1997,Comedy|Drama,226,3.393805309734513
1702,1654,Flubber,1997,Children's|Comedy|Fantasy,243,2.617283950617284
1703,1655,For Richer or Poorer,1997,Comedy,51,2.9215686274509802
1704,1656,Good Will Hunting,1997,Drama,1243,4.178600160901046
1705,1657,Guy,1996,Drama,0,
1706,1658,Harlem River Drive,1996,Drama,0,
1707,1659,Home Alone 3,1997,Children's|Comedy,119,2.008403361344538
1708,1660,Ill Gotten Gains,1997,Drama,0,
1709,1661,Legal Deceit,1997,Thriller,1,2.0
1710,1662,Man of Her Dreams,1996,Drama,0,
1711,1663,Midnight in the Garden of Good and Evil,1997,Comedy|Crime|Drama|Mystery,497,3.2354124748490944
1713,1664,Mouse Hunt,1997,Children's|Comedy,183,3.081967213114754
1714,1665,Never Met Picasso,1996,Romance,1,2.0
1715,1666,Office Killer,1997,Thriller,11,3.1818181818181817
1716,1667,"Other Voices, Other Rooms",1997,Drama,0,
1717,1668,Scream 2,1997,Horror|Thriller,370,2.9891891891891893
1718,1669,Stranger in the House,1997,Thriller,4,2.25
1719,1670,The Sweet Hereafter,1997,Drama,308,4.074675324675325
1720,1671,Time Tracers,1995,Action|Adventure|Sci-Fi,5,1.2
1721,1672,Titanic,1997,Drama|Romance,1252,3.626996805111821
1722,1673,Tomorrow Never Dies,1997,Action|Romance|Thriller,698,3.4469914040114613
1723,1674,Twisted,1996,Comedy|Drama,0,
1724,1675,Full Speed,1996,Drama,0,
1725,1676,The Education of Little Tree,1997,Drama,18,3.7222222222222223
1726,1677,The Postman,1997,Drama,115,2.8173913043478263
1727,1678,The Horse Whisperer,1998,Drama,161,3.217391304347826
1728,1679,The Winter Guest,1997,Drama,20,3.35
1729,1680,Jackie Brown,1997,Crime|Drama,580,3.703448275862069
1730,1681,Kundun,1997,Drama,140,3.75
1731,1682,Mr. Magoo,1997,Comedy,57,1.8771929824561404
1732,1683,The Big Lebowski,1998,Comedy|Crime|Mystery|Thriller,868,3.7419354838709675
1733,1684,Afterglow,1997,Drama|Romance,62,3.032258064516129
1734,1685,My Life in Pink,1997,Comedy|Drama,157,3.8089171974522293
1735,1686,Great Expectations,1998,Drama|Romance,214,3.196261682242991
1738,1687,Vermin,1998,Comedy,0,
1739,1688,3 Ninjas: High Noon On Mega Mountain,1998,Action|Children's,37,1.3243243243243243
1740,1689,Men of Means,1998,Action|Drama,0,
1741,1690,Midaq Alley,1995,Drama,3,4.0
1742,1691,Caught Up,1998,Crime,0,
1743,1692,Arguing the World,1996,Documentary,11,3.909090909090909
1744,1693,Firestorm,1998,Action|Adventure|Thriller,63,2.6507936507936507
1746,1694,Senseless,1998,Comedy,45,2.8
1747,1695,Wag the Dog,1997,Comedy|Drama,717,3.503486750348675
1748,1696,Dark City,1998,Film-Noir|Sci-Fi|Thriller,697,3.8278335724533714
1749,1697,The Leading Man,1996,Romance,9,3.2222222222222223
1750,1698,Star Kid,1997,Adventure|Children's|Fantasy|Sci-Fi,47,2.234042553191489
1752,1699,Hard Rain,1998,Action|Thriller,167,2.6646706586826348
1753,1700,Half Baked,1998,Comedy,166,3.1626506024096384
1754,1701,Fallen,1998,Action|Mystery|Thriller,307,3.3680781758957656
1755,1702,Shooting Fish,1997,Romance,23,3.4782608695652173
1756,1703,The Prophecy II,1998,Horror,41,2.5121951219512195
1757,1704,Duoluo tianshi,1995,Drama,0,
1758,1705,Dangerous Beauty,1998,Drama,83,3.674698795180723
1759,1706,Four Days in September,1997,Drama,40,4.05
1760,1707,Spice World,1997,Comedy|Musical,160,1.86875
1762,1708,Deep Rising,1998,Action|Horror|Sci-Fi,180,2.6944444444444446
1764,1709,Tainted,1998,Comedy|Thriller,1,3.0
1765,1710,A Letter From Death Row,1998,Crime|Drama,0,
1767,1711,Music From Another Room,1998,Drama|Romance,23,3.130434782608696
1768,1712,Mat' i syn,1997,Drama,0,
1769,1713,The Replacement Killers,1998,Action|Thriller,256,3.17578125
1770,1714,B. Monkey,1998,Romance|Thriller,17,3.588235294117647
1771,1715,Night Flier,1997,Horror,35,2.4857142857142858
1772,1716,Blues Brothers 2000,1998,Action|Comedy|Musical,177,2.4237288135593222
1773,1717,Tokyo Fist,1995,Action|Drama,2,2.5
1774,1718,Mass Transit,1998,Comedy|Drama,0,
1776,1719,Ride,1998,Drama,0,
1777,1720,The Wedding Singer,1998,Comedy|Romance,725,3.460689655172414
1779,1721,Sphere,1998,Adventure|Sci-Fi|Thriller,437,2.652173913043478
1780,1722,Ayn Rand: A Sense of Life,1997,Documentary,6,4.166666666666667
1781,1723,A Further Gesture,1996,Drama,0,
1782,1724,Little City,1998,Comedy|Romance,8,2.5
1783,1725,Palmetto,1998,Film-Noir|Mystery|Thriller,177,2.926553672316384
1784,1726,As Good As It Gets,1997,Comedy|Drama,1139,3.9534679543459177
1785,1727,King of New York,1990,Action|Crime,144,3.3680555555555554
1787,1728,A Paralyzing Fear: The Story of Polio in America,1998,Documentary,2,3.5
1788,1729,Men With Guns,1997,Action|Drama,68,4.014705882352941
1789,1730,The Sadness of Sex,1995,Drama,0,
1791,1731,Twilight,1998,Crime|Drama,43,3.0232558139534884
1792,1732,U.S. Marshalls,1998,Action|Thriller,352,3.1306818181818183
1793,1733,Welcome to Woop-Woop,1997,Comedy,9,1.7777777777777777
1794,1734,Love and Death on Long Island,1997,Comedy|Drama,119,3.411764705882353
1795,1735,"Callejón de los milagros, El",1995,Drama,2,4.5
1796,1736,In God's Hands,1998,Action|Drama,5,2.4
1797,1737,Everest,1998,Documentary,140,3.992857142857143
1798,1738,Hush,1998,Thriller,32,2.71875
1799,1739,Suicide Kings,1997,Crime|Drama,175,3.36
1801,1740,The Man in the Iron Mask,1998,Action|Drama|Romance,319,3.0376175548589344
1804,1741,The Newton Boys,1998,Crime|Drama,105,3.104761904761905
1805,1742,Wild Things,1998,Crime|Drama|Mystery|Thriller,497,3.430583501006036
1806,1743,Paulie,1998,Adventure|Children's|Comedy,139,2.920863309352518
1807,1744,A Cool Dry Place,1998,Drama,11,3.4545454545454546
1809,1745,Hana-bi,1997,Comedy|Crime|Drama,29,3.7241379310344827
1810,1746,Primary Colors,1998,Drama,285,3.56140350877193
1811,1747,"Niagara, Niagara",1997,Drama,9,3.7777777777777777
1812,1748,Wide Awake,1998,Children's|Comedy|Drama,32,3.375
1814,1749,A Price Above Rubies,1998,Drama,25,3.36
1815,1750,Eden,1997,Drama,1,2.0
1816,1751,Two Girls and a Guy,1997,Comedy|Drama,80,2.975
1817,1752,No Looking Back,1998,Comedy|Drama|Romance,9,2.888888888888889
1819,1753,Storefront Hitchcock,1997,Drama,0,
1820,1754,The Proposition,1998,Drama,1,2.0
1821,1755,The Object of My Affection,1998,Comedy|Romance,177,3.1920903954802258
1822,1756,Meet the Deedles,1998,Children's|Comedy,14,2.2142857142857144
1824,1757,Homegrown,1998,Comedy|Thriller,72,3.3194444444444446
1825,1758,The Player's Club,1998,Action|Drama,28,2.6785714285714284
1826,1759,Barney's Great Adventure,1998,Adventure|Children's,32,1.40625
1827,1760,The Big One,1997,Comedy|Documentary,80,3.95
1829,1761,Chinese Box,1997,Drama|Romance,32,3.0
1830,1762,Follow the Bitch,1998,Comedy,1,5.0
1831,1763,Lost in Space,1998,Action|Sci-Fi|Thriller,536,2.5690298507462686
1832,1764,Heaven's Burning,1997,Action|Drama,1,4.0
1833,1765,Mercury Rising,1998,Action|Drama|Thriller,221,3.0407239819004523
1834,1766,The Spanish Prisoner,1997,Drama|Thriller,395,3.921518987341772
1835,1767,City of Angels,1998,Romance,307,3.257328990228013
1836,1768,The Last Days of Disco,1998,Drama,112,3.3214285714285716
1837,1769,The Odd Couple II,1998,Comedy,57,2.6491228070175437
1839,1770,My Giant,1998,Comedy,53,2.2641509433962264
1840,1771,He Got Game,1998,Drama,125,3.4
1841,1772,The Gingerbread Man,1998,Drama|Thriller,78,2.9358974358974357
1842,1773,Illtown,1996,Crime|Drama,2,4.0
1843,1774,Slappy and the Stinkers,1998,Children's|Comedy,1,3.0
1844,1775,Live Flesh,1997,Drama,24,3.875
1845,1776,Zero Effect,1998,Comedy|Thriller,236,3.788135593220339
1846,1777,Nil By Mouth,1997,Drama,16,3.1875
1847,1778,Ratchet,1996,Drama|Thriller,0,
1848,1779,The Borrowers,1997,Adventure|Children's|Comedy|Fantasy,151,3.0596026490066226
1849,1780,Prince Valiant,1997,Adventure,5,2.2
1850,1781,"I Love You, Don't Touch Me!",1998,Drama|Romance,10,2.6
1851,1782,Leather Jacket Love Story,1997,Drama|Romance,1,4.0
1852,1783,Love Walked In,1998,Drama|Thriller,1,2.0
1853,1784,An Alan Smithee Film: Burn Hollywood Burn,1997,Comedy,13,1.9230769230769231
1854,1785,Kissing a Fool,1998,Comedy|Romance,30,3.033333333333333
1855,1786,Krippendorf's Tribe,1998,Comedy,75,2.48
1856,1787,Kurt & Courtney,1998,Documentary|Musical,58,3.1551724137931036
1857,1788,The Real Blonde,1997,Comedy,18,3.111111111111111
1858,1789,Mr. Nice Guy,1997,Action|Comedy,130,3.3
1859,1790,Taste of Cherry,1997,Drama,22,3.409090909090909
1860,1791,Character,1997,Drama,39,3.769230769230769
1861,1792,Junk Mail,1997,Comedy|Thriller,3,3.3333333333333335
1862,1793,Species II,1998,Horror|Sci-Fi,151,2.0397350993377485
1863,1794,Major League: Back to the Minors,1998,Comedy,102,2.2549019607843137
1864,1795,Sour Grapes,1998,Comedy,9,2.6666666666666665
1865,1796,Wild Man Blues,1998,Documentary,41,3.4878048780487805
1866,1797,The Big Hit,1998,Action|Comedy,165,3.084848484848485
1867,1798,Tarzan and the Lost City,1998,Action|Adventure,31,2.4193548387096775
1868,1799,The Truce,1996,Drama|War,1,1.0
1869,1800,Black Dog,1998,Action|Thriller,44,2.2954545454545454
1870,1801,"Dancer, Texas Pop. 81",1998,Comedy|Drama,57,3.473684210526316
1871,1802,A Friend of the Deceased,1997,Comedy|Drama,3,4.0
1872,1803,Go Now,1995,Drama,9,3.2222222222222223
1873,1804,"Misérables, Les",1998,Drama,201,3.7512437810945274
1874,1805,Still Breathing,1997,Comedy|Romance,22,3.4545454545454546
1875,1806,Clockwatchers,1997,Comedy,125,3.352
1876,1807,Deep Impact,1998,Action|Drama|Sci-Fi|Thriller,732,3.1871584699453552
1877,1808,Little Men,1998,Drama,4,2.5
1878,1809,Woo,1998,Comedy|Romance,9,1.6666666666666667
1879,1810,The Hanging Garden,1997,Drama,18,4.0
1880,1811,Lawn Dogs,1997,Drama,25,3.4
1881,1812,Quest for Camelot,1998,Adventure|Animation|Children's|Fantasy,58,2.689655172413793
1882,1813,Godzilla,1998,Action|Sci-Fi,388,2.3376288659793816
1883,1814,Bulworth,1998,Comedy,534,3.4176029962546814
1884,1815,Fear and Loathing in Las Vegas,1998,Comedy|Drama,230,3.3086956521739133
1885,1816,The Opposite of Sex,1998,Comedy|Drama,485,3.6927835051546394
1886,1817,I Got the Hook Up,1998,Comedy,4,2.75
1887,1818,Almost Heroes,1998,Adventure|Comedy,48,2.5833333333333335
1888,1819,Hope Floats,1998,Comedy|Drama|Romance,301,2.993355481727575
1889,1820,Insomnia,1997,Thriller,38,3.8684210526315788
1890,1821,Little Boy Blue,1997,Drama,6,2.3333333333333335
1891,1822,The Ugly,1997,Horror|Thriller,9,1.8888888888888888
1892,1823,A Perfect Murder,1998,Mystery|Thriller,328,3.3658536585365852
1893,1824,Beyond Silence,1996,Drama,19,3.736842105263158
1894,1825,Six Days Seven Nights,1998,Adventure|Comedy|Romance,380,2.9789473684210526
1895,1826,Can't Hardly Wait,1998,Comedy|Drama|Romance,254,3.248031496062992
1896,1827,Cousin Bette,1998,Comedy,33,3.121212121212121
1897,1828,High Art,1998,Drama|Romance,111,3.5135135135135136
1898,1829,The Land Girls,1998,Drama|War,12,3.6666666666666665
1899,1830,Passion in the Desert,1998,Adventure|Drama,7,3.4285714285714284
1900,1831,The Children of Heaven,1997,Drama,43,4.046511627906977
1901,1832,Dear Jesse,1997,Documentary,4,4.5
1902,1833,Dream for an Insomniac,1996,Drama|Romance,23,3.3043478260869565
1903,1834,Hav Plenty,1997,Comedy,6,3.3333333333333335
1904,1835,Henry Fool,1997,Comedy|Drama,98,3.5816326530612246
1905,1836,Marie Baie Des Anges,1997,Drama,2,1.5
1906,1837,Mr. Jealousy,1997,Comedy|Romance,24,3.25
1907,1838,Mulan,1998,Animation|Children's,387,3.772609819121447
1908,1839,Resurrection Man,1998,Drama|Thriller,1,3.0
1909,1840,The X-Files: Fight the Future,1998,Mystery|Sci-Fi|Thriller,784,3.4744897959183674
1910,1841,I Went Down,1997,Action|Comedy|Crime,36,3.7777777777777777
1911,1842,Doctor Dolittle,1998,Comedy,440,2.9295454545454547
1912,1843,Out of Sight,1998,Action|Crime|Romance,736,3.823369565217391
1913,1844,Picnic at Hanging Rock,1975,Drama|Mystery,132,3.8106060606060606
1914,1845,Smoke Signals,1998,Comedy|Drama,302,3.8311258278145695
1915,1846,Voyage to the Beginning of the World,1997,Drama,1,4.0
1916,1847,Buffalo 66,1998,Action|Comedy|Drama,284,3.517605633802817
1917,1848,Armageddon,1998,Action|Adventure|Sci-Fi|Thriller,885,3.2011299435028246
1918,1849,Lethal Weapon 4,1998,Action|Comedy|Crime|Drama,522,3.1494252873563218
1919,1850,Madeline,1998,Children's|Comedy,92,3.2065217391304346
1920,1851,Small Soldiers,1998,Animation|Children's|Fantasy|War,294,2.802721088435374
1921,1852,Pi,1998,Sci-Fi|Thriller,497,3.806841046277666
1922,1853,Whatever,1998,Drama,37,3.5405405405405403
1923,1854,There's Something About Mary,1998,Comedy,1105,3.9122171945701356
1924,1855,Plan 9 from Outer Space,1958,Horror|Sci-Fi,205,2.658536585365854
1925,1856,Wings,1927,Drama|Romance|War,33,3.9696969696969697
1926,1857,The Broadway Melody,1929,Musical,24,3.125
1927,1858,All Quiet on the Western Front,1930,War,212,4.268867924528302
1928,1859,Cimarron,1931,Western,22,3.5
1929,1860,Grand Hotel,1932,Drama,68,3.7794117647058822
1930,1861,Cavalcade,1933,Drama,2,3.0
1931,1862,Mutiny on the Bounty,1935,Adventure,176,4.0397727272727275
1932,1863,The Great Ziegfeld,1936,Musical,32,3.28125
1933,1864,The Life of Émile Zola,1937,Drama,19,3.473684210526316
1934,1865,You Can't Take It With You,1938,Comedy,61,3.9836065573770494
1935,1866,How Green Was My Valley,1941,Drama,84,4.035714285714286
1936,1867,Mrs. Miniver,1942,Drama|War,65,3.923076923076923
1937,1868,Going My Way,1944,Comedy,50,3.88
1938,1869,The Lost Weekend,1945,Drama,94,3.893617021276596
1939,1870,The Best Years of Our Lives,1946,Drama|War,185,4.075675675675676
1940,1871,Gentleman's Agreement,1947,Drama,68,3.838235294117647
1941,1872,Hamlet,1948,Drama,87,3.6666666666666665
1942,1873,All the King's Men,1949,Drama,93,4.010752688172043
1943,1874,The Greatest Show on Earth,1952,Drama,47,3.382978723404255
1944,1875,From Here to Eternity,1953,Drama|Romance|War,295,4.054237288135593
1945,1876,On the Waterfront,1954,Crime|Drama,400,4.2975
1946,1877,Marty,1955,Drama|Romance,166,3.9819277108433737
1947,1878,West Side Story,1961,Musical|Romance,595,4.045378151260504
1948,1879,Tom Jones,1963,Comedy,163,3.8773006134969323
1949,1880,A Man for All Seasons,1966,Drama,172,4.203488372093023
1950,1881,In the Heat of the Night,1967,Drama|Mystery,273,4.113553113553113
1951,1882,Oliver!,1968,Musical,175,3.697142857142857
1952,1883,Midnight Cowboy,1969,Drama,528,4.113636363636363
1953,1884,The French Connection,1971,Action|Crime|Drama|Thriller,677,4.07533234859675
1954,1885,Rocky,1976,Action|Drama,896,3.9408482142857144
1955,1886,Kramer Vs. Kramer,1979,Drama,359,3.8050139275766015
1956,1887,Ordinary People,1980,Drama,427,3.9859484777517564
1957,1888,Chariots of Fire,1981,Drama,517,3.762088974854932
1958,1889,Terms of Endearment,1983,Comedy|Drama,427,3.6252927400468384
1959,1890,Out of Africa,1985,Drama|Romance,513,3.617933723196881
1960,1891,The Last Emperor,1987,Drama|War,493,3.9634888438133875
1961,1892,Rain Man,1988,Drama,1051,4.0627973358705995
1962,1893,Driving Miss Daisy,1989,Drama,521,3.8829174664107486
1963,1894,Take the Money and Run,1969,Comedy,209,4.0669856459330145
1964,1895,Klute,1971,Drama|Mystery,255,3.819607843137255
1965,1896,Repo Man,1984,Comedy|Sci-Fi,605,3.669421487603306
1966,1897,Metropolitan,1990,Comedy,160,3.625
1967,1898,Labyrinth,1986,Adventure|Children's|Fantasy,447,3.6241610738255035
1968,1899,The Breakfast Club,1985,Comedy|Drama,1213,3.882934872217642
1969,1900,A Nightmare on Elm Street Part 2: Freddy's Revenge,1985,Horror,216,2.361111111111111
1970,1901,A Nightmare on Elm Street 3: Dream Warriors,1987,Horror,220,2.6
1971,1902,A Nightmare on Elm Street 4: The Dream Master,1988,Horror,187,2.2459893048128343
1972,1903,A Nightmare on Elm Street 5: The Dream Child,1989,Horror,166,1.9939759036144578
1973,1904,Freddy's Dead: The Final Nightmare,1991,Horror,168,2.232142857142857
1974,1905,Friday the 13th,1980,Horror,243,3.0246913580246915
1975,1906,Friday the 13th Part 2,1981,Horror,146,2.4726027397260273
1976,1907,Friday the 13th Part 3: 3D,1982,Horror,163,2.0
1977,1908,Friday the 13th: The Final Chapter,1984,Horror,146,2.2739726027397262
1978,1909,Friday the 13th Part V: A New Beginning,1985,Horror,88,2.1136363636363638
1979,1910,Friday the 13th Part VI: Jason Lives,1986,Horror,93,2.129032258064516
1980,1911,Friday the 13th Part VII: The New Blood,1988,Horror,70,2.242857142857143
1981,1912,Friday the 13th Part VIII: Jason Takes Manhattan,1989,Horror,68,1.838235294117647
1982,1913,Halloween,1978,Horror,420,3.6785714285714284
1983,1914,Halloween II,1981,Horror,152,2.7302631578947367
1984,1915,Halloween III: Season of the Witch,1983,Horror,90,2.1
1985,1916,Halloween 4: The Return of Michael Myers,1988,Horror,104,2.4711538461538463
1986,1917,Halloween 5: The Revenge of Michael Myers,1989,Horror,101,2.0495049504950495
1987,1918,Prom Night,1980,Horror,74,2.2837837837837838
1988,1919,Hello Mary Lou: Prom Night II,1987,Horror,34,2.0588235294117645
1989,1920,Prom Night III: The Last Kiss,1989,Horror,10,1.3
1990,1921,Prom Night IV: Deliver Us From Evil,1992,Horror,14,1.4285714285714286
1991,1922,Child's Play,1988,Horror,187,2.663101604278075
1992,1923,Child's Play 2,1990,Horror,108,2.0833333333333335
1993,1924,Child's Play 3,1992,Horror,81,1.8148148148148149
1994,1925,Poltergeist,1982,Horror|Thriller,637,3.7032967032967035
1995,1926,Poltergeist II: The Other Side,1986,Horror|Thriller,143,2.4335664335664338
1996,1927,Poltergeist III,1988,Horror|Thriller,93,1.8279569892473118
1997,1928,The Exorcist,1973,Horror,713,3.917251051893408
1998,1929,Exorcist II: The Heretic,1977,Horror,91,1.7912087912087913
1999,1930,The Exorcist III,1990,Horror,102,2.7058823529411766
2000,1931,Lethal Weapon,1987,Action|Comedy|Crime|Drama,1314,3.8926940639269407
2001,1932,Lethal Weapon 2,1989,Action|Comedy|Crime|Drama,802,3.554862842892768
2002,1933,Lethal Weapon 3,1992,Action|Comedy|Crime|Drama,641,3.290171606864275
2003,1934,Gremlins,1984,Comedy|Horror,625,3.3024
2004,1935,Gremlins 2: The New Batch,1990,Comedy|Horror,301,2.485049833887043
2005,1936,The Goonies,1985,Adventure|Children's|Fantasy,551,3.5027223230490017
2006,1937,The Mask of Zorro,1998,Action|Adventure|Romance,769,3.5708712613784135
2007,1938,Polish Wedding,1998,Comedy,50,2.6
2008,1939,"This World, Then the Fireworks",1996,Crime|Drama|Film-Noir,12,2.5833333333333335
2009,1940,Soylent Green,1973,Sci-Fi|Thriller,328,3.5091463414634148
2010,1941,Metropolis,1926,Sci-Fi,324,4.061728395061729
2011,1942,Back to the Future Part II,1989,Comedy|Sci-Fi,936,3.33974358974359
2012,1943,Back to the Future Part III,1990,Comedy|Sci-Fi|Western,915,3.246994535519126
2013,1944,The Poseidon Adventure,1972,Action|Adventure,483,3.459627329192547
2014,1945,Freaky Friday,1977,Children's|Comedy,150,3.1866666666666665
2015,1946,The Absent Minded Professor,1961,Children's|Comedy|Fantasy,297,3.468013468013468
2016,1947,The Apple Dumpling Gang Rides Again,1979,Children's|Comedy|Western,87,2.6206896551724137
2017,1948,Babes in Toyland,1961,Children's|Fantasy|Musical,126,2.9047619047619047
2018,1949,Bambi,1942,Animation|Children's,481,3.762993762993763
2019,1950,Seven Samurai,1954,Action|Drama,506,4.561264822134388
2020,1951,Dangerous Liaisons,1988,Drama|Romance,613,3.99347471451876
2021,1952,Dune,1984,Fantasy|Sci-Fi,632,3.3955696202531644
2022,1953,The Last Temptation of Christ,1988,Drama,205,3.497560975609756
2023,1954,The Godfather: Part III,1990,Action|Crime|Drama,622,3.307073954983923
2024,1955,The Rapture,1991,Drama|Mystery,117,3.2905982905982905
2025,1956,Lolita,1997,Drama|Romance,177,3.3163841807909606
2026,1957,Disturbing Behavior,1998,Horror|Thriller,130,2.7384615384615385
2027,1958,Mafia!,1998,Comedy|Crime,106,2.3867924528301887
2028,1959,Saving Private Ryan,1998,Action|Drama|War,2166,4.341643582640812
2029,1960,Billy's Hollywood Screen Kiss,1997,Comedy|Romance,56,3.732142857142857
2030,1961,East Palace West Palace,1997,Drama,0,
2031,1962,"$1,000,000 Duck",1971,Children's|Comedy,27,3.0
2032,1963,The Barefoot Executive,1971,Children's|Comedy,34,2.8823529411764706
2033,1964,The Black Cauldron,1985,Animation|Children's,146,3.1095890410958904
2034,1965,The Black Hole,1979,Sci-Fi,245,2.7551020408163267
2035,1966,Blackbeard's Ghost,1968,Children's|Comedy,48,3.0833333333333335
2036,1967,Blank Check,1994,Children's|Comedy,78,2.2435897435897436
2037,1968,Candleshoe,1977,Adventure|Children's|Comedy,43,3.5813953488372094
2038,1969,The Cat from Outer Space,1978,Children's|Comedy|Sci-Fi,159,2.8867924528301887
2039,1970,Cheetah,1989,Adventure|Children's,1,1.0
2040,1971,The Computer Wore Tennis Shoes,1970,Children's|Comedy,107,2.97196261682243
2041,1972,Condorman,1981,Action|Adventure|Children's|Comedy,122,2.6065573770491803
2042,1973,D2: The Mighty Ducks,1994,Children's|Comedy,160,2.64375
2043,1974,Darby O'Gill and the Little People,1959,Adventure|Children's|Fantasy,128,3.234375
2044,1975,The Devil and Max Devlin,1981,Comedy,37,2.5675675675675675
2045,1976,A Far Off Place,1993,Adventure|Children's|Drama|Romance,40,3.425
2046,1977,Flight of the Navigator,1986,Adventure|Children's|Sci-Fi,444,3.470720720720721
2047,1978,The Gnome-Mobile,1967,Children's,19,3.1052631578947367
2048,1979,The Great Mouse Detective,1986,Animation|Children's,109,3.532110091743119
2049,1980,The Happiest Millionaire,1967,Comedy|Musical,26,3.5
2050,1981,Herbie Goes Bananas,1980,Adventure|Children's|Comedy,84,2.5238095238095237
2051,1982,Herbie Goes to Monte Carlo,1977,Adventure|Children's|Comedy,88,2.5795454545454546
2052,1983,Hocus Pocus,1993,Children's|Comedy,147,2.8639455782312924
2053,1984,"Honey, I Blew Up the Kid",1992,Children's|Comedy|Sci-Fi,311,2.2765273311897105
2054,1985,"Honey, I Shrunk the Kids",1989,Adventure|Children's|Comedy|Fantasy|Sci-Fi,822,2.9525547445255476
2055,1986,Hot Lead and Cold Feet,1978,Comedy|Western,33,3.0303030303030303
2056,1987,In Search of the Castaways,1962,Adventure|Children's,16,3.4375
2057,1988,The Incredible Journey,1963,Adventure|Children's,73,3.3698630136986303
2058,1989,The Negotiator,1998,Action|Thriller,655,3.595419847328244
2059,1990,The Parent Trap,1998,Children's|Drama,220,3.272727272727273
2060,1991,BASEketball,1998,Comedy,154,3.0194805194805197
2061,1992,Full Tilt Boogie,1997,Documentary,6,3.6666666666666665
2062,1993,The Governess,1998,Drama|Romance,56,3.232142857142857
2063,1994,Seventh Heaven,1997,Drama|Romance,6,2.3333333333333335
2064,1995,Roger & Me,1989,Comedy|Documentary,637,4.061224489795919
2065,1996,The Purple Rose of Cairo,1985,Comedy|Drama|Romance,393,3.61323155216285
2066,1997,Out of the Past,1947,Film-Noir,83,4.120481927710843
2067,1998,Doctor Zhivago,1965,Drama|Romance|War,459,4.091503267973856
2068,1999,Fanny and Alexander,1982,Drama,104,3.8173076923076925
2069,2000,The Trip to Bountiful,1985,Drama,110,3.7818181818181817
2070,2001,Tender Mercies,1983,Drama,209,3.8851674641148324
2071,2002,And the Band Played On,1993,Drama,126,3.9603174603174605
2072,2003,The 'burbs,1989,Comedy,245,2.8979591836734695
2073,2004,Fandango,1985,Comedy,53,3.6226415094339623
2074,2005,The Night Porter,1974,Drama,15,3.6
2075,2006,Mephisto,1981,Drama|War,59,3.7288135593220337
2076,2007,Blue Velvet,1986,Drama|Mystery,533,3.8161350844277675
2077,2008,The Journey of Natty Gann,1985,Adventure|Children's,113,3.47787610619469
2078,2009,The Jungle Book,1967,Animation|Children's|Comedy|Musical,546,3.8076923076923075
2079,2010,Kidnapped,1960,Children's|Drama,13,3.6153846153846154
2080,2011,Lady and the Tramp,1955,Animation|Children's|Comedy|Musical|Romance,667,3.7946026986506745
2081,2012,The Little Mermaid,1989,Animation|Children's|Comedy|Musical|Romance,839,3.7520858164481528
2082,2013,The Mighty Ducks,1992,Children's|Comedy,291,2.8969072164948453
2083,2014,The Muppet Christmas Carol,1992,Children's|Musical,206,3.5825242718446604
2084,2015,Newsies,1992,Children's|Musical,68,3.0588235294117645
2085,2016,101 Dalmatians,1961,Animation|Children's,450,3.588888888888889
2086,2017,One Magic Christmas,1985,Drama|Fantasy,21,3.380952380952381
2087,2018,Peter Pan,1953,Animation|Children's|Fantasy|Musical,475,3.6589473684210527
2088,2019,Popeye,1980,Adventure|Comedy|Musical,386,2.6476683937823835
2089,2020,The Rescuers Down Under,1990,Animation|Children's,196,3.1989795918367347
2090,2021,The Rescuers,1977,Animation|Children's,197,3.472081218274112
2091,2022,Return from Witch Mountain,1978,Children's|Sci-Fi,138,2.789855072463768
2092,2023,The Return of Jafar,1993,Animation|Children's|Musical,132,2.4242424242424243
2093,2024,Return to Oz,1985,Adventure|Children's|Fantasy|Sci-Fi,219,2.8401826484018264
2094,2025,The Rocketeer,1991,Action|Adventure|Sci-Fi,602,3.0996677740863787
2095,2026,The Shaggy D.A.,1976,Children's|Comedy,90,2.988888888888889
2096,2027,Sleeping Beauty,1959,Animation|Children's|Musical,405,3.7160493827160495
2097,2028,Something Wicked This Way Comes,1983,Children's|Horror,171,3.473684210526316
2098,2029,Son of Flubber,1963,Children's|Comedy,62,3.225806451612903
2099,2030,Song of the South,1946,Adventure|Animation|Children's|Musical,180,3.6166666666666667
2100,2031,Splash,1984,Comedy|Fantasy|Romance,945,3.4232804232804233
2101,2032,Squanto: A Warrior's Tale,1994,Adventure|Drama,12,3.3333333333333335
2102,2033,Steamboat Willie,1940,Animation|Children's|Comedy|Musical,159,3.3773584905660377
2103,2034,Tall Tale,1994,Adventure|Children's,31,3.2903225806451615
2104,2035,Tex,1982,Drama,42,3.4285714285714284
2105,2036,Tron,1982,Action|Adventure|Fantasy|Sci-Fi,763,3.3564875491480994
2106,2037,Swing Kids,1993,Drama|War,143,3.2517482517482517
2107,2038,Halloween: H20,1998,Horror|Thriller,144,2.75
2108,2039,L.A. Story,1991,Comedy|Romance,651,3.7096774193548385
2109,2040,The Jerk,1979,Comedy,458,3.7270742358078603
2110,2041,Dead Men Don't Wear Plaid,1982,Comedy|Crime|Thriller,309,3.262135922330097
2111,2042,The Man with Two Brains,1983,Comedy,261,3.206896551724138
2112,2043,Grand Canyon,1991,Crime|Drama,284,3.482394366197183
2113,2044,Graveyard Shift,1990,Horror|Thriller,67,2.074626865671642
2114,2045,The Outsiders,1983,Drama,208,3.7548076923076925
2115,2046,Indiana Jones and the Temple of Doom,1984,Action|Adventure,894,3.6297539149888145
2116,2047,The Lord of the Rings,1978,Adventure|Animation|Children's|Sci-Fi,348,3.3160919540229883
2117,2048,Nineteen Eighty-Four,1984,Drama|Sci-Fi,232,3.7025862068965516
2118,2049,The Dead Zone,1983,Horror|Thriller,285,3.6842105263157894
2119,2050,Maximum Overdrive,1986,Horror,118,2.2457627118644066
2120,2051,Needful Things,1993,Drama|Horror,195,2.876923076923077
2121,2052,Cujo,1983,Horror|Thriller,197,2.7055837563451774
2122,2053,Children of the Corn,1984,Horror|Thriller,190,2.457894736842105
2123,2054,All Dogs Go to Heaven,1989,Animation|Children's,172,2.808139534883721
2124,2055,The Addams Family,1991,Comedy,575,3.1408695652173915
2125,2056,Ever After: A Cinderella Story,1998,Drama|Romance,330,3.696969696969697
2126,2057,Snake Eyes,1998,Action|Crime|Mystery|Thriller,403,2.7245657568238215
2127,2058,"First Love, Last Rites",1997,Drama|Romance,1,2.0
2128,2059,Safe Men,1998,Comedy,21,3.4761904761904763
2129,2060,The Saltmen of Tibet,1997,Documentary,4,3.75
2130,2061,Atlantic City,1980,Crime|Drama|Romance,237,3.8354430379746836
2131,2062,Autumn Sonata,1978,Drama,23,3.608695652173913
2132,2063,Who's Afraid of Virginia Woolf?,1966,Drama,237,4.029535864978903
2133,2064,Adventures in Babysitting,1987,Adventure|Comedy,449,3.291759465478842
2134,2065,Weird Science,1985,Comedy,400,3.44
2135,2066,Doctor Dolittle,1967,Adventure|Musical,187,3.2245989304812834
2136,2067,The Nutty Professor,1963,Comedy,176,3.147727272727273
2137,2068,Charlotte's Web,1973,Animation|Children's,388,3.8221649484536084
2138,2069,Watership Down,1978,Animation|Children's|Drama|Fantasy,240,3.845833333333333
2139,2070,The Secret of NIMH,1982,Animation|Children's,294,3.8401360544217686
2140,2071,The Dark Crystal,1982,Children's|Fantasy|Sci-Fi,559,3.6511627906976742
2141,2072,An American Tail,1986,Animation|Children's|Comedy,325,3.396923076923077
2142,2073,An American Tail: Fievel Goes West,1991,Animation|Children's|Comedy,154,2.7857142857142856
2143,2074,Legend,1985,Adventure|Fantasy|Romance,294,3.2346938775510203
2144,2075,Sixteen Candles,1984,Comedy,570,3.7175438596491226
2145,2076,Pretty in Pink,1986,Comedy|Drama|Romance,542,3.370848708487085
2146,2077,St. Elmo's Fire,1985,Drama|Romance,293,3.10580204778157
2147,2078,The Clan of the Cave Bear,1986,Drama,200,2.55
2148,2079,House,1986,Comedy|Horror,130,2.8692307692307693
2149,2080,House II: The Second Story,1987,Comedy|Horror,84,2.380952380952381
2150,2081,The Gods Must Be Crazy,1980,Comedy,557,3.734290843806104
2151,2082,The Gods Must Be Crazy II,1989,Comedy,99,3.1818181818181817
2152,2083,Air Bud: Golden Receiver,1998,Children's|Comedy,56,2.0714285714285716
2153,2084,The Avengers,1998,Action|Adventure,227,2.0
2154,2085,How Stella Got Her Groove Back,1998,Drama|Romance,120,2.783333333333333
2155,2086,The Slums of Beverly Hills,1998,Comedy,216,3.3425925925925926
2156,2087,The Best Man,1997,Comedy|Drama,7,4.0
2157,2088,The Chambermaid on the Titanic,1998,Romance,17,3.235294117647059
2158,2089,"Henry: Portrait of a Serial Killer, Part 2",1996,Crime|Horror,14,2.5714285714285716
2159,2090,Henry: Portrait of a Serial Killer,1990,Crime|Horror,168,3.488095238095238
2160,2091,Rosemary's Baby,1968,Horror|Thriller,569,3.8488576449912126
2161,2092,The NeverEnding Story,1984,Adventure|Children's|Fantasy,564,3.5939716312056738
2162,2093,The NeverEnding Story II: The Next Chapter,1990,Adventure|Children's|Fantasy,148,2.418918918918919
2163,2094,Attack of the Killer Tomatoes!,1980,Comedy|Horror,161,2.5527950310559007
2164,2095,Surf Nazis Must Die,1987,Drama,16,2.0625
2165,2096,Your Friends and Neighbors,1998,Drama,86,3.372093023255814
2166,2097,Return to Paradise,1998,Drama|Romance,119,3.5210084033613445
2167,2098,Blade,1998,Action|Adventure|Horror,647,3.491499227202473
2168,2099,Dance with Me,1998,Drama|Romance,61,2.9836065573770494
2169,2100,Dead Man on Campus,1998,Comedy,105,2.7142857142857144
2170,2101,Wrongfully Accused,1998,Action|Comedy,96,2.5833333333333335
2171,2102,"Next Stop, Wonderland",1998,Comedy|Drama|Romance,156,3.7051282051282053
2172,2103,Strike!,1998,Comedy,3,3.3333333333333335
2173,2104,The Navigator: A Mediaeval Odyssey,1988,Adventure|Fantasy|Sci-Fi,85,3.5176470588235293
2174,2105,Beetlejuice,1988,Comedy|Fantasy,1174,3.5672913117546847
2175,2106,Déjà Vu,1997,Drama|Romance,14,4.142857142857143
2176,2107,Rope,1948,Thriller,149,3.8859060402684564
2177,2108,Family Plot,1976,Comedy|Thriller,67,3.208955223880597
2178,2109,Frenzy,1972,Thriller,76,3.6578947368421053
2179,2110,Topaz,1969,Thriller,33,3.121212121212121
2180,2111,Torn Curtain,1966,Thriller,52,3.3076923076923075
2181,2112,Marnie,1964,Thriller,92,3.5869565217391304
2182,2113,The Wrong Man,1956,Drama|Film-Noir|Thriller,76,3.6710526315789473
2183,2114,The Man Who Knew Too Much,1956,Thriller,145,3.889655172413793
2184,2115,The Trouble with Harry,1955,Mystery|Thriller,118,3.593220338983051
2185,2116,I Confess,1953,Thriller,14,3.7142857142857144
2186,2117,Strangers on a Train,1951,Film-Noir|Thriller,386,4.349740932642487
2187,2118,Stage Fright,1950,Mystery|Thriller,18,3.5
2188,2119,54,1998,Drama,202,2.797029702970297
2189,2120,I Married A Strange Person,1997,Animation,18,3.5555555555555554
2190,2121,Why Do Fools Fall In Love?,1998,Drama,43,2.883720930232558
2191,2122,A Merry War,1997,Comedy,8,2.875
2192,2123,See the Sea,1997,Drama,5,3.2
2193,2124,Willow,1988,Action|Adventure|Fantasy,632,3.4873417721518987
2194,2125,The Untouchables,1987,Action|Crime|Drama,879,4.006825938566553
2195,2126,Dirty Work,1998,Comedy,104,2.980769230769231
2196,2127,Knock Off,1998,Action,23,2.4347826086956523
2197,2128,Firelight,1997,Drama,10,4.1
2198,2129,Modulations,1998,Documentary,2,4.0
2199,2130,Phoenix,1998,Crime|Drama,0,
2200,2131,Under Capricorn,1949,Drama,7,2.4285714285714284
2201,2132,The Paradine Case,1947,Drama,15,3.2666666666666666
2202,2133,Lifeboat,1944,Drama|Thriller|War,172,3.953488372093023
2203,2134,Shadow of a Doubt,1943,Film-Noir|Thriller,194,4.257731958762887
2204,2135,Saboteur,1942,Thriller,71,3.816901408450704
2205,2136,Mr. & Mrs. Smith,1941,Comedy,26,3.576923076923077
2206,2137,Suspicion,1941,Mystery|Thriller,134,4.0
2207,2138,Jamaica Inn,1939,Drama,7,2.7142857142857144
2208,2139,The Lady Vanishes,1938,Comedy|Mystery|Romance|Thriller,166,4.180722891566265
2209,2140,Young and Innocent,1937,Crime|Thriller,9,3.3333333333333335
2210,2141,Sabotage,1936,Thriller,41,3.7560975609756095
2211,2142,Secret Agent,1936,Thriller,15,3.6666666666666665
2212,2143,The Man Who Knew Too Much,1934,Thriller,97,3.8350515463917527
2213,2144,Waltzes from Vienna,1933,Comedy|Musical,1,1.0
2214,2145,Number Seventeen,1932,Thriller,0,
2215,2146,Rich and Strange,1932,Comedy|Romance,9,3.6666666666666665
2216,2147,The Skin Game,1931,Drama,0,
2217,2148,Elstree Calling,1930,Comedy|Musical,1,1.0
2218,2149,Juno and Paycock,1930,Drama,1,2.0
2219,2150,Murder!,1930,Mystery|Thriller,6,3.0
2220,2151,The Manxman,1929,Drama,0,
2221,2152,Blackmail,1929,Thriller,8,2.875
2222,2153,Champagne,1928,Comedy,0,
2223,2154,The Farmer's Wife,1928,Comedy,3,3.3333333333333335
2224,2155,Downhill,1927,Drama,0,
2225,2156,Easy Virtue,1927,Drama,0,
2226,2157,The Ring,1927,Drama,1,3.0
2227,2158,The Lodger,1926,Thriller,19,3.526315789473684
2228,2159,The Mountain Eagle,1926,Drama,0,
2229,2160,The Pleasure Garden,1925,Drama,0,
2230,2161,Always Tell Your Wife,1923,Comedy,0,
2231,2162,Rounders,1998,Crime|Drama,278,3.5863309352517985
2232,2163,Cube,1997,Sci-Fi|Thriller,177,3.5706214689265536
2233,2164,Digging to China,1998,Drama,2,2.0
2234,2165,Let's Talk About Sex,1998,Drama,6,1.8333333333333333
2235,2166,One Man's Hero,1999,Drama|War,1,2.0
2236,2167,Simon Birch,1998,Drama,161,3.6459627329192545
2237,2168,Without Limits,1998,Drama,32,3.40625
2238,2169,Seven Beauties,1976,Comedy|Drama,56,3.8392857142857144
2239,2170,Swept Away,1975,Comedy|Drama,86,3.8372093023255816
2240,2171,My Bodyguard,1980,Drama,192,3.5
2241,2172,Class,1983,Comedy,106,2.7641509433962264
2242,2173,"Grandview, U.S.A.",1984,Drama,5,2.4
2243,2174,Broadcast News,1987,Comedy|Drama|Romance,640,3.7453125
2244,2175,The Allnighter,1987,Comedy|Romance,6,1.8333333333333333
2245,2176,Working Girl,1988,Comedy|Drama,419,3.4105011933174225
2246,2177,Stars and Bars,1988,Comedy,10,2.5
2247,2178,Married to the Mob,1988,Comedy,292,3.106164383561644
2248,2179,Say Anything...,1989,Comedy|Drama|Romance,724,4.017955801104972
2249,2180,My Blue Heaven,1990,Comedy,190,3.2526315789473683
2250,2181,Men Don't Leave,1990,Drama,49,3.163265306122449
2251,2182,The Cabinet of Dr. Ramirez,1991,Comedy,2,3.5
2252,2183,Hero,1992,Comedy|Drama,145,2.9448275862068964
2253,2184,Toys,1992,Action|Comedy|Fantasy,339,2.5545722713864305
2254,2185,Choices,1981,Drama,1,2.0
2255,2186,Young Doctors in Love,1982,Comedy,60,2.6666666666666665
2256,2187,Parasite,1982,Horror|Sci-Fi,20,2.35
2257,2188,No Small Affair,1984,Comedy|Romance,13,3.076923076923077
2258,2189,Master Ninja I,1984,Action,2,3.0
2259,2190,Blame It on Rio,1984,Comedy|Romance,161,2.7888198757763973
2260,2191,Wisdom,1986,Action|Crime,34,2.588235294117647
2261,2192,One Crazy Summer,1986,Comedy,132,3.272727272727273
2262,2193,About Last Night...,1986,Comedy|Drama|Romance,267,3.1722846441947565
2263,2194,The Seventh Sign,1988,Thriller,137,3.1386861313868613
2264,2195,We're No Angels,1989,Drama,70,2.5142857142857142
2265,2196,Nothing But Trouble,1991,Adventure|Comedy,68,1.9264705882352942
2266,2197,The Butcher's Wife,1991,Comedy|Romance,156,2.782051282051282
2267,2198,Mortal Thoughts,1991,Mystery|Thriller,59,2.8983050847457625
2268,2199,A Few Good Men,1992,Crime|Drama,860,3.9302325581395348
2269,2200,Indecent Proposal,1993,Drama,161,2.670807453416149
2270,2201,A Century of Cinema,1994,Documentary,0,
2271,2202,Permanent Midnight,1998,Drama,65,3.2
2272,2203,One True Thing,1998,Drama,91,3.4395604395604398
2273,2204,Rush Hour,1998,Action|Thriller,515,3.5650485436893202
2274,2205,Lilian's Story,1995,Drama,0,
2275,2206,Six-String Samurai,1998,Action|Adventure|Sci-Fi,55,3.4909090909090907
2276,2207,A Soldier's Daughter Never Cries,1998,Drama,63,3.6507936507936507
2277,2208,Somewhere in the City,1997,Drama,1,2.0
2278,2209,Ronin,1998,Action|Crime|Thriller,657,3.5098934550989345
2279,2210,Urban Legend,1998,Horror|Thriller,182,2.7252747252747254
2280,2211,Clay Pigeons,1998,Crime,103,3.436893203883495
2281,2212,Monument Ave.,1998,Crime,10,3.4
2282,2213,Pecker,1998,Comedy|Drama,259,3.4787644787644787
2283,2214,The Sheltering Sky,1990,Drama,43,3.0232558139534884
2284,2215,Bandit Queen,1994,Drama,33,3.878787878787879
2285,2216,If....,1968,Drama,42,3.880952380952381
2286,2217,The Fiendish Plot of Dr. Fu Manchu,1980,Comedy,34,2.4705882352941178
2287,2218,Them!,1954,Sci-Fi|Thriller|War,237,3.438818565400844
2288,2219,The Thing,1982,Action|Horror|Sci-Fi|Thriller,603,3.8092868988391375
2289,2220,The Player,1992,Comedy|Drama,799,3.9687108886107634
2290,2221,Stardust Memories,1980,Comedy|Drama,98,3.2755102040816326
2291,2222,Edward Scissorhands,1990,Drama|Romance,1180,3.597457627118644
2292,2223,Overnight Delivery,1996,Romance,18,2.611111111111111
2293,2224,Shadrach,1998,Drama,21,3.142857142857143
2294,2225,Antz,1998,Animation|Children's,528,3.471590909090909
2295,2226,The Impostors,1998,Comedy,62,3.838709677419355
2296,2227,A Night at the Roxbury,1998,Comedy,108,2.361111111111111
2297,2228,What Dreams May Come,1998,Drama|Romance,286,3.0944055944055946
2298,2229,Strangeland,1998,Thriller,14,1.7857142857142858
2299,2230,The Battle of the Sexes,1959,Comedy,4,3.75
2300,2231,The Producers,1968,Comedy|Musical,521,4.142034548944338
2301,2232,History of the World: Part I,1981,Comedy,297,3.589225589225589
2302,2233,My Cousin Vinny,1992,Comedy,866,3.7621247113163974
2303,2234,Nashville,1975,Drama|Musical,253,3.940711462450593
2304,2235,Love Is the Devil,1998,Drama,7,3.5714285714285716
2305,2236,Slam,1998,Drama,19,3.4210526315789473
2306,2237,Holy Man,1998,Comedy,77,2.5454545454545454
2307,2238,One Tough Cop,1998,Action|Drama,32,2.65625
2308,2239,Detroit 9000,1973,Action|Crime,1,2.0
2309,2240,The Inheritors,1998,Drama,2,4.5
2310,2241,The Mighty,1998,Drama,106,3.8207547169811322
2311,2242,2010,1984,Mystery|Sci-Fi,373,3.3780160857908847
2312,2243,Children of a Lesser God,1986,Drama,265,3.8075471698113206
2313,2244,The Elephant Man,1980,Drama,340,3.9794117647058824
2314,2245,Beloved,1998,Drama,80,3.1375
2315,2246,Bride of Chucky,1998,Horror|Thriller,118,2.406779661016949
2316,2247,Practical Magic,1998,Drama|Romance,196,2.9030612244897958
2317,2248,The Alarmist,1997,Comedy,6,2.5
2318,2249,Happiness,1998,Comedy,254,3.893700787401575
2319,2250,Reach the Rock,1997,Comedy,0,
2320,2251,Apt Pupil,1998,Drama|Thriller,152,3.098684210526316
2321,2252,Pleasantville,1998,Comedy,925,3.692972972972973
2322,2253,Soldier,1998,Action|Adventure|Sci-Fi|Thriller|War,242,2.9338842975206614
2323,2254,The Cruise,1998,Documentary,27,3.925925925925926
2324,2255,Life Is Beautiful,1997,Comedy|Drama,914,4.3457330415754925
2325,2256,Orgazmo,1997,Comedy,104,3.1826923076923075
2326,2257,Shattered Image,1998,Drama|Thriller,10,3.0
2327,2258,Tales from the Darkside: The Movie,1990,Horror,82,2.841463414634146
2328,2259,Vampires,1998,Horror,136,2.764705882352941
2329,2260,American History X,1998,Drama,519,4.240847784200385
2330,2261,Hands on a Hard Body,1996,Documentary,79,4.1645569620253164
2331,2262,Living Out Loud,1998,Comedy|Romance,147,3.2789115646258504
2332,2263,Belly,1998,Crime|Drama,7,3.142857142857143
2333,2264,Gods and Monsters,1998,Drama,467,3.7944325481798713
2334,2265,The Siege,1998,Action|Thriller,311,3.1318327974276525
2335,2266,The Waterboy,1998,Comedy,338,2.8905325443786984
2336,2267,Elizabeth,1998,Drama,754,4.047745358090186
2337,2268,Velvet Goldmine,1998,Drama,101,3.267326732673267
2338,2269,I Still Know What You Did Last Summer,1998,Horror|Mystery|Thriller,249,2.1686746987951806
2339,2270,I'll Be Home For Christmas,1998,Comedy|Romance,21,2.9047619047619047
2340,2271,Meet Joe Black,1998,Romance,261,3.260536398467433
2341,2272,Dancing at Lughnasa,1998,Drama,35,3.1142857142857143
2342,2273,Hard Core Logo,1996,Comedy,10,3.7
2343,2274,The Naked Man,1998,Drama,1,2.0
2344,2275,Runaway Train,1985,Action|Adventure|Drama|Thriller,158,3.3544303797468356
2345,2276,Desert Bloom,1986,Drama,34,3.2941176470588234
2346,2277,The Stepford Wives,1975,Sci-Fi|Thriller,243,3.3209876543209877
2347,2278,The Pope of Greenwich Village,1984,Action,74,3.810810810810811
2348,2279,Sid and Nancy,1986,Drama,241,3.5726141078838176
2349,2280,Mona Lisa,1986,Comedy|Thriller,134,3.582089552238806
2350,2281,Heart Condition,1990,Comedy,16,2.75
2351,2282,Nights of Cabiria,1957,Drama,85,4.188235294117647
2352,2283,The Big Chill,1983,Comedy|Drama,663,3.8250377073906487
2353,2284,Enemy of the State,1998,Action|Thriller,792,3.6856060606060606
2354,2285,The Rugrats Movie,1998,Animation|Children's|Comedy,112,2.7410714285714284
2355,2286,A Bug's Life,1998,Animation|Children's|Comedy,1365,3.8593406593406594
2356,2287,Celebrity,1998,Comedy,77,2.883116883116883
2357,2288,Central Station,1998,Drama,167,4.269461077844311
2358,2289,Savior,1998,Drama,3,4.0
2359,2290,Waking Ned Devine,1998,Comedy,545,3.856880733944954
2360,2291,The Celebration,1998,Drama,97,4.298969072164948
2361,2292,Pink Flamingos,1972,Comedy,116,3.336206896551724
2362,2293,Glen or Glenda,1953,Drama,43,2.9302325581395348
2363,2294,Godzilla,1954,Action|Sci-Fi,247,3.3157894736842106
2364,2295,Godzilla,1984,Action|Sci-Fi,98,2.7346938775510203
2365,2296,King Kong vs. Godzilla,1962,Action|Sci-Fi,102,2.8823529411764706
2366,2297,King Kong,1933,Action|Adventure|Horror,598,3.67056856187291
2367,2298,King Kong,1976,Action|Adventure|Horror,257,2.735408560311284
2368,2299,King Kong Lives,1986,Action|Adventure|Horror,51,1.7058823529411764
2369,2300,Desperately Seeking Susan,1985,Comedy|Romance,688,2.941860465116279
2370,2301,The Emerald Forest,1985,Action|Adventure|Drama,106,3.452830188679245
2371,2302,Fletch,1985,Comedy,468,3.5833333333333335
2372,2303,Fletch Lives,1989,Comedy,186,2.9408602150537635
2373,2304,Red Sonja,1985,Action|Adventure,156,2.5064102564102564
2374,2305,Gung Ho,1986,Comedy|Drama,182,2.8956043956043955
2375,2306,The Money Pit,1986,Comedy,341,2.932551319648094
2376,2307,A View to a Kill,1985,Action,246,3.252032520325203
2377,2308,Lifeforce,1985,Horror|Sci-Fi,137,2.9124087591240877
2378,2309,Police Academy,1984,Comedy,322,2.9968944099378882
2379,2310,Police Academy 2: Their First Assignment,1985,Comedy,183,2.387978142076503
2380,2311,Police Academy 3: Back in Training,1986,Comedy,155,2.0709677419354837
2381,2312,Police Academy 4: Citizens on Patrol,1987,Comedy,135,1.9185185185185185
2382,2313,Police Academy 5: Assignment: Miami Beach,1988,Comedy,123,1.7967479674796747
2383,2314,Police Academy 6: City Under Siege,1989,Comedy,119,1.6638655462184875
2384,2315,Babe: Pig in the City,1998,Children's|Comedy,429,3.31002331002331
2385,2316,Home Fries,1998,Comedy|Romance,122,2.581967213114754
2386,2317,Jerry Springer: Ringmaster,1998,Drama,41,1.9268292682926829
2387,2318,Very Bad Things,1998,Comedy|Crime,179,2.787709497206704
2388,2319,Steam: The Turkish Bath,1997,Drama|Romance,11,3.727272727272727
2389,2320,Psycho,1998,Crime|Horror|Thriller,215,2.697674418604651
2390,2321,Little Voice,1998,Comedy,270,3.6703703703703705
2391,2322,A Simple Plan,1998,Crime|Thriller,596,3.7533557046979866
2392,2323,Jack Frost,1998,Comedy|Drama,158,2.2088607594936707
2393,2324,Star Trek: Insurrection,1998,Action|Sci-Fi,656,3.3064024390243905
2394,2325,The Prince of Egypt,1998,Animation|Musical,471,3.5923566878980893
2395,2326,Rushmore,1998,Comedy,979,3.8304392236976508
2396,2327,Shakespeare in Love,1998,Comedy|Romance,1892,4.118393234672304
2397,2328,Mass Appeal,1984,Drama,21,3.3333333333333335
2398,2329,Miracle on 34th Street,1947,Drama,292,3.9383561643835616
2399,2330,Santa Claus: The Movie,1985,Adventure|Children's|Fantasy,174,2.718390804597701
2400,2331,Prancer,1989,Children's|Drama,34,2.8529411764705883
2401,2332,Pale Rider,1985,Western,249,3.7429718875502007
2402,2333,Rambo: First Blood Part II,1985,Action|War,302,2.8178807947019866
2403,2334,First Blood,1982,Action,321,3.6230529595015577
2404,2335,Rambo III,1988,Action|War,246,2.33739837398374
2405,2336,The Jewel of the Nile,1985,Action|Adventure|Comedy|Romance,525,3.1542857142857144
2406,2337,Romancing the Stone,1984,Action|Adventure|Comedy|Romance,1097,3.690975387420237
2407,2338,Cocoon,1985,Comedy|Sci-Fi,804,3.5323383084577116
2408,2339,Cocoon: The Return,1988,Comedy|Sci-Fi,197,2.5380710659898478
2409,2340,Rocky II,1979,Action|Drama,356,3.1713483146067416
2410,2341,Rocky III,1982,Action|Drama,336,2.875
2411,2342,Rocky IV,1985,Action|Drama,294,2.6462585034013606
2412,2343,Rocky V,1990,Action|Drama,214,2.1401869158878504
2413,2344,Clue,1985,Comedy|Mystery,361,3.21606648199446
2414,2345,Young Sherlock Holmes,1985,Action|Adventure|Mystery,299,3.3812709030100336
2415,2346,Violets Are Blue...,1986,Drama|Romance,11,2.909090909090909
2416,2347,Back to School,1986,Comedy,275,3.189090909090909
2417,2348,Heartburn,1986,Comedy|Drama,57,2.8771929824561404
2418,2349,Nothing in Common,1986,Comedy,91,3.032967032967033
2419,2350,Extremities,1986,Drama|Thriller,56,3.2142857142857144
2420,2351,The Karate Kid,1984,Drama,404,3.4183168316831685
2421,2352,"The Karate Kid, Part II",1986,Action|Adventure|Drama,378,2.671957671957672
2422,2353,The Karate Kid III,1989,Action|Adventure|Drama,228,2.1096491228070176
2423,2354,Christmas Vacation,1989,Comedy,407,3.6068796068796067
2424,2355,You've Got Mail,1998,Comedy|Romance,681,3.3715124816446402
2425,2356,The General,1998,Crime,40,3.45
2426,2357,The Theory of Flight,1998,Comedy|Drama|Romance,23,2.9130434782608696
2427,2358,The Thin Red Line,1998,Action|Drama|War,630,3.3555555555555556
2428,2359,The Faculty,1998,Horror|Sci-Fi,399,2.81203007518797
2429,2360,Mighty Joe Young,1998,Adventure|Children's|Drama,139,2.8776978417266186
2430,2361,Mighty Joe Young,1949,Adventure|Children's|Drama,106,3.1792452830188678
2431,2362,Patch Adams,1998,Comedy|Drama,364,3.14010989010989
2432,2363,Stepmom,1998,Drama,119,3.176470588235294
2433,2364,A Civil Action,1998,Drama,497,3.3641851106639837
2434,2365,Down in the Delta,1998,Drama,48,3.5833333333333335
2435,2366,Hurlyburly,1998,Drama,79,3.1012658227848102
2436,2367,Tea with Mussolini,1999,Comedy,99,3.6161616161616164
2437,2368,Wilde,1997,Drama,69,3.6956521739130435
2438,2369,Outside Ozona,1998,Drama|Thriller,1,4.0
2439,2370,Affliction,1997,Drama,147,3.578231292517007
2440,2371,Another Day in Paradise,1998,Drama,42,3.3095238095238093
2441,2372,The Hi-Lo Country,1998,Drama|Western,17,3.0588235294117645
2442,2373,Hilary and Jackie,1998,Drama,136,3.8308823529411766
2443,2374,Playing by Heart,1998,Drama|Romance,99,3.5757575757575757
2444,2375,24 7: Twenty Four Seven,1997,Comedy|Drama,4,4.25
2445,2376,At First Sight,1999,Drama,54,2.7777777777777777
2446,2377,In Dreams,1999,Thriller,45,2.533333333333333
2447,2378,Varsity Blues,1999,Comedy|Drama,217,3.0276497695852536
2448,2379,Virus,1999,Horror|Sci-Fi,149,2.3557046979865772
2449,2380,The Garbage Pail Kids Movie,1987,Adventure|Children's,23,1.608695652173913
2450,2381,Howard the Duck,1986,Adventure|Children's|Sci-Fi,349,2.103151862464183
2451,2382,The Gate,1987,Horror,86,2.6511627906976742
2452,2383,The Gate II: Trespassers,1990,Horror,16,1.5
2453,2384,The Boy Who Could Fly,1986,Drama|Fantasy,142,3.26056338028169
2454,2385,The Fly,1958,Horror|Sci-Fi,393,3.3613231552162848
2455,2386,The Fly,1986,Horror|Sci-Fi,867,3.41522491349481
2456,2387,The Fly II,1989,Horror|Sci-Fi,240,2.3125
2457,2388,Running Scared,1986,Action|Comedy,200,3.35
2458,2389,Armed and Dangerous,1986,Comedy|Crime,99,2.4646464646464645
2459,2390,The Texas Chainsaw Massacre,1974,Horror,193,3.2487046632124352
2460,2391,The Texas Chainsaw Massacre 2,1986,Horror,92,2.391304347826087
2461,2392,Leatherface: Texas Chainsaw Massacre III,1990,Horror,47,2.1702127659574466
2462,2393,The Return of the Texas Chainsaw Massacre,1994,Horror,42,1.880952380952381
2463,2394,Ruthless People,1986,Comedy,385,3.47012987012987
2464,2395,Trick or Treat,1986,Horror,7,2.4285714285714284
2465,2396,Deadly Friend,1986,Horror,34,2.0294117647058822
2466,2397,Belizaire the Cajun,1986,Drama,8,3.25
2467,2398,The Name of the Rose,1986,Mystery,263,3.897338403041825
2468,2399,Jumpin' Jack Flash,1986,Action|Comedy|Romance|Thriller,303,2.8118811881188117
2469,2400,Peggy Sue Got Married,1986,Comedy|Romance,409,3.2689486552567235
2470,2401,Crocodile Dundee,1986,Adventure|Comedy,736,3.4089673913043477
2471,2402,Crocodile Dundee II,1988,Adventure|Comedy,328,2.6402439024390243
2472,2403,Tough Guys,1986,Comedy,75,2.9466666666666668
2473,2404,Soul Man,1986,Comedy,162,2.4444444444444446
2474,2405,The Color of Money,1986,Drama,266,3.424812030075188
2475,2406,52 Pick-Up,1986,Action|Mystery|Thriller,114,3.2280701754385963
2476,2407,Heartbreak Ridge,1986,Action|War,240,3.3333333333333335
2477,2408,Firewalker,1986,Adventure,33,2.242424242424242
2478,2409,Three Amigos!,1986,Comedy|Western,462,3.1515151515151514
2479,2410,Gloria,1999,Drama|Thriller,36,2.1944444444444446
2480,2411,Dry Cleaning,1997,Drama,2,4.5
2481,2412,My Name Is Joe,1998,Drama|Romance,28,3.5714285714285716
2482,2413,Still Crazy,1998,Comedy|Romance,24,3.25
2483,2414,The Day of the Beast,1995,Comedy|Horror|Thriller,18,2.8333333333333335
2484,2415,Tinseltown,1998,Comedy,1,2.0
2485,2416,She's All That,1999,Comedy|Romance,329,3.0516717325227964
2486,2417,24-hour Woman,1998,Drama,7,2.0
2487,2418,"Blood, Guts, Bullets and Octane",1998,Action|Comedy,4,2.25
2488,2419,Peeping Tom,1960,Drama|Horror|Thriller,70,3.842857142857143
2489,2420,Spanish Fly,1998,Drama,0,
2490,2421,Payback,1999,Action|Thriller,623,3.4991974317817016
2491,2422,Simply Irresistible,1999,Comedy|Romance,96,2.7291666666666665
2492,2423,20 Dates,1998,Comedy,114,2.8684210526315788
2493,2424,The Harmonists,1997,Drama,23,4.130434782608695
2494,2425,The Last Days,1998,Documentary,22,3.909090909090909
2495,2426,The Fantastic Planet,1973,Animation|Sci-Fi,81,3.580246913580247
2496,2427,Blast from the Past,1999,Comedy|Romance,284,3.3661971830985915
2497,2428,Message in a Bottle,1999,Romance,130,2.8
2498,2429,My Favorite Martian,1999,Comedy|Sci-Fi,97,2.350515463917526
2499,2430,God Said 'Ha!',1998,Comedy,43,3.558139534883721
2500,2431,Jawbreaker,1999,Comedy,105,2.580952380952381
2501,2432,October Sky,1999,Drama,484,4.109504132231405
2502,2433,Office Space,1999,Comedy|Romance,681,3.841409691629956
2503,2434,The Apple,1998,Drama,8,4.75
2504,2435,200 Cigarettes,1999,Comedy|Drama,135,2.8814814814814813
2505,2436,8MM,1999,Thriller,224,2.8794642857142856
2506,2437,The Other Sister,1999,Comedy|Drama|Romance,128,3.234375
2507,2438,Breakfast of Champions,1999,Comedy,41,3.0
2508,2439,The Breaks,1999,Drama,0,
2509,2440,Eight Days a Week,1997,Comedy,13,2.769230769230769
2510,2441,Just the Ticket,1999,Comedy|Romance,2,3.5
2511,2442,The Long Goodbye,1973,Crime,68,3.8529411764705883
2512,2443,The Ballad of Narayama,1982,Drama,15,3.7333333333333334
2513,2444,Pet Sematary,1989,Horror,236,2.9533898305084745
2514,2445,Pet Sematary II,1992,Horror,91,2.142857142857143
2515,2446,Children of the Corn II: The Final Sacrifice,1993,Horror,42,1.8571428571428572
2516,2447,Children of the Corn III,1994,Horror,35,1.6857142857142857
2517,2448,Christine,1983,Horror,221,3.0588235294117645
2518,2449,Night Shift,1982,Comedy,249,3.4377510040160644
2519,2450,House on Haunted Hill,1958,Horror,78,3.2948717948717947
2520,2451,Airport,1970,Drama,137,3.218978102189781
2521,2452,Airport 1975,1974,Drama,68,2.6911764705882355
2522,2453,Airport '77,1977,Drama,61,2.2295081967213113
2523,2454,Rollercoaster,1977,Drama|Thriller,37,2.2972972972972974
2524,2455,The Towering Inferno,1974,Action|Drama,201,3.074626865671642
2525,2456,Alligator,1980,Action|Horror|Sci-Fi,110,2.2636363636363637
2526,2457,Meteor,1979,Sci-Fi,102,2.3627450980392157
2527,2458,Westworld,1973,Action|Sci-Fi|Thriller|Western,496,3.4455645161290325
2528,2459,Logan's Run,1976,Action|Adventure|Sci-Fi,527,3.4857685009487667
2529,2460,Planet of the Apes,1968,Action|Sci-Fi,931,3.693877551020408
2530,2461,Beneath the Planet of the Apes,1970,Action|Sci-Fi,291,2.9037800687285222
2531,2462,Battle for the Planet of the Apes,1973,Action|Sci-Fi,263,2.870722433460076
2532,2463,Conquest of the Planet of the Apes,1972,Action|Sci-Fi,277,2.851985559566787
2533,2464,Escape from the Planet of the Apes,1971,Action|Sci-Fi,366,3.0655737704918034
2534,2465,Avalanche,1978,Action,12,2.6666666666666665
2535,2466,Earthquake,1974,Action,95,2.831578947368421
2536,2467,The Concorde: Airport '79,1979,Drama,28,1.8928571428571428
2537,2468,Beyond the Poseidon Adventure,1979,Adventure,28,2.0357142857142856
2538,2469,Dancemaker,1998,Documentary,3,4.666666666666667
2539,2470,Analyze This,1999,Comedy,494,3.4392712550607287
2540,2471,The Corruptor,1999,Action|Crime|Drama|Thriller,123,3.065040650406504
2541,2472,Cruel Intentions,1999,Drama,443,3.2437923250564333
2542,2473,"Lock, Stock & Two Smoking Barrels",1998,Comedy|Crime|Thriller,504,3.8948412698412698
2543,2474,Six Ways to Sunday,1997,Comedy,2,3.5
2544,2475,The School of Flesh,1998,Drama,15,2.6666666666666665
2545,2476,Relax... It's Just Sex,1998,Comedy,6,3.1666666666666665
2546,2477,The Deep End of the Ocean,1999,Drama,133,2.9398496240601504
2547,2478,Harvest,1998,Drama,0,
2548,2479,The Rage: Carrie 2,1999,Horror,85,2.2941176470588234
2549,2480,Wing Commander,1999,Action|Sci-Fi,141,2.2127659574468086
2550,2481,The Haunting,1963,Horror|Thriller,139,3.5323741007194243
2551,2482,Dead Ringers,1988,Drama|Thriller,157,3.2802547770700636
2552,2483,My Boyfriend's Back,1993,Comedy,33,2.121212121212121
2553,2484,Village of the Damned,1960,Horror|Sci-Fi|Thriller,164,3.3597560975609757
2554,2485,Children of the Damned,1963,Horror|Sci-Fi|Thriller,113,3.1769911504424777
2555,2486,Baby Geniuses,1999,Comedy,123,1.6991869918699187
2556,2487,Telling You,1998,Comedy|Drama|Romance,1,3.0
2557,2488,I Stand Alone,1998,Drama,3,2.6666666666666665
2558,2489,Forces of Nature,1999,Comedy|Romance,187,2.716577540106952
2559,2490,The King and I,1999,Animation|Children's,20,2.7
2560,2491,Ravenous,1999,Drama|Horror,139,3.050359712230216
2561,2492,True Crime,1999,Crime|Thriller,104,3.076923076923077
2562,2493,Bandits,1997,Drama,8,3.75
2563,2494,Beauty,1998,Drama,1,3.0
2564,2495,The Empty Mirror,1999,Drama,0,
2565,2496,The King and I,1956,Musical,279,3.942652329749104
2566,2497,Doug's 1st Movie,1999,Animation|Children's,34,2.411764705882353
2567,2498,EDtv,1999,Comedy,230,3.1739130434782608
2568,2499,The Mod Squad,1999,Action|Crime,168,2.0654761904761907
2569,2500,Among Giants,1998,Drama|Romance,6,4.0
2570,2501,A Walk on the Moon,1999,Drama|Romance,84,3.642857142857143
2571,2502,The Matrix,1999,Action|Sci-Fi|Thriller,2103,4.309082263433191
2572,2503,10 Things I Hate About You,1999,Comedy|Romance,570,3.414035087719298
2573,2504,Tango,1998,Drama,39,3.4358974358974357
2574,2505,The Out-of-Towners,1999,Comedy,158,2.7278481012658227
2575,2506,The Dreamlife of Angels,1998,Drama,107,4.05607476635514
2576,2507,"Love, etc.",1996,Drama,3,2.0
2577,2508,Metroland,1997,Comedy|Drama,22,3.3181818181818183
2578,2509,The Sticky Fingers of Time,1997,Sci-Fi,3,3.6666666666666665
2579,2510,Following,1998,Drama,22,3.909090909090909
2580,2511,Go,1999,Crime,579,3.860103626943005
2581,2512,Never Been Kissed,1999,Comedy|Romance,494,3.1902834008097165
2582,2513,Twin Dragons,1992,Action|Comedy,48,3.0625
2583,2514,Cookie's Fortune,1999,Mystery,190,3.6157894736842104
2584,2515,Foolish,1999,Comedy,1,3.0
2585,2516,The Lovers of the Arctic Circle,1998,Drama|Romance,37,3.918918918918919
2586,2517,"Goodbye, Lover",1999,Comedy|Crime|Thriller,21,3.0
2587,2518,Life,1999,Comedy,80,2.8875
2588,2519,Clubland,1998,Drama,0,
2589,2520,Friends & Lovers,1999,Comedy|Drama|Romance,48,2.6458333333333335
2590,2521,Hideous Kinky,1998,Drama,37,3.027027027027027
2591,2522,Jeanne and the Perfect Guy,1998,Comedy|Romance,2,2.0
2592,2523,The Joyriders,1999,Drama,1,3.0
2593,2524,The Monster,1994,Comedy,28,3.75
2594,2525,Open Your Eyes,1997,Drama|Romance|Sci-Fi,50,3.96
2595,2526,Photographer,1998,Documentary,0,
2596,2527,SLC Punk!,1998,Comedy|Drama,116,3.6810344827586206
2597,2528,Lost & Found,1999,Comedy|Romance,46,2.608695652173913
2598,2529,Pushing Tin,1999,Comedy,428,3.0210280373831777
2599,2530,Election,1999,Comedy,1209,3.933829611248966
2600,2531,eXistenZ,1999,Action|Sci-Fi|Thriller,332,3.2349397590361444
2601,2532,A Little Bit of Soul,1998,Comedy,0,
2602,2533,Mighty Peking Man,1977,Adventure|Sci-Fi,6,2.8333333333333335
2603,2534,Nô,1998,Drama,0,
2604,2535,Let it Come Down: The Life of Paul Bowles,1998,Documentary,0,
2605,2536,Entrapment,1999,Crime|Thriller,631,3.155309033280507
2606,2537,Idle Hands,1999,Comedy|Horror,157,2.7261146496815285
2607,2538,Get Real,1998,Drama,55,4.072727272727272
2608,2539,Heaven,1998,Thriller,4,2.5
2609,2540,The King of Masks,1996,Drama,57,4.175438596491228
2610,2541,Three Seasons,1999,Drama,28,3.9285714285714284
2611,2542,The Winslow Boy,1998,Drama,112,3.9017857142857144
2612,2543,Mildred Pierce,1945,Drama,111,4.108108108108108
2613,2544,Night of the Comet,1984,Action|Horror|Sci-Fi,220,3.1
2614,2545,Chopping Mall,1986,Action|Horror|Sci-Fi,38,1.894736842105263
2615,2546,My Science Project,1985,Adventure|Sci-Fi,148,2.9527027027027026
2616,2547,Dick Tracy,1990,Action|Crime,511,2.700587084148728
2617,2548,The Mummy,1999,Action|Adventure|Horror|Thriller,790,3.3278481012658228
2618,2549,The Castle,1997,Comedy,37,3.891891891891892
2619,2550,Mascara,1999,Drama,0,
2620,2551,This Is My Father,1998,Drama|Romance,29,3.7241379310344827
2621,2552,Xiu Xiu: The Sent-Down Girl,1998,Drama|Romance,57,3.5789473684210527
2622,2553,A Midsummer Night's Dream,1999,Comedy|Fantasy,338,3.378698224852071
2623,2554,Trippin',1999,Comedy,3,2.3333333333333335
2624,2555,After Life,1998,Drama,85,4.141176470588236
2625,2556,Black Mask,1996,Action,51,3.1176470588235294
2626,2557,Edge of Seventeen,1998,Comedy|Drama|Romance,27,3.4814814814814814
2627,2558,Endurance,1998,Documentary|Drama,11,3.5454545454545454
2628,2559,Star Wars: Episode I - The Phantom Menace,1999,Action|Adventure|Fantasy|Sci-Fi,1791,3.398101619207147
2629,2560,The Love Letter,1999,Comedy|Romance,118,2.7203389830508473
2630,2561,Besieged,1998,Drama,36,3.5277777777777777
2631,2562,Frogs for Snakes,1998,Comedy|Film-Noir|Thriller,5,2.0
2632,2563,The Saragossa Manuscript,1965,Drama,10,3.2
2633,2564,The Mummy,1932,Horror|Romance,128,3.578125
2634,2565,The Mummy,1959,Horror,71,3.1267605633802815
2635,2566,The Mummy's Curse,1944,Horror,29,3.0
2636,2567,The Mummy's Ghost,1944,Horror,12,2.4166666666666665
2637,2568,The Mummy's Hand,1940,Horror,29,2.6206896551724137
2638,2569,The Mummy's Tomb,1942,Horror,32,2.8125
2639,2570,Mommie Dearest,1981,Drama,130,3.2
2640,2571,Superman,1978,Action|Adventure|Sci-Fi,987,3.530901722391084
2641,2572,Superman II,1980,Action|Adventure|Sci-Fi,659,3.157814871016692
2642,2573,Superman III,1983,Action|Adventure|Sci-Fi,393,2.3104325699745547
2643,2574,Superman IV: The Quest for Peace,1987,Action|Adventure|Sci-Fi,267,1.9176029962546817
2644,2575,Dracula,1931,Horror,196,3.811224489795918
2645,2576,Dracula,1958,Horror,79,3.2911392405063293
2646,2577,House of Dracula,1945,Horror,33,2.787878787878788
2647,2578,House of Frankenstein,1944,Horror,40,3.25
2648,2579,Frankenstein,1931,Horror,337,3.9851632047477743
2649,2580,Son of Frankenstein,1939,Horror,49,3.2244897959183674
2650,2581,The Ghost of Frankenstein,1942,Horror,23,2.6956521739130435
2651,2582,Frankenstein Meets the Wolf Man,1943,Horror,68,3.088235294117647
2652,2583,The Curse of Frankenstein,1957,Horror,44,2.909090909090909
2653,2584,Son of Dracula,1943,Horror,35,2.7714285714285714
2654,2585,The Wolf Man,1941,Horror,111,3.765765765765766
2655,2586,Howling II: Your Sister Is a Werewolf,1985,Horror,40,1.8
2656,2587,Tarantula,1955,Horror|Sci-Fi,46,2.739130434782609
2657,2588,The Rocky Horror Picture Show,1975,Comedy|Horror|Musical|Sci-Fi,991,3.3340060544904135
2658,2589,The Flying Saucer,1950,Sci-Fi,7,2.857142857142857
2659,2590,It Came from Hollywood,1982,Comedy|Documentary,40,3.15
2660,2591,The Thing From Another World,1951,Sci-Fi,112,3.8392857142857144
2661,2592,It Came from Outer Space,1953,Sci-Fi,74,3.391891891891892
2662,2593,The War of the Worlds,1953,Action|Sci-Fi|War,462,3.865800865800866
2663,2594,It Came from Beneath the Sea,1955,Sci-Fi,39,3.1538461538461537
2664,2595,Invasion of the Body Snatchers,1956,Horror|Sci-Fi,504,3.890873015873016
2665,2596,Earth Vs. the Flying Saucers,1956,Sci-Fi,60,3.45
2666,2597,It Conquered the World,1956,Sci-Fi,24,3.2083333333333335
2667,2598,The Mole People,1956,Sci-Fi,44,2.590909090909091
2668,2599,Swamp Thing,1982,Horror|Sci-Fi,219,2.506849315068493
2669,2600,Pork Chop Hill,1959,War,88,3.7386363636363638
2670,2601,"Run Silent, Run Deep",1958,War,179,4.005586592178771
2671,2602,Notting Hill,1999,Comedy|Romance,628,3.6751592356687897
2672,2603,The Thirteenth Floor,1999,Drama|Sci-Fi|Thriller,318,3.1729559748427674
2673,2604,Eternity and a Day,1998,Drama,7,3.857142857142857
2674,2605,The Loss of Sexual Innocence,1999,Drama,22,2.6363636363636362
2675,2606,Twice Upon a Yesterday,1998,Comedy|Drama|Romance,9,3.4444444444444446
2676,2607,Instinct,1999,Drama|Thriller,209,3.15311004784689
2677,2608,Buena Vista Social Club,1999,Documentary,183,4.076502732240437
2678,2609,Desert Blue,1999,Drama,17,3.176470588235294
2679,2610,Finding North,1999,Drama|Romance,4,2.5
2680,2611,Floating,1997,Drama,0,
2681,2612,Free Enterprise,1998,Comedy|Romance|Sci-Fi,31,3.6774193548387095
2682,2613,Limbo,1999,Drama,76,4.105263157894737
2683,2614,Austin Powers: The Spy Who Shagged Me,1999,Comedy,1152,3.4210069444444446
2684,2615,Taxman,1999,Comedy|Drama,0,
2685,2616,The Red Dwarf,1998,Comedy|Drama,3,3.3333333333333335
2686,2617,The Red Violin,1998,Drama|Mystery,467,3.967880085653105
2687,2618,Tarzan,1999,Animation|Children's,342,3.611111111111111
2688,2619,The General's Daughter,1999,Drama|Thriller,557,3.1597845601436267
2689,2620,Get Bruce,1999,Documentary,33,3.3333333333333335
2690,2621,An Ideal Husband,1999,Comedy,304,3.723684210526316
2691,2622,The Legend of 1900,1998,Drama,18,2.888888888888889
2692,2623,Run Lola Run,1998,Action|Crime|Romance,868,4.225806451612903
2693,2624,Trekkies,1997,Documentary,186,3.8333333333333335
2694,2625,Big Daddy,1999,Comedy,622,3.1318327974276525
2695,2626,The Boys,1997,Drama,10,2.2
2696,2627,The Dinner Game,1998,Comedy,59,3.6610169491525424
2697,2628,My Son the Fanatic,1998,Comedy|Drama|Romance,39,3.6923076923076925
2698,2629,Zone 39,1997,Sci-Fi,0,
2699,2630,Arachnophobia,1990,Action|Comedy|Sci-Fi|Thriller,1073,2.988816402609506
2700,2631,"South Park: Bigger, Longer and Uncut",1999,Animation|Comedy,1028,3.7752918287937742
2701,2632,Wild Wild West,1999,Action|Sci-Fi|Western,709,2.167842031029619
2702,2633,Summer of Sam,1999,Drama,320,3.075
2703,2634,Broken Vessels,1998,Drama,1,3.0
2704,2635,The Lovers on the Bridge,1991,Drama|Romance,32,3.09375
2705,2636,"Late August, Early September",1998,Drama,6,3.0
2706,2637,American Pie,1999,Comedy,1130,3.7106194690265486
2707,2638,Arlington Road,1999,Thriller,501,3.524950099800399
2708,2639,An Autumn Tale,1998,Romance,33,3.787878787878788
2709,2640,Muppets From Space,1999,Children's|Comedy,190,3.2157894736842105
2710,2641,The Blair Witch Project,1999,Horror,1008,3.054563492063492
2711,2642,My Life So Far,1999,Drama,28,3.607142857142857
2712,2643,Eyes Wide Shut,1999,Drama,751,3.2130492676431426
2713,2644,Lake Placid,1999,Horror|Thriller,336,2.5416666666666665
2714,2645,The Wood,1999,Drama,72,3.1666666666666665
2715,2646,The Velocity of Gary,1998,Comedy|Romance,16,2.25
2716,2647,Ghostbusters,1984,Comedy|Horror,1723,3.8955310504933256
2717,2648,Ghostbusters II,1989,Comedy|Horror,463,2.8898488120950323
2718,2649,Drop Dead Gorgeous,1999,Comedy,316,3.1107594936708862
2719,2650,The Haunting,1999,Horror|Thriller,381,2.354330708661417
2720,2651,Inspector Gadget,1999,Action|Adventure|Children's|Comedy,288,2.1284722222222223
2721,2652,Trick,1999,Romance,65,3.753846153846154
2722,2653,Deep Blue Sea,1999,Action|Sci-Fi|Thriller,463,2.8898488120950323
2723,2654,Mystery Men,1999,Action|Adventure|Comedy,673,2.99851411589896
2724,2655,Runaway Bride,1999,Comedy|Romance,511,3.12720156555773
2725,2656,Twin Falls Idaho,1999,Drama,82,3.7560975609756095
2726,2657,The Killing,1956,Crime|Film-Noir,99,4.171717171717172
2727,2658,Killer's Kiss,1955,Film-Noir,29,3.3793103448275863
2728,2659,Spartacus,1960,Drama,347,4.043227665706052
2729,2660,Lolita,1962,Drama,160,3.86875
2730,2661,Barry Lyndon,1975,Drama,129,3.604651162790698
2731,2662,The 400 Blows,1959,Drama,157,4.2993630573248405
2732,2663,Jules and Jim,1961,Drama,120,4.0
2733,2664,Vibes,1988,Adventure|Comedy,40,2.55
2734,2665,The Mosquito Coast,1986,Drama,380,3.360526315789474
2735,2666,The Golden Child,1986,Action|Adventure|Comedy,355,2.8845070422535213
2736,2667,Brighton Beach Memoirs,1986,Comedy,163,3.392638036809816
2737,2668,Assassination,1987,Action,19,3.0526315789473686
2738,2669,Crimes of the Heart,1986,Comedy|Drama,65,3.4307692307692306
2739,2670,The Color Purple,1985,Drama,369,3.813008130081301
2740,2671,The Kindred,1986,Horror,11,2.4545454545454546
2741,2672,No Mercy,1986,Action|Thriller,48,3.1666666666666665
2742,2673,Ménage,1986,Comedy|Drama,1,2.0
2743,2674,Native Son,1986,Drama,16,3.4375
2744,2675,Otello,1986,Drama,33,3.6666666666666665
2745,2676,The Mission,1986,Drama,170,3.8588235294117648
2746,2677,Little Shop of Horrors,1986,Comedy|Horror|Musical,738,3.313008130081301
2747,2678,The Little Shop of Horrors,1960,Comedy|Horror,282,3.354609929078014
2748,2679,Allan Quartermain and the Lost City of Gold,1987,Action|Adventure,114,2.1140350877192984
2749,2680,The Morning After,1986,Drama|Mystery,79,3.2278481012658227
2750,2681,Radio Days,1987,Comedy|Drama,231,3.7012987012987013
2751,2682,From the Hip,1987,Comedy,42,2.7857142857142856
2752,2683,Outrageous Fortune,1987,Comedy|Mystery,150,3.02
2753,2684,The Bedroom Window,1987,Thriller,41,3.5121951219512195
2754,2685,Deadtime Stories,1987,Horror,10,1.8
2755,2686,Light of Day,1987,Drama,26,2.6538461538461537
2756,2687,Wanted: Dead or Alive,1987,Action,27,3.2222222222222223
2757,2688,Frances,1982,Drama,109,3.81651376146789
2758,2689,Plenty,1985,Drama,26,2.769230769230769
2759,2690,Dick,1999,Comedy,338,3.378698224852071
2760,2691,The Gambler,1997,Drama,7,3.4285714285714284
2761,2692,The Iron Giant,1999,Animation|Children's,551,4.045372050816697
2762,2693,The Sixth Sense,1999,Thriller,1988,4.404929577464789
2763,2694,The Thomas Crown Affair,1999,Action|Thriller,884,3.6402714932126696
2764,2695,The Thomas Crown Affair,1968,Crime|Drama|Thriller,218,3.5642201834862384
2765,2696,The Acid House,1998,Comedy|Drama,6,2.6666666666666665
2766,2697,The Adventures of Sebastian Cole,1998,Comedy|Drama,27,3.5185185185185186
2767,2698,Illuminata,1998,Comedy,18,3.0
2768,2699,Stiff Upper Lips,1998,Comedy,12,3.1666666666666665
2769,2700,The Yards,1999,Crime|Mystery,64,3.28125
2770,2701,Bowfinger,1999,Comedy,763,3.2791612057667106
2771,2702,Brokedown Palace,1999,Drama,132,2.878787878787879
2772,2703,Detroit Rock City,1999,Comedy,204,3.0784313725490198
2773,2704,Alice and Martin,1998,Drama,11,3.090909090909091
2774,2705,Better Than Chocolate,1999,Comedy|Romance,57,3.456140350877193
2775,2706,Head On,1998,Drama,11,3.090909090909091
2776,2707,"Marcello Mastroianni: I Remember Yes, I Remember",1997,Documentary,13,3.769230769230769
2777,2708,Cobra,1925,Drama,3,2.0
2778,2709,Never Talk to Strangers,1995,Thriller,24,2.6666666666666665
2779,2710,Heaven Can Wait,1978,Comedy,273,3.6153846153846154
2780,2711,The Raven,1963,Comedy|Horror,67,3.1791044776119404
2781,2712,The Tingler,1959,Horror,48,3.2083333333333335
2782,2713,Pit and the Pendulum,1961,Horror,75,3.48
2783,2714,The Tomb of Ligeia,1965,Horror,8,2.75
2784,2715,The Masque of the Red Death,1964,Horror,46,3.152173913043478
2785,2716,Tales of Terror,1962,Horror,23,3.0434782608695654
2786,2717,Haunted Honeymoon,1986,Comedy,55,2.3636363636363638
2787,2718,Cat's Eye,1985,Horror,132,2.9015151515151514
2788,2719,And Now for Something Completely Different,1971,Comedy,379,4.137203166226913
2789,2720,Damien: Omen II,1978,Horror,131,3.030534351145038
2790,2721,The Final Conflict,1981,Horror,44,2.6136363636363638
2791,2722,Airplane!,1980,Comedy,1408,3.979403409090909
2792,2723,Airplane II: The Sequel,1982,Comedy,462,3.012987012987013
2793,2724,An American Werewolf in Paris,1997,Comedy|Horror,215,2.730232558139535
2794,2725,European Vacation,1985,Comedy,314,2.9140127388535033
2795,2726,Vacation,1983,Comedy,442,3.8484162895927603
2796,2727,Funny Farm,1988,Comedy,189,2.947089947089947
2797,2728,Big,1988,Comedy|Fantasy,1209,3.857733664185277
2798,2729,Problem Child,1990,Comedy,128,1.8515625
2799,2730,Problem Child 2,1991,Comedy,75,1.56
2800,2731,Little Nemo: Adventures in Slumberland,1992,Animation|Children's,16,3.0
2801,2732,Oscar and Lucinda,1997,Drama|Romance,77,3.6103896103896105
2802,2733,Tequila Sunrise,1988,Action|Romance|Thriller,258,3.0775193798449614
2803,2734,The Pelican Brief,1993,Thriller,269,3.3382899628252787
2804,2735,A Christmas Story,1983,Comedy|Drama,1081,4.25809435707678
2805,2736,Mickey Blue Eyes,1999,Comedy|Romance,364,2.857142857142857
2806,2737,Teaching Mrs. Tingle,1999,Comedy|Thriller,159,2.610062893081761
2807,2738,Universal Soldier: The Return,1999,Action|Sci-Fi,69,1.7826086956521738
2808,2739,Universal Soldier,1992,Action|Sci-Fi,292,2.5
2809,2740,Love Stinks,1999,Comedy,15,2.533333333333333
2810,2741,Perfect Blue,1997,Animation|Mystery,32,3.90625
2811,2742,With Friends Like These...,1998,Comedy,2,4.0
2812,2743,In Too Deep,1999,Action|Thriller,34,3.2941176470588234
2813,2744,The Source,1999,Documentary,19,3.4210526315789473
2814,2745,The Bat,1959,Horror,8,2.625
2815,2746,Iron Eagle,1986,Action|War,213,2.6338028169014085
2816,2747,Iron Eagle II,1988,Action|War,121,1.8181818181818181
2817,2748,Aces: Iron Eagle III,1992,Action|War,97,1.711340206185567
2818,2749,Iron Eagle IV,1995,Action|War,48,1.6041666666666667
2819,2750,Three Days of the Condor,1975,Thriller,250,4.028
2820,2751,Hamlet,1964,Drama,46,3.608695652173913
2821,2752,Male and Female,1919,Adventure|Drama,3,2.6666666666666665
2822,2753,Medicine Man,1992,Adventure|Romance,214,3.0654205607476634
2823,2754,The Spiders,1919,Action|Drama,4,2.5
2824,2755,On the Ropes,1999,Documentary,11,3.8181818181818183
2825,2756,Rosie,1998,Drama,2,2.5
2826,2757,The 13th Warrior,1999,Action|Horror|Thriller,614,3.1547231270358305
2827,2758,The Astronaut's Wife,1999,Sci-Fi|Thriller,258,2.4573643410852712
2828,2759,Dudley Do-Right,1999,Children's|Comedy,99,2.0303030303030303
2829,2760,The Muse,1999,Comedy|Drama,122,2.959016393442623
2830,2761,Cabaret Balkan,1998,Drama,11,3.5454545454545454
2831,2762,A Dog of Flanders,1999,Drama,8,3.25
2832,2763,The Lost Son,1999,Drama,0,
2833,2764,Lucie Aubrac,1997,Romance|War,6,3.6666666666666665
2834,2765,The Very Thought of You,1998,Comedy|Romance,17,3.5294117647058822
2835,2766,Chill Factor,1999,Action|Thriller,42,2.5238095238095237
2836,2767,Outside Providence,1999,Comedy,127,3.3149606299212597
2837,2768,Bedrooms & Hallways,1998,Comedy|Romance,18,3.388888888888889
2838,2769,I Woke Up Early the Day I Died,1998,Comedy,0,
2839,2770,West Beirut,1998,Drama,7,4.285714285714286
2840,2771,Stigmata,1999,Thriller,328,2.8536585365853657
2841,2772,Stir of Echoes,1999,Thriller,379,3.633245382585752
2842,2773,Best Laid Plans,1999,Crime|Drama,29,3.3448275862068964
2843,2774,"Black Cat, White Cat",1998,Comedy|Romance,17,4.0
2844,2775,The Minus Man,1999,Drama|Mystery,70,3.2
2845,2776,White Boys,1999,Drama,1,1.0
2846,2777,The Adventures of Milo and Otis,1986,Children's,130,3.4076923076923076
2847,2778,Only Angels Have Wings,1939,Drama,25,3.8
2848,2779,Othello,1952,Drama,30,4.0
2849,2780,Queens Logic,1991,Comedy|Drama,26,2.8461538461538463
2850,2781,Public Access,1993,Drama|Thriller,5,3.0
2851,2782,Saturn 3,1979,Adventure|Sci-Fi|Thriller,105,2.3523809523809525
2852,2783,A Soldier's Story,1984,Drama,137,3.72992700729927
2853,2784,Communion,1977,Horror,20,2.9
2854,2785,Don't Look in the Basement!,1973,Horror,11,2.3636363636363638
2855,2786,Nightmares,1983,Horror,6,2.0
2856,2787,I Saw What You Did,1965,Thriller,71,2.7464788732394365
2857,2788,Yellow Submarine,1968,Animation|Musical,325,3.6923076923076925
2858,2789,American Beauty,1999,Comedy|Drama,2749,4.31320480174609
2859,2790,Stop Making Sense,1984,Documentary,187,4.2032085561497325
2860,2791,Blue Streak,1999,Comedy,98,3.204081632653061
2861,2792,For Love of the Game,1999,Comedy|Drama,280,3.1535714285714285
2862,2793,Caligula,1980,Drama,72,2.5972222222222223
2863,2794,A Hard Day's Night,1964,Comedy|Musical,410,3.897560975609756
2864,2795,Splendor,1999,Comedy,20,2.65
2865,2796,Sugar Town,1999,Comedy,16,3.0
2866,2797,The Buddy Holly Story,1978,Drama,148,3.7094594594594597
2867,2798,Fright Night,1985,Comedy|Horror,246,3.410569105691057
2868,2799,Fright Night Part II,1989,Horror,44,2.227272727272727
2869,2800,The Separation,1994,Drama,2,3.5
2870,2801,Barefoot in the Park,1967,Comedy,148,3.560810810810811
2871,2802,Deliverance,1972,Adventure|Thriller,580,3.9413793103448276
2872,2803,Excalibur,1981,Action|Drama|Fantasy|Romance,595,3.7899159663865545
2873,2804,Lulu on the Bridge,1998,Drama|Mystery|Romance,15,2.6666666666666665
2874,2805,The Pajama Game,1957,Comedy,55,3.5090909090909093
2875,2806,Sommersby,1993,Drama|Mystery|Romance,229,3.2620087336244543
2876,2807,Thumbelina,1994,Animation|Children's,36,2.8333333333333335
2877,2808,Tommy,1975,Drama|Musical,163,3.067484662576687
2878,2809,Hell Night,1981,Horror,27,2.259259259259259
2879,2810,Operation Condor,1990,Action|Adventure|Comedy,135,3.4814814814814814
2880,2811,Operation Condor 2,1990,Action|Adventure|Comedy,59,3.4745762711864407
2881,2812,Double Jeopardy,1999,Action|Thriller,637,3.207221350078493
2882,2813,Jakob the Liar,1999,Drama,94,2.6914893617021276
2883,2814,Mumford,1999,Comedy,226,3.5309734513274336
2884,2815,Dog Park,1998,Comedy|Romance,33,2.6363636363636362
2885,2816,Guinevere,1999,Drama|Romance,45,3.2222222222222223
2886,2817,The Adventures of Elmo in Grouchland,1999,Children's|Comedy,27,2.2962962962962963
2887,2818,Simon Sez,1999,Drama,3,1.6666666666666667
2888,2819,Drive Me Crazy,1999,Comedy|Romance,96,2.8333333333333335
2889,2820,"Mystery, Alaska",1999,Comedy,230,3.4521739130434783
2890,2821,Three Kings,1999,Drama|War,819,3.816849816849817
2891,2822,"Happy, Texas",1999,Comedy,149,3.523489932885906
2892,2823,New Rose Hotel,1998,Action|Drama,10,2.4
2893,2824,Plunkett & MaCleane,1999,Action|Drama,35,3.0285714285714285
2894,2825,Romance,1999,Drama|Romance,25,2.6
2895,2826,Napoleon and Samantha,1972,Adventure,2,3.0
2896,2827,Alvarez Kelly,1966,Western,19,3.3157894736842106
2897,2828,And the Ship Sails On,1984,Comedy|War,17,3.411764705882353
2898,2829,The Dark Half,1993,Horror|Mystery,80,2.7
2899,2830,Gulliver's Travels,1939,Adventure|Animation|Children's,90,3.577777777777778
2900,2831,Monkey Shines,1988,Horror|Sci-Fi,127,2.732283464566929
2901,2832,Phantasm,1979,Horror|Sci-Fi,269,3.1784386617100373
2902,2833,Psycho II,1983,Horror|Thriller,140,2.4285714285714284
2903,2834,Psycho III,1986,Horror|Thriller,78,2.08974358974359
2904,2835,Rain,1932,Drama,12,3.6666666666666665
2905,2836,Sanjuro,1962,Action|Adventure,55,4.618181818181818
2906,2837,Random Hearts,1999,Drama|Romance,196,2.336734693877551
2907,2838,Superstar,1999,Comedy,177,2.4519774011299433
2908,2839,Boys Don't Cry,1999,Drama,701,4.0370898716119825
2909,2840,"Five Wives, Three Secretaries and Me",1998,Documentary,1,4.0
2910,2841,"Ennui, L'",1998,Drama|Romance,0,
2911,2842,The Grandfather,1998,Drama,7,3.2857142857142856
2912,2843,The Limey,1999,Action|Crime|Drama,381,3.690288713910761
2913,2844,The Mating Habits of the Earthbound Human,1998,Comedy,12,3.5
2914,2845,Molly,1999,Comedy|Drama,10,2.1
2915,2846,Risky Business,1983,Comedy,674,3.655786350148368
2916,2847,Total Recall,1990,Action|Adventure|Sci-Fi|Thriller,1558,3.709242618741977
2917,2848,Body Heat,1981,Crime|Thriller,389,4.007712082262211
2918,2849,Ferris Bueller's Day Off,1986,Comedy,1180,4.107627118644068
2919,2850,Year of Living Dangerously,1982,Drama|Romance,315,3.892063492063492
2920,2851,Children of Paradise,1945,Drama|Romance,89,4.146067415730337
2921,2852,High Plains Drifter,1972,Western,256,3.875
2922,2853,Hang 'em High,1967,Western,188,3.734042553191489
2923,2854,Citizen's Band,1977,Comedy,11,3.4545454545454546
2924,2855,Drunken Master,1979,Action|Comedy,101,3.900990099009901
2925,2856,The Conformist,1970,Drama,43,4.27906976744186
2926,2857,Hairspray,1988,Comedy|Drama,364,3.3653846153846154
2927,2858,Brief Encounter,1946,Drama|Romance,69,4.130434782608695
2928,2859,The Razor's Edge,1984,Drama,58,3.3448275862068964
2929,2860,Reds,1981,Drama,168,3.4404761904761907
2930,2861,Return with Honor,1998,Documentary,4,4.25
2931,2862,Time of the Gypsies,1989,Drama,10,4.3
2932,2863,Days of Heaven,1978,Drama,90,4.0
2933,2864,The Fire Within,1963,Drama,4,3.75
2934,2865,A Love Bewitched,1986,Musical,3,2.3333333333333335
2935,2866,The Lady Eve,1941,Comedy|Romance,121,4.198347107438017
2936,2867,Sullivan's Travels,1942,Comedy,134,4.08955223880597
2937,2868,The Palm Beach Story,1942,Comedy,89,4.337078651685394
2938,2869,Man Facing Southeast,1986,Drama,23,4.043478260869565
2939,2870,Niagara,1953,Drama|Thriller,40,3.6
2940,2871,Gilda,1946,Film-Noir,90,4.044444444444444
2941,2872,South Pacific,1958,Musical|Romance|War,223,3.609865470852018
2942,2873,Flashdance,1983,Drama|Romance,302,3.119205298013245
2943,2874,Indochine,1992,Drama|Romance,133,3.789473684210526
2944,2875,The Dirty Dozen,1967,Action|War,576,4.008680555555555
2945,2876,Mike's Murder,1984,Mystery,24,2.6666666666666665
2946,2877,Help!,1965,Comedy|Musical,231,3.779220779220779
2947,2878,Goldfinger,1964,Action,717,3.9553695955369594
2948,2879,From Russia with Love,1963,Action,620,3.8806451612903228
2949,2880,Dr. No,1962,Action,519,3.8689788053949905
2950,2881,The Blue Lagoon,1980,Adventure|Drama|Romance,271,2.3653136531365315
2951,2882,A Fistful of Dollars,1964,Action|Western,405,3.9851851851851854
2952,2883,Hard 8,1996,Crime|Thriller,153,3.6993464052287583
2953,2884,Home Alone 2: Lost in New York,1992,Children's|Comedy,266,2.3421052631578947
2954,2885,Penitentiary,1979,Drama,0,
2955,2886,Penitentiary II,1982,Drama,2,2.5
2956,2887,Someone to Watch Over Me,1987,Action|Crime|Thriller,113,3.150442477876106
2957,2888,Sparrows,1926,Drama,0,
2958,2889,Naturally Native,1998,Drama,0,
2959,2890,Fight Club,1999,Drama,1157,4.072601555747623
2960,2891,Beefcake,1999,Drama,4,2.75
2961,2892,The Story of Us,1999,Comedy|Drama,225,2.848888888888889
2962,2893,Fever Pitch,1997,Comedy|Romance,5,2.6
2963,2894,Joe the King,1999,Crime|Drama,12,4.0
2964,2895,Julien Donkey-Boy,1999,Drama,10,3.3
2965,2896,The Omega Code,1999,Action,54,2.0
2966,2897,The Straight Story,1999,Drama,351,4.05982905982906
2967,2898,The Bad Seed,1956,Drama|Thriller,102,3.7058823529411766
2968,2899,Time Bandits,1981,Adventure|Fantasy|Sci-Fi,791,3.6738305941845764
2969,2900,A Man and a Woman,1966,Drama|Romance,68,3.9411764705882355
2970,2901,Fitzcarraldo,1982,Adventure|Drama,82,3.975609756097561
2971,2902,All That Jazz,1979,Musical,272,3.8308823529411766
2972,2903,Red Sorghum,1987,Drama|War,47,4.0
2973,2904,Crimes and Misdemeanors,1989,Comedy,380,4.078947368421052
2974,2905,Bats,1999,Horror|Thriller,53,1.8113207547169812
2975,2906,The Best Man,1999,Drama,90,3.0
2976,2907,Bringing Out the Dead,1999,Drama|Horror,456,3.1140350877192984
2977,2908,Crazy in Alabama,1999,Comedy|Drama,37,3.108108108108108
2978,2909,Three to Tango,1999,Comedy|Romance,78,2.8974358974358974
2979,2910,Body Shots,1999,Drama,30,2.3
2980,2911,Men Cry Bullets,1997,Drama,0,
2981,2912,"Brother, Can You Spare a Dime?",1975,Documentary,12,3.5833333333333335
2982,2913,The Guardian,1990,Horror|Thriller,27,2.037037037037037
2983,2914,The Ipcress File,1965,Thriller,62,3.967741935483871
2984,2915,On Any Sunday,1971,Documentary,9,3.4444444444444446
2985,2916,Robocop,1987,Action|Crime|Sci-Fi,998,3.4519038076152304
2986,2917,Robocop 2,1990,Action|Crime|Sci-Fi,384,2.375
2987,2918,Who Framed Roger Rabbit?,1988,Adventure|Animation|Film-Noir,1457,3.695264241592313
2988,2919,Melvin and Howard,1980,Drama,92,3.6739130434782608
2989,2920,For Your Eyes Only,1981,Action,342,3.4883040935672516
2990,2921,Licence to Kill,1989,Action,311,3.1768488745980705
2991,2922,Live and Let Die,1973,Action,343,3.6034985422740524
2992,2923,Rawhead Rex,1986,Horror|Thriller,27,2.5925925925925926
2993,2924,Thunderball,1965,Action,327,3.7186544342507646
2994,2925,The City,1998,Drama,10,3.5
2995,2926,The House on Haunted Hill,1999,Horror,268,2.279850746268657
2996,2927,Music of the Heart,1999,Drama,110,3.4
2997,2928,Being John Malkovich,1999,Comedy,1805,4.120221606648199
2998,2929,Dreaming of Joseph Lees,1998,Romance,11,3.3636363636363638
2999,2930,Man of the Century,1999,Comedy,4,4.0
3000,2931,The Princess Mononoke,1997,Action|Adventure|Animation,272,4.139705882352941
3001,2932,The Suburbans,1999,Drama,6,1.6666666666666667
3002,2933,My Best Fiend,1999,Documentary,27,3.925925925925926
3003,2934,Train of Life,1998,Comedy|Drama,8,3.25
3004,2935,The Bachelor,1999,Comedy|Romance,194,2.5257731958762886
3005,2936,The Bone Collector,1999,Thriller,526,3.393536121673004
3006,2937,The Insider,1999,Drama,720,4.0569444444444445
3007,2938,American Movie,1999,Documentary,230,3.9782608695652173
3008,2939,Last Night,1998,Thriller,42,3.6904761904761907
3009,2940,Portraits Chinois,1996,Drama,0,
3010,2941,Rosetta,1999,Drama,24,3.4166666666666665
3011,2942,"They Shoot Horses, Don't They?",1969,Drama,121,3.603305785123967
3012,2943,Battling Butler,1926,Comedy,10,3.4
3013,2944,Bride of Re-Animator,1990,Comedy|Horror,53,2.8679245283018866
3014,2945,Bustin' Loose,1981,Comedy,39,2.871794871794872
3015,2946,Coma,1978,Thriller,110,3.4363636363636365
3016,2947,Creepshow,1982,Horror,370,3.127027027027027
3017,2948,Creepshow 2,1987,Horror,71,2.492957746478873
3018,2949,Re-Animator,1985,Horror,201,3.4676616915422884
3019,2950,Drugstore Cowboy,1989,Crime|Drama,347,3.8645533141210375
3020,2951,Falling Down,1993,Action|Drama,430,3.474418604651163
3021,2952,The Funhouse,1981,Horror,27,3.074074074074074
3022,2953,The General,1927,Comedy,163,4.380368098159509
3023,2954,My Best Girl,1927,Comedy|Romance,0,
3024,2955,Piranha,1978,Horror|Sci-Fi,129,2.364341085271318
3025,2956,Rough Night in Jericho,1967,Western,12,3.25
3026,2957,Slaughterhouse,1987,Horror,6,1.6666666666666667
3027,2958,Slaughterhouse 2,1988,Horror,3,1.0
3028,2959,The Taming of the Shrew,1967,Comedy,112,3.8035714285714284
3029,2960,Nighthawks,1981,Action|Drama,145,3.213793103448276
3030,2961,Yojimbo,1961,Comedy|Drama|Western,171,4.43859649122807
3031,2962,Repossessed,1990,Comedy,43,2.186046511627907
3032,2963,The Omega Man,1971,Sci-Fi,181,3.5027624309392267
3033,2964,Spaceballs,1987,Comedy|Sci-Fi,723,3.2544951590594744
3034,2965,Robin Hood,1973,Animation|Children's,277,3.747292418772563
3035,2966,Mister Roberts,1955,Comedy|Drama|War,328,4.1432926829268295
3036,2967,Quest for Fire,1981,Adventure,134,3.2761194029850746
3037,2968,Little Big Man,1970,Comedy|Drama|Western,476,4.050420168067227
3038,2969,A Face in the Crowd,1957,Drama,57,4.192982456140351
3039,2970,Trading Places,1983,Comedy,676,3.828402366863905
3040,2971,Meatballs,1979,Comedy,256,3.3046875
3041,2972,Meatballs Part II,1984,Comedy,55,1.709090909090909
3042,2973,Meatballs III,1987,Comedy,45,1.5555555555555556
3043,2974,Meatballs 4,1992,Comedy,34,1.6764705882352942
3044,2975,Dead Again,1991,Mystery|Romance|Thriller,485,3.865979381443299
3045,2976,Peter's Friends,1992,Comedy|Drama,88,3.125
3046,2977,The Incredibly True Adventure of Two Girls in Love,1995,Comedy|Romance,71,3.4507042253521125
3047,2978,Experience Preferred... But Not Essential,1982,Drama,15,3.6666666666666665
3048,2979,Under the Rainbow,1981,Comedy,55,2.2363636363636363
3049,2980,How I Won the War,1967,Comedy|War,28,3.2142857142857144
3050,2981,Light It Up,1999,Drama,14,3.2857142857142856
3051,2982,Anywhere But Here,1999,Drama,135,2.9703703703703703
3052,2983,Dogma,1999,Comedy,792,3.7184343434343434
3053,2984,The Messenger: The Story of Joan of Arc,1999,Drama|War,277,3.07942238267148
3054,2985,Pokémon: The First Movie,1998,Animation|Children's,110,1.9454545454545455
3055,2986,Felicia's Journey,1999,Thriller,71,3.3943661971830985
3056,2987,Oxygen,1999,Thriller,5,3.6
3057,2988,Where's Marlowe?,1999,Comedy,1,4.0
3058,2989,The Ape,1940,Horror|Sci-Fi,11,2.0
3059,2990,British Intelligence,1940,Drama,0,
3060,2991,The Commitments,1991,Comedy|Drama,446,3.8340807174887894
3061,2992,Holiday Inn,1942,Comedy|Musical,225,3.8666666666666667
3062,2993,The Longest Day,1962,Action|Drama|War,289,3.9238754325259517
3063,2994,Poison Ivy,1992,Thriller,108,2.7222222222222223
3064,2995,Poison Ivy: New Seduction,1997,Thriller,48,2.4166666666666665
3065,2996,Ten Benny,1997,Drama,1,4.0
3066,2997,Tora! Tora! Tora!,1970,War,167,3.7005988023952097
3067,2998,Women on the Verge of a Nervous Breakdown,1988,Comedy|Drama,290,3.8655172413793104
3068,2999,The Verdict,1982,Drama,322,3.869565217391304
3069,3000,The Effect of Gamma Rays on Man-in-the-Moon Marigolds,1972,Drama,51,3.843137254901961
3070,3001,The Adventures of Buckaroo Bonzai Across the 8th Dimension,1984,Adventure|Comedy|Sci-Fi,477,3.4213836477987423
3071,3002,Stand and Deliver,1987,Drama,264,3.7954545454545454
3072,3003,Moonstruck,1987,Comedy,786,3.795165394402036
3073,3004,The Sandpiper,1965,Drama|Romance,30,3.2
3074,3005,Jeremiah Johnson,1972,Western,183,3.7923497267759565
3075,3006,Repulsion,1965,Thriller,53,3.8867924528301887
3076,3007,Irma la Douce,1963,Comedy,76,3.723684210526316
3077,3008,42 Up,1998,Documentary,66,4.2272727272727275
3078,3009,Liberty Heights,1999,Drama,130,3.6153846153846154
3079,3010,Mansfield Park,1999,Drama,110,3.8636363636363638
3080,3011,"Goodbye, 20th Century",1998,Drama|Sci-Fi,0,
3081,3012,Sleepy Hollow,1999,Horror|Romance,849,3.5265017667844525
3082,3013,The World Is Not Enough,1999,Action|Thriller,679,3.3726067746686303
3083,3014,All About My Mother,1999,Comedy|Drama,300,4.113333333333333
3084,3015,Home Page,1999,Documentary,1,4.0
3085,3016,The Living Dead Girl,1982,Horror,2,2.5
3086,3017,March of the Wooden Soldiers,1934,Comedy,68,3.514705882352941
3087,3018,Scrooged,1988,Comedy,422,3.4786729857819907
3088,3019,Harvey,1950,Comedy,282,4.113475177304965
3089,3020,The Bicycle Thief,1948,Drama,198,4.353535353535354
3090,3021,Matewan,1987,Drama,149,4.120805369127517
3091,3022,Kagemusha,1980,Drama|War,109,4.3119266055045875
3092,3023,Chushingura,1962,Drama,17,3.8823529411764706
3093,3024,McCabe & Mrs. Miller,1971,Drama|Western,162,3.7037037037037037
3094,3025,Maurice,1987,Drama|Romance,75,3.76
3095,3026,The Grapes of Wrath,1940,Drama,418,4.157894736842105
3096,3027,My Man Godfrey,1957,Comedy,74,3.9324324324324325
3097,3028,The Shop Around the Corner,1940,Comedy|Romance,162,4.117283950617284
3098,3029,The Natural,1984,Drama,454,3.8259911894273126
3099,3030,Shampoo,1975,Comedy|Romance,228,3.241228070175439
3100,3031,A River Runs Through It,1992,Drama,496,3.75
3101,3032,Fatal Attraction,1987,Thriller,646,3.670278637770898
3102,3033,Jagged Edge,1985,Thriller,200,3.62
3103,3034,Stanley & Iris,1990,Drama|Romance,55,2.981818181818182
3104,3035,Midnight Run,1988,Action|Adventure|Comedy|Crime,636,3.8647798742138364
3105,3036,Awakenings,1990,Drama,554,3.7689530685920576
3106,3037,Come See the Paradise,1990,Drama|Romance,18,3.388888888888889
3107,3038,Backdraft,1991,Action|Drama,712,3.433988764044944
3108,3039,The Fisher King,1991,Comedy|Drama|Romance,744,3.635752688172043
3109,3040,The River,1984,Drama,55,3.2363636363636363
3110,3041,Country,1984,Drama,25,3.52
3111,3042,Places in the Heart,1984,Drama,165,3.721212121212121
3112,3043,'Night Mother,1986,Drama,57,3.3333333333333335
3113,3044,End of Days,1999,Action|Thriller,445,2.6157303370786518
3114,3045,Toy Story 2,1999,Animation|Children's|Comedy,1289,4.228859581070598
3115,3046,Flawless,1999,Drama,86,3.1744186046511627
3116,3047,Miss Julie,1999,Drama,10,2.7
3117,3048,Ride with the Devil,1999,Drama|Romance|War,58,3.2413793103448274
3118,3049,Tumbleweeds,1999,Drama,56,3.5892857142857144
3119,3050,Bay of Blood,1971,Horror,1,3.0
3120,3051,The Distinguished Gentleman,1992,Comedy,102,3.0294117647058822
3121,3052,The Hitch-Hiker,1953,Film-Noir,13,3.6923076923076925
3122,3053,Santa Fe Trail,1940,Drama|Romance|Western,25,3.4
3123,3054,Spring Fever USA,1989,Comedy,2,1.0
3124,3055,Agnes Browne,1999,Comedy|Drama,29,3.2413793103448274
3125,3056,The End of the Affair,1999,Drama,155,3.464516129032258
3126,3057,The End of the Affair,1955,Drama,2,4.0
3127,3058,Holy Smoke,1999,Drama,50,3.2
3128,3059,A Map of the World,1999,Drama,37,3.3783783783783785
3129,3060,Sweet and Lowdown,1999,Comedy|Drama,232,3.6939655172413794
3130,3061,Bonfire of the Vanities,1990,Comedy,91,2.32967032967033
3131,3062,Broadway Damage,1997,Comedy,0,
3132,3063,Daddy Long Legs,1919,Comedy,31,3.7419354838709675
3133,3064,Go West,1925,Comedy,35,3.6285714285714286
3134,3065,Grand Illusion,1937,Drama|War,131,4.351145038167939
3135,3066,The Great Santini,1979,Drama,165,3.909090909090909
3136,3067,The James Dean Story,1957,Documentary,3,3.0
3137,3068,The Sea Wolves,1980,Action|War,10,3.8
3138,3069,Stealing Home,1988,Drama,53,3.2264150943396226
3139,3070,Tarzan the Fearless,1933,Action|Adventure,12,3.75
3140,3071,The Three Ages,1923,Comedy,6,3.8333333333333335
3141,3072,The Two Jakes,1990,Drama,48,3.0625
3142,3073,U2: Rattle and Hum,1988,Documentary|Musical,110,3.3545454545454545
3143,3074,Hell in the Pacific,1968,Drama|War,27,3.6666666666666665
3144,3075,The Glass Bottom Boat,1966,Comedy|Romance,42,3.3333333333333335
3145,3076,The Cradle Will Rock,1999,Drama,208,3.360576923076923
3146,3077,Deuce Bigalow: Male Gigolo,1999,Comedy,239,2.6778242677824267
3147,3078,The Green Mile,1999,Drama|Thriller,964,4.1462655601659755
3148,3079,The Cider House Rules,1999,Drama,569,3.9490333919156413
3149,3080,Diamonds,1999,Mystery,6,2.1666666666666665
3150,3081,The War Zone,1999,Drama,50,3.72
3151,3082,The Bat Whispers,1930,Crime|Drama|Mystery,0,
3152,3083,The Last Picture Show,1971,Drama,275,3.9963636363636366
3153,3084,The 7th Voyage of Sinbad,1958,Action|Adventure|Fantasy,210,3.6095238095238096
3154,3085,Blood on the Sun,1945,Drama|War,8,3.5
3155,3086,Anna and the King,1999,Drama|Romance,269,3.4014869888475836
3156,3087,Bicentennial Man,1999,Comedy|Drama|Sci-Fi,304,2.898026315789474
3157,3088,Stuart Little,1999,Children's|Comedy,407,3.1744471744471743
3158,3089,The Emperor and the Assassin,1999,Drama,35,3.6285714285714286
3159,3090,Fantasia 2000,1999,Animation|Children's|Musical,355,3.8112676056338026
3160,3091,Magnolia,1999,Drama,890,3.865168539325843
3161,3092,Onegin,1999,Drama,15,3.466666666666667
3162,3093,Simpatico,1999,Comedy|Drama,14,2.5
3163,3094,Topsy-Turvy,1999,Drama,248,3.7298387096774195
3164,3095,The Alley Cats,1968,Drama,0,
3165,3096,Boiling Point,1993,Action|Drama,47,2.595744680851064
3166,3097,Brenda Starr,1989,Adventure,5,1.2
3167,3098,Carnal Knowledge,1971,Drama,127,3.5511811023622046
3168,3099,Easy Rider,1969,Adventure|Drama,393,3.7709923664122136
3169,3100,The Falcon and the Snowman,1984,Drama,195,3.5025641025641026
3170,3101,Hi-Yo Silver,1940,Western,0,
3171,3102,Room at the Top,1959,Drama,21,4.0
3172,3103,Ulysses,1954,Adventure,1,5.0
3173,3104,Any Given Sunday,1999,Drama,390,3.117948717948718
3174,3105,Man on the Moon,1999,Comedy|Drama,685,3.456934306569343
3175,3106,Galaxy Quest,1999,Adventure|Comedy|Sci-Fi,1378,3.7750362844702465
3176,3107,The Talented Mr. Ripley,1999,Drama|Mystery|Thriller,1071,3.5471521942110176
3177,3108,Next Friday,1999,Comedy,138,2.608695652173913
3178,3109,The Hurricane,1999,Drama,407,3.864864864864865
3179,3110,Angela's Ashes,1999,Drama,187,3.4171122994652405
3180,3111,Play it to the Bone,1999,Comedy|Drama,57,2.2280701754385963
3181,3112,Titus,1999,Drama,131,3.7557251908396947
3182,3113,Mr. Death: The Rise and Fall of Fred A. Leuchter Jr.,1999,Documentary,102,3.9313725490196076
3183,3114,The Third Miracle,1999,Drama,35,3.6857142857142855
3184,3115,Montana,1998,Action|Comedy|Crime|Drama,3,3.3333333333333335
3185,3116,Snow Falling on Cedars,1999,Drama,317,3.4321766561514195
3186,3117,"Girl, Interrupted",1999,Drama,355,3.4676056338028167
3187,3118,Trans,1998,Drama,2,2.5
3188,3119,The Life and Times of Hank Greenberg,1998,Documentary,38,3.6578947368421053
3189,3120,My Dog Skip,1999,Comedy,234,3.641025641025641
3190,3121,Supernova,2000,Adventure|Sci-Fi,119,2.1176470588235294
3191,3122,The Quarry,1998,Drama,0,
3192,3123,The Terrorist,1998,Drama,20,4.05
3193,3124,Creature,1999,Documentary,0,
3194,3125,The Way We Were,1973,Drama,172,3.3372093023255816
3195,3126,Tess of the Storm Country,1922,Drama,0,
3196,3127,Stalag 17,1953,Drama|War,318,4.245283018867925
3197,3128,The Presidio,1988,Action,203,3.3004926108374386
3198,3129,Papillon,1973,Drama,263,4.076045627376426
3199,3130,Pal Joey,1957,Comedy|Musical|Romance,57,3.3859649122807016
3200,3131,The Last Detail,1973,Comedy|Drama,137,3.8613138686131387
3201,3132,Five Easy Pieces,1970,Drama,279,3.982078853046595
3202,3133,Even Dwarfs Started Small,1971,Drama,1,1.0
3203,3134,Dead Calm,1989,Thriller,394,3.713197969543147
3204,3135,The Boys from Brazil,1978,Thriller,167,3.6646706586826348
3205,3136,Black Sunday,1960,Horror,4,2.25
3206,3137,Against All Odds,1984,Romance,103,3.174757281553398
3207,3138,The Snows of Kilimanjaro,1952,Adventure,5,3.2
3208,3139,Loaded Weapon 1,1993,Action|Comedy,202,2.712871287128713
3209,3140,The Loves of Carmen,1948,Drama,1,1.0
3210,3141,Fast Times at Ridgemont High,1982,Comedy,700,3.8485714285714288
3211,3142,A Cry in the Dark,1988,Drama,57,3.526315789473684
3212,3143,Born to Win,1971,Drama,2,2.5
3213,3144,Batman: Mask of the Phantasm,1993,Animation|Children's,194,3.551546391752577
3214,3145,American Flyers,1985,Drama,79,3.3417721518987342
3215,3146,Voyage of the Damned,1976,Drama,8,3.25
3216,3147,Vampyros Lesbos,1970,Horror,3,3.3333333333333335
3217,3148,A Star Is Born,1937,Drama,74,3.324324324324324
3218,3149,Poison,1991,Drama,25,3.12
3219,3150,Pacific Heights,1990,Thriller,354,3.2344632768361583
3220,3151,Night Tide,1961,Drama,1,2.0
3221,3152,The Draughtsman's Contract,1982,Drama,23,3.3043478260869565
3222,3153,Carmen,1984,Drama,25,4.28
3223,3154,A Zed & Two Noughts,1985,Drama,19,3.3684210526315788
3224,3155,Woman in the Dunes,1964,Drama,65,4.076923076923077
3225,3156,Down to You,2000,Comedy|Romance,85,2.7058823529411766
3226,3157,Hellhounds on My Trail,1999,Documentary,0,
3227,3158,"Not Love, Just Frenzy",1996,Comedy|Drama|Thriller,0,
3228,3159,Wirey Spindell,1999,Comedy,2,1.0
3229,3160,Another Man's Poison,1952,Crime|Drama,1,4.0
3230,3161,The Odessa File,1974,Thriller,58,3.6551724137931036
3231,3162,The Saphead,1920,Comedy,0,
3232,3163,Seven Chances,1925,Comedy,5,4.0
3233,3164,Smashing Time,1967,Comedy,2,5.0
3234,3165,Train Ride to Hollywood,1978,Comedy,0,
3235,3166,Where the Buffalo Roam,1980,Comedy,58,2.913793103448276
3236,3167,Zachariah,1971,Western,2,3.5
3237,3168,Kestrel's Eye,1998,Documentary,1,1.0
3238,3169,Eye of the Beholder,1999,Thriller,213,2.112676056338028
3239,3170,Isn't She Great?,2000,Comedy,32,2.375
3240,3171,The Big Tease,1999,Comedy,25,3.4
3241,3172,The Cup,1999,Comedy,47,3.74468085106383
3242,3173,Santitos,1997,Comedy,3,3.6666666666666665
3243,3174,Encino Man,1992,Comedy,239,2.5355648535564854
3244,3175,The Goodbye Girl,1977,Comedy|Romance,248,3.6774193548387095
3245,3176,I Am Cuba,1964,Drama,3,4.666666666666667
3246,3177,Malcolm X,1992,Drama,393,3.926208651399491
3247,3178,Sister Act,1992,Comedy|Crime,526,3.140684410646388
3248,3179,Sister Act 2: Back in the Habit,1993,Comedy,160,2.55
3249,3180,The Hand That Rocks the Cradle,1992,Thriller,271,3.1660516605166054
3250,3181,Alive,1993,Drama,306,3.388888888888889
3251,3182,Agnes of God,1985,Drama|Mystery,226,3.3185840707964602
3252,3183,Scent of a Woman,1992,Drama,430,3.7046511627906975
3253,3184,Wayne's World,1992,Comedy,887,3.5907553551296507
3254,3185,Wayne's World 2,1993,Comedy,365,2.8876712328767122
3255,3186,A League of Their Own,1992,Comedy|Drama,889,3.668166479190101
3256,3187,Patriot Games,1992,Action|Thriller,854,3.7576112412177984
3257,3188,The Bodyguard,1992,Action|Drama|Romance|Thriller,510,2.8490196078431373
3258,3189,Death Becomes Her,1992,Comedy,266,2.819548872180451
3259,3190,Far and Away,1992,Drama|Romance,323,3.3591331269349847
3260,3191,Howards End,1992,Drama,391,3.739130434782609
3261,3192,Singles,1992,Comedy|Drama|Romance,340,3.45
3262,3193,Twin Peaks: Fire Walk with Me,1992,Drama|Mystery,131,2.9770992366412212
3263,3194,White Men Can't Jump,1992,Comedy,537,3.176908752327747
3264,3195,Buffy the Vampire Slayer,1992,Comedy|Horror,418,3.0813397129186604
3265,3196,Hard-Boiled,1992,Action|Crime,260,4.130769230769231
3266,3197,Man Bites Dog,1992,Action|Comedy|Crime|Drama,123,3.731707317073171
3267,3198,"Mariachi, El",1992,Action|Thriller,370,3.6621621621621623
3268,3199,Stop! Or My Mom Will Shoot,1992,Action|Comedy,152,1.7763157894736843
3269,3200,Forever Young,1992,Adventure|Romance|Sci-Fi,389,3.185089974293059
3270,3201,The Cutting Edge,1992,Drama,167,3.287425149700599
3271,3202,Of Mice and Men,1992,Drama,255,3.850980392156863
3272,3203,Bad Lieutenant,1992,Crime|Drama,133,3.18796992481203
3273,3204,Scream 3,2000,Horror|Mystery|Thriller,450,2.7911111111111113
3274,3205,Single White Female,1992,Action,357,3.089635854341737
3275,3206,The Boondock Saints,1999,Action|Comedy,64,3.71875
3276,3207,Gun Shy,2000,Comedy,32,2.78125
3277,3208,Beloved/Friend,1999,Drama,1,4.0
3278,3209,Gendernauts,1999,Documentary,0,
3279,3210,Knockout,1999,Action|Adventure,0,
3280,3211,The Baby,1973,Horror,1,5.0
3281,3212,The Brandon Teena Story,1998,Documentary,43,4.046511627906977
3282,3213,Different for Girls,1996,Comedy,7,3.5714285714285716
3283,3214,Minnie and Moskowitz,1971,Action,13,3.4615384615384617
3284,3215,They Might Be Giants,1971,Comedy|Romance,33,3.757575757575758
3285,3216,The Beach,2000,Adventure|Drama,345,2.681159420289855
3286,3217,Snow Day,2000,Comedy,94,2.127659574468085
3287,3218,The Tigger Movie,2000,Animation|Children's,108,2.7037037037037037
3288,3219,Cotton Mary,1999,Drama,4,3.0
3289,3220,Not One Less,1999,Drama,42,3.8095238095238093
3290,3221,Soft Toilet Seats,1999,Comedy,1,3.0
3291,3222,Trois,2000,Thriller,1,2.0
3292,3223,The Big Combo,1955,Film-Noir,3,3.6666666666666665
3293,3224,Conceiving Ada,1997,Drama|Sci-Fi,5,3.4
3294,3225,Eaten Alive,1976,Horror,1,1.0
3295,3226,Raining Stones,1993,Drama,1,4.0
3296,3227,To Sir with Love,1967,Drama,162,3.771604938271605
3297,3228,With Byrd at the South Pole,1930,Documentary,1,2.0
3298,3229,Boiler Room,2000,Drama,468,3.4358974358974357
3299,3230,Hanging Up,2000,Comedy|Drama,145,2.2758620689655173
3300,3231,Pitch Black,2000,Action|Sci-Fi,427,3.299765807962529
3301,3232,The Whole Nine Yards,2000,Comedy|Crime,469,3.371002132196162
3302,3233,Beautiful People,1999,Comedy,42,3.4047619047619047
3303,3234,Black Tar Heroin: The Dark End of the Street,1999,Documentary,5,3.4
3304,3235,Blue Collar,1978,Crime|Drama,43,3.5813953488372094
3305,3236,Bluebeard,1944,Film-Noir|Horror,1,4.0
3306,3237,The Circus,1928,Comedy,20,4.0
3307,3238,City Lights,1931,Comedy|Drama|Romance,221,4.352941176470588
3308,3239,The Flamingo Kid,1984,Comedy|Drama,243,3.2181069958847734
3309,3240,A Dog's Life,1920,Comedy,22,3.590909090909091
3310,3241,The Kid,1921,Action,48,3.8333333333333335
3311,3242,The Man from Laramie,1955,Western,29,3.8275862068965516
3312,3243,The McCullochs,1975,Drama,1,1.0
3313,3244,Class Reunion,1982,Comedy,18,2.388888888888889
3314,3245,The Big Trees,1952,Action|Drama,2,4.5
3315,3246,Happy Go Lovely,1951,Musical,0,
3316,3247,Reindeer Games,2000,Action|Thriller,237,2.7637130801687766
3317,3248,Wonder Boys,2000,Comedy|Drama,406,3.9458128078817736
3318,3249,Deterrence,1998,Thriller,40,3.55
3319,3250,Judy Berlin,1999,Drama,18,3.0555555555555554
3320,3251,Mifune,1999,Comedy|Romance,37,3.5135135135135136
3321,3252,The Waiting Game,2000,Comedy,0,
3322,3253,3 Strikes,2000,Comedy,4,2.75
3323,3254,Chain of Fools,2000,Comedy|Crime,1,3.0
3324,3255,Drowning Mona,2000,Comedy,155,2.735483870967742
3325,3256,The Next Best Thing,2000,Comedy|Drama,130,2.3230769230769233
3326,3257,What Planet Are You From?,2000,Comedy|Sci-Fi,135,2.837037037037037
3327,3258,Beyond the Mat,2000,Documentary,105,3.447619047619048
3328,3259,Ghost Dog: The Way of the Samurai,1999,Crime|Drama,252,3.8492063492063493
3329,3260,The Year My Voice Broke,1987,Drama,23,3.869565217391304
3330,3261,Splendor in the Grass,1961,Drama,89,3.741573033707865
3331,3262,My Tutor,1983,Drama,26,2.3076923076923075
3332,3263,The Legend of Lobo,1962,Adventure|Children's,0,
3333,3264,The Killing of Sister George,1968,Drama,9,3.2222222222222223
3334,3265,Key Largo,1948,Crime|Drama|Film-Noir|Thriller,361,4.07202216066482
3335,3266,Jail Bait,1954,Crime|Drama,11,2.5454545454545454
3336,3267,It Happened Here,1961,Drama,2,3.0
3337,3268,I'll Never Forget What's 'is Name,1967,Comedy|Drama,2,3.5
3338,3269,For All Mankind,1989,Documentary,19,4.578947368421052
3339,3270,Cross of Iron,1977,War,33,3.757575757575758
3340,3271,Bride of the Monster,1956,Horror|Sci-Fi,56,2.892857142857143
3341,3272,Born Yesterday,1950,Comedy,141,4.1063829787234045
3342,3273,Birdy,1984,Drama|War,183,3.901639344262295
3343,3274,And God Created Woman,1988,Comedy|Drama|Romance,34,2.3823529411764706
3344,3275,Blood Feast,1963,Horror,13,2.6923076923076925
3345,3276,"Charlie, the Lonesome Cougar",1967,Adventure|Children's,18,3.111111111111111
3346,3277,Color Me Blood Red,1965,Horror,4,2.75
3347,3278,Never Cry Wolf,1983,Drama,176,3.9375
3348,3279,The Night Visitor,1970,Crime|Thriller,0,
3349,3280,The Perils of Pauline,1947,Comedy,15,3.1333333333333333
3350,3281,A Raisin in the Sun,1961,Drama,118,3.9661016949152543
3351,3282,Two Thousand Maniacs!,1964,Horror,11,3.1818181818181817
3352,3283,Brown's Requiem,1998,Drama,3,2.6666666666666665
3353,3284,The Closer You Get,2000,Comedy|Romance,2,4.0
3354,3285,Mission to Mars,2000,Sci-Fi,628,2.5859872611464967
3355,3286,The Ninth Gate,2000,Thriller,233,2.9098712446351933
3356,3287,Condo Painting,2000,Documentary,0,
3357,3288,East-West,1999,Drama|Romance,82,3.8536585365853657
3358,3289,Defending Your Life,1991,Comedy|Romance,349,3.681948424068768
3359,3290,Breaking Away,1979,Drama,404,4.096534653465347
3360,3291,Hoosiers,1986,Drama,465,3.8967741935483873
3361,3292,Bull Durham,1988,Comedy,883,3.815402038505096
3362,3293,Dog Day Afternoon,1975,Comedy|Crime|Drama,604,3.9453642384105962
3363,3294,American Graffiti,1973,Comedy|Drama,799,4.025031289111389
3364,3295,The Asphalt Jungle,1950,Crime|Film-Noir,118,3.940677966101695
3365,3296,The Searchers,1956,Western,202,4.099009900990099
3366,3297,Where Eagles Dare,1969,Action|Adventure|War,209,3.8181818181818183
3367,3298,The Devil's Brigade,1968,War,33,3.3636363636363638
3368,3299,The Big Country,1958,Romance|Western,51,3.7058823529411766
3369,3300,Any Number Can Win,1963,Crime,0,
3370,3301,Betrayed,1988,Drama|Thriller,71,3.3943661971830985
3371,3302,Bound for Glory,1976,Drama,34,3.823529411764706
3372,3303,The Bridge at Remagen,1969,Action|War,45,3.6
3373,3304,Buck and the Preacher,1972,Western,3,2.6666666666666665
3374,3305,Daughters of the Dust,1992,Drama,15,2.6
3375,3306,Destination Moon,1950,Sci-Fi,51,3.2745098039215685
3376,3307,The Fantastic Night,1949,Romance,1,1.0
3377,3308,Hangmen Also Die,1943,Drama|War,2,3.5
3378,3309,The Ogre,1996,Drama,3,3.3333333333333335
3379,3310,On the Beach,1959,Drama,69,3.9420289855072466
3380,3311,Railroaded!,1947,Film-Noir,3,3.0
3381,3312,Slaves to the Underground,1997,Comedy|Drama,2,3.5
3382,3313,Song of Freedom,1936,Drama,1,5.0
3383,3314,Big Fella,1937,Drama|Musical,0,
3384,3315,The Taking of Pelham One Two Three,1974,Action,228,3.8201754385964914
3385,3316,Volunteers,1985,Comedy,117,2.547008547008547
3386,3317,JFK,1991,Drama|Mystery,605,3.7421487603305783
3387,3318,Who's Harry Crumb?,1989,Comedy,136,2.7279411764705883
3388,3319,Harry and the Hendersons,1987,Comedy,234,2.7435897435897436
3389,3320,Let's Get Harry,1986,Action|Adventure,27,2.5925925925925926
3390,3321,Shanghai Surprise,1986,Adventure,26,1.6923076923076923
3391,3322,Who's That Girl?,1987,Comedy,75,2.2533333333333334
3392,3323,She-Devil,1989,Comedy,136,1.9705882352941178
3393,3324,Date with an Angel,1987,Comedy|Fantasy,40,2.1
3394,3325,Blind Date,1987,Comedy|Romance,159,2.7169811320754715
3395,3326,Nadine,1987,Comedy,46,2.8043478260869565
3396,3327,The Muppet Movie,1979,Children's|Comedy,591,3.8680203045685277
3397,3328,The Great Muppet Caper,1981,Children's|Comedy,281,3.797153024911032
3398,3329,The Muppets Take Manhattan,1984,Children's|Comedy,291,3.5017182130584192
3399,3330,Sesame Street Presents Follow That Bird,1985,Children's|Comedy,63,3.1587301587301586
3400,3331,We're Back! A Dinosaur's Story,1993,Animation|Children's,25,2.6
3401,3332,Baby... Secret of the Lost Legend,1985,Adventure|Sci-Fi,98,2.061224489795918
3402,3333,Turtle Diary,1985,Drama,16,3.625
3403,3334,Raise the Titanic,1980,Drama|Thriller,29,2.8275862068965516
3404,3335,Titanic,1953,Action|Drama,171,3.502923976608187
3405,3336,A Night to Remember,1958,Action|Drama,112,3.8392857142857144
3406,3337,Captain Horatio Hornblower,1951,Action|Adventure|War,78,3.730769230769231
3407,3338,The Carriers Are Waiting,1999,Comedy|Drama,2,1.0
3408,3339,Erin Brockovich,2000,Drama,1049,3.8798856053384174
3409,3340,Final Destination,2000,Drama|Thriller,361,3.2659279778393353
3410,3341,Soft Fruit,1999,Comedy|Drama,8,4.375
3411,3342,Babymother,1998,Drama,0,
3412,3343,The Bear,1988,Adventure,141,3.2411347517730498
3413,3344,Impact,1949,Crime|Drama,1,4.0
3414,3345,Love Is a Many-Splendored Thing,1955,Romance,41,3.317073170731707
3415,3346,The Mirror,1975,Drama,17,3.8823529411764706
3416,3347,The Trial,1963,Drama,39,4.076923076923077
3417,3348,The Crimson Pirate,1952,Adventure|Comedy|Sci-Fi,53,3.5849056603773586
3418,3349,Thelma & Louise,1991,Action|Drama,1127,3.654835847382431
3419,3350,Something for Everyone,1970,Comedy|Crime,12,3.0
3420,3351,...And Justice for All,1979,Drama|Thriller,160,3.71875
3421,3352,Animal House,1978,Comedy,971,4.06076210092688
3422,3353,She's Gotta Have It,1986,Comedy|Romance,161,3.3975155279503104
3423,3354,School Daze,1988,Drama,60,2.8666666666666667
3424,3355,Do the Right Thing,1989,Comedy|Drama,621,3.861513687600644
3425,3356,Mo' Better Blues,1990,Drama,63,3.2698412698412698
3426,3357,Jungle Fever,1991,Drama|Romance,170,3.164705882352941
3427,3358,Coogan's Bluff,1968,Crime,58,3.293103448275862
3428,3359,The Champ,1979,Drama,47,2.893617021276596
3429,3360,Creature Comforts,1990,Animation|Comedy,223,4.336322869955157
3430,3361,Death Wish,1974,Action|Drama,165,3.3696969696969696
3431,3362,Death Wish II,1982,Action|Drama,68,2.6176470588235294
3432,3363,Death Wish 3,1985,Action|Drama,57,2.2982456140350878
3433,3364,Death Wish 4: The Crackdown,1987,Action|Drama,36,2.111111111111111
3434,3365,Death Wish V: The Face of Death,1994,Action|Drama,27,2.2962962962962963
3435,3366,Double Indemnity,1944,Crime|Film-Noir,446,4.4192825112107625
3436,3367,Dying Young,1991,Drama|Romance,101,2.792079207920792
3437,3368,Cool as Ice,1991,Drama,11,2.090909090909091
3438,3369,Teenage Mutant Ninja Turtles,1990,Action|Children's|Fantasy,440,2.6863636363636365
3439,3370,Teenage Mutant Ninja Turtles II: The Secret of the Ooze,1991,Action|Children's|Fantasy,199,2.1155778894472363
3440,3371,Teenage Mutant Ninja Turtles III,1993,Action|Children's|Fantasy,150,1.8733333333333333
3441,3372,Red Dawn,1984,Action|War,377,3.2387267904509285
3442,3373,Band of the Hand,1986,Action,32,2.3125
3443,3374,Born American,1986,Action|Drama|Thriller,3,3.6666666666666665
3444,3375,Bloodsport,1988,Action,170,3.1705882352941175
3445,3376,Eyes of Laura Mars,1978,Mystery|Thriller,122,3.221311475409836
3446,3377,Funny Bones,1995,Comedy,33,3.4242424242424243
3447,3378,The Good Earth,1937,Drama,51,3.7254901960784315
3448,3379,"Good Morning, Vietnam",1987,Comedy|Drama|War,861,3.6991869918699187
3449,3380,The Good Mother,1988,Drama,24,2.9583333333333335
3450,3381,Grumpy Old Men,1993,Comedy,656,3.4390243902439024
3451,3382,Guess Who's Coming to Dinner,1967,Comedy|Drama,292,3.9383561643835616
3452,3383,Romeo Must Die,2000,Action|Romance,272,3.1691176470588234
3453,3384,Here on Earth,2000,Drama|Romance,75,2.4133333333333336
3454,3385,Whatever It Takes,2000,Comedy|Romance,35,2.8
3455,3386,Buddy Boy,1999,Drama|Thriller,0,
3456,3387,The Color of Paradise,1999,Drama,53,3.9245283018867925
3457,3388,Waking the Dead,1999,Drama,117,3.017094017094017
3458,3389,Blood and Sand,1989,Drama|Romance,1,3.0
3459,3390,Gothic,1986,Drama|Horror,49,2.795918367346939
3460,3391,Hillbillys in a Haunted House,1967,Comedy,1,1.0
3461,3392,Lord of the Flies,1963,Adventure|Drama|Thriller,272,3.650735294117647
3462,3393,Modern Times,1936,Comedy,235,4.217021276595744
3463,3394,Last Resort,1994,Comedy,6,1.6666666666666667
3464,3395,Solar Crisis,1993,Sci-Fi|Thriller,14,2.357142857142857
3465,3396,That's Life!,1986,Drama,13,2.6923076923076925
3466,3397,Heart and Souls,1993,Comedy|Fantasy,171,3.6140350877192984
3467,3398,Hud,1963,Drama|Western,221,4.02262443438914
3468,3399,The Hustler,1961,Drama,361,4.2354570637119116
3469,3400,Inherit the Wind,1960,Drama,215,4.251162790697674
3470,3401,Dersu Uzala,1974,Adventure|Drama,74,4.3108108108108105
3471,3402,Close Encounters of the Third Kind,1977,Drama|Sci-Fi,1141,3.9894829097283084
3472,3403,Horror Hotel,1960,Horror,4,1.75
3473,3404,Jonah Who Will Be 25 in the Year 2000,1976,Comedy,20,3.6
3474,3405,Retroactive,1997,Sci-Fi|Thriller,13,3.1538461538461537
3475,3406,A Place in the Sun,1951,Drama|Romance,113,3.9734513274336285
3476,3407,Jacob's Ladder,1990,Horror|Mystery|Thriller,530,3.560377358490566
3477,3408,Empire Records,1995,Comedy|Drama,221,3.018099547511312
3478,3409,"Bamba, La",1987,Drama,208,3.3413461538461537
3479,3410,Ladyhawke,1985,Adventure|Fantasy|Romance,429,3.7086247086247086
3480,3411,Lucas,1986,Drama,125,3.648
3481,3412,High Fidelity,2000,Comedy,1084,3.9178966789667897
3482,3413,Price of Glory,2000,Drama,3,3.0
3483,3414,The Road to El Dorado,2000,Animation|Children's,136,3.0808823529411766
3484,3415,The Skulls,2000,Thriller,244,2.7581967213114753
3485,3416,Autopsy,1975,Horror,2,1.5
3486,3417,Devil Girl From Mars,1954,Sci-Fi,7,2.5714285714285716
3487,3418,"Dorado, El",1967,Western,55,3.709090909090909
3488,3419,The Hideous Sun Demon,1959,Horror|Sci-Fi,15,1.9333333333333333
3489,3420,Hook,1991,Adventure|Fantasy,587,3.03236797274276
3490,3421,Horror Express,1972,Horror,15,2.8
3491,3422,My Chauffeur,1986,Comedy,52,2.8461538461538463
3492,3423,The Son of the Sheik,1926,Adventure,12,3.5
3493,3424,Torso,1973,Horror,2,1.0
3494,3425,True Grit,1969,Adventure|Western,258,3.693798449612403
3495,3426,Roadside Prophets,1992,Comedy|Drama,11,3.8181818181818183
3496,3427,Madame Sousatzka,1988,Drama,49,3.142857142857143
3497,3428,Max Dugan Returns,1983,Comedy,80,3.0625
3498,3429,Midnight Express,1978,Drama,242,4.012396694214876
3499,3430,Misery,1990,Horror,713,3.849929873772791
3500,3431,Mr. Saturday Night,1992,Comedy|Drama,144,2.6944444444444446
3501,3432,Murphy's Romance,1985,Comedy|Romance,214,3.5093457943925235
3502,3433,My Life,1993,Drama,78,3.5641025641025643
3503,3434,Solaris,1972,Drama|Sci-Fi,104,3.4903846153846154
3504,3435,Network,1976,Comedy|Drama,553,4.003616636528029
3505,3436,No Way Out,1987,Thriller,275,3.8763636363636365
3506,3437,North Dallas Forty,1979,Comedy|Drama,131,3.3206106870229006
3507,3438,The Odd Couple,1968,Comedy,316,4.0094936708860756
3508,3439,The Outlaw Josey Wales,1976,Western,277,4.0830324909747295
3509,3440,Black and White,1999,Drama,71,2.816901408450704
3510,3441,Frequency,2000,Drama|Thriller,654,3.7599388379204894
3511,3442,Ready to Rumble,2000,Comedy,53,2.7358490566037736
3512,3443,Return to Me,2000,Drama|Romance,373,3.689008042895442
3513,3444,Rules of Engagement,2000,Drama|Thriller,333,3.3483483483483485
3514,3445,Joe Gould's Secret,2000,Drama,49,3.122448979591837
3515,3446,Me Myself I,2000,Comedy,157,3.1337579617834397
3516,3447,"Bell, Book and Candle",1958,Comedy|Romance,175,3.6857142857142855
3517,3448,The Bells,1926,Crime|Drama,2,4.5
3518,3449,The End of Violence,1997,Drama|Thriller,41,2.8780487804878048
3519,3450,Force 10 from Navarone,1978,Action|War,162,3.3518518518518516
3520,3451,How to Stuff a Wild Bikini,1965,Comedy,22,2.590909090909091
3521,3452,Mystery Train,1989,Comedy|Crime|Drama,146,3.8424657534246576
3522,3453,Sacco and Vanzetti,1971,Drama,3,4.0
3523,3454,Taffin,1988,Action|Thriller,6,3.3333333333333335
3524,3455,Arthur,1981,Comedy|Romance,439,3.41002277904328
3525,3456,Bachelor Party,1984,Comedy,303,3.1881188118811883
3526,3457,Parenthood,1989,Comedy|Drama,636,3.748427672955975
3527,3458,Predator,1987,Action|Sci-Fi|Thriller,1063,3.634054562558796
3528,3459,The Prince of Tides,1991,Drama|Romance,272,3.172794117647059
3529,3460,The Postman Always Rings Twice,1981,Crime|Thriller,121,3.5041322314049586
3530,3461,Smoking/No Smoking,1993,Comedy,1,4.0
3531,3462,All the Vermeers in New York,1990,Comedy|Drama|Romance,23,3.130434782608696
3532,3463,Freedom for Us,1931,Comedy,15,3.6
3533,3464,An Actor's Revenge,1963,Drama,5,3.8
3534,3465,28 Days,2000,Comedy,407,3.0663390663390664
3535,3466,American Psycho,2000,Comedy|Horror|Thriller,510,3.215686274509804
3536,3467,Keeping the Faith,2000,Comedy|Romance,421,3.7458432304038003
3537,3468,Where the Money Is,2000,Comedy|Drama,28,3.357142857142857
3538,3469,East is East,1999,Comedy,144,3.6527777777777777
3539,3470,The Filth and the Fury,2000,Documentary,24,3.8333333333333335
3540,3471,Passion of Mind,1999,Romance|Thriller,23,2.652173913043478
3541,3472,Third World Cop,1999,Action,0,
3542,3473,Coming Apart,1969,Drama,1,2.0
3543,3474,Diner,1982,Comedy|Drama,667,3.9070464767616193
3544,3475,Shakes the Clown,1991,Comedy,76,2.8552631578947367
3545,3476,Cabaret,1972,Musical|War,353,3.912181303116147
3546,3477,What Ever Happened to Baby Jane?,1962,Drama|Thriller,178,3.702247191011236
3547,3478,Prick Up Your Ears,1987,Drama,62,3.774193548387097
3548,3479,Auntie Mame,1958,Comedy|Drama,236,3.8389830508474576
3549,3480,Guys and Dolls,1955,Musical,195,3.81025641025641
3550,3481,The Hunger,1983,Horror,124,3.435483870967742
3551,3482,Marathon Man,1976,Thriller,323,3.934984520123839
3552,3483,Caddyshack,1980,Comedy,770,3.825974025974026
3553,3484,Gossip,2000,Drama|Thriller,63,2.761904761904762
3554,3485,Love and Basketball,2000,Drama|Romance,92,3.5760869565217392
3555,3486,U-571,2000,Action|Thriller,724,3.531767955801105
3556,3487,The Virgin Suicides,1999,Comedy|Drama,250,3.628
3557,3488,Jennifer 8,1992,Thriller,90,2.888888888888889
3558,3489,The Law,1958,Drama,0,
3559,3490,Limelight,1952,Drama,24,3.6666666666666665
3560,3491,Phantom Love,1978,Drama,0,
3561,3492,Stacy's Knights,1982,Drama,0,
3562,3493,Committed,2000,Comedy|Drama,20,2.9
3563,3494,The Crow: Salvation,2000,Action|Horror,9,1.7777777777777777
3564,3495,The Flintstones in Viva Rock Vegas,2000,Children's|Comedy,100,1.82
3565,3496,Where the Heart Is,2000,Comedy|Drama,228,3.245614035087719
3566,3497,The Big Kahuna,2000,Comedy|Drama,242,3.371900826446281
3567,3498,Bossa Nova,1999,Comedy,26,3.3076923076923075
3568,3499,Smiling Fish and Goat on Fire,1999,Drama,21,3.142857142857143
3569,3500,The Idiots,1998,Comedy|Drama,27,3.3333333333333335
3570,3501,The Last September,1999,Drama,9,3.888888888888889
3571,3502,Time Code,2000,Drama,101,3.3168316831683167
3572,3503,Carnosaur,1993,Horror|Sci-Fi,60,1.7333333333333334
3573,3504,Carnosaur 2,1995,Horror|Sci-Fi,20,1.45
3574,3505,Carnosaur 3: Primal Species,1996,Horror|Sci-Fi,16,1.0625
3575,3506,Defying Gravity,1997,Drama,3,3.3333333333333335
3576,3507,The Hidden,1987,Action|Horror|Sci-Fi,226,3.672566371681416
3577,3508,Two Moon Juction,1988,Drama,48,2.5416666666666665
3578,3509,Gladiator,2000,Action|Drama,1521,4.103221564760026
3579,3510,I Dreamed of Africa,2000,Drama,57,2.508771929824561
3580,3511,Up at the Villa,2000,Drama,23,3.217391304347826
3581,3512,Human Traffic,1999,Drama,11,3.0
3582,3513,"Jails, Hospitals & Hip-Hop",2000,Drama,0,
3583,3514,Black Tights,1960,Drama,0,
3584,3515,Breathless,1983,Action|Drama|Romance|Thriller,107,2.7570093457943927
3585,3516,The Great Locomotive Chase,1956,Adventure|War,17,3.8823529411764706
3586,3517,The Idolmaker,1980,Drama,24,3.2916666666666665
3587,3518,Inferno,1980,Horror,25,2.92
3588,3519,The King of Marvin Gardens,1972,Crime|Drama,38,3.3421052631578947
3589,3520,"Kill, Baby... Kill!",1966,Horror,0,
3590,3521,The Lords of Flatbush,1974,Comedy,64,2.765625
3591,3522,Mr. Mom,1983,Comedy|Drama,497,3.4245472837022133
3592,3523,Time Masters,1982,Animation|Sci-Fi,8,2.5
3593,3524,Battlefield Earth,2000,Action|Sci-Fi,279,1.5985663082437276
3594,3525,Center Stage,2000,Drama,152,3.2565789473684212
3595,3526,Held Up,2000,Comedy,4,3.0
3596,3527,Screwed,2000,Comedy,51,2.5294117647058822
3597,3528,Whipped,2000,Comedy,30,2.6333333333333333
3598,3529,Hamlet,2000,Drama,129,3.434108527131783
3599,3530,Anchors Aweigh,1945,Comedy|Musical,83,3.674698795180723
3600,3531,Blue Hawaii,1961,Comedy|Musical,98,2.857142857142857
3601,3532,The Castaway Cowboy,1974,Comedy|Western,2,4.0
3602,3533,G. I. Blues,1960,Musical,36,2.9722222222222223
3603,3534,The Gay Deceivers,1969,Comedy,3,3.3333333333333335
3604,3535,Gypsy,1962,Musical,96,3.7083333333333335
3605,3536,King Creole,1958,Drama|Musical,37,3.054054054054054
3606,3537,On the Town,1949,Musical,142,3.943661971830986
3607,3538,One Little Indian,1973,Comedy|Drama|Western,1,5.0
3608,3539,Pee-wee's Big Adventure,1985,Comedy,680,3.413235294117647
3609,3540,Regret to Inform,1998,Documentary,4,4.0
3610,3541,Roustabout,1964,Musical,29,2.586206896551724
3611,3542,Saludos Amigos,1943,Animation|Children's|Comedy,12,3.25
3612,3543,The Slipper and the Rose,1976,Adventure|Musical|Romance,25,3.64
3613,3544,Things Change,1988,Comedy,83,3.7710843373493974
3614,3545,Honeymoon in Vegas,1992,Comedy|Romance,446,3.2376681614349776
3615,3546,Dinosaur,2000,Animation|Children's,286,3.2517482517482517
3616,3547,Loser,2000,Comedy|Romance,105,2.4571428571428573
3617,3548,Road Trip,2000,Comedy,344,3.183139534883721
3618,3549,Small Time Crooks,2000,Comedy,290,3.4
3619,3550,The Hollywood Knights,1980,Comedy,68,3.176470588235294
3620,3551,The Myth of Fingerprints,1997,Comedy|Drama,37,3.054054054054054
3621,3552,Possession,1981,Drama|Horror,3,1.6666666666666667
3622,3553,The Twelve Chairs,1970,Comedy,61,3.8360655737704916
3623,3554,Mission: Impossible 2,2000,Action|Thriller,1052,3.199619771863118
3624,3555,Shanghai Noon,2000,Action,636,3.658805031446541
3625,3556,Better Living Through Circuitry,1999,Documentary,14,3.857142857142857
3626,3557,8 1/2 Women,1999,Comedy,39,2.3333333333333335
3627,3558,Carnival of Souls,1962,Horror|Thriller,81,3.506172839506173
3628,3559,Flying Tigers,1942,Action|Drama|War,90,3.388888888888889
3629,3560,The Gold Rush,1925,Comedy,235,4.187234042553191
3630,3561,The House of Exorcism,1974,Horror,0,
3631,3562,It's in the Water,1998,Comedy,3,2.6666666666666665
3632,3563,Monsieur Verdoux,1947,Comedy,32,3.5
3633,3564,On Her Majesty's Secret Service,1969,Action,277,3.4620938628158844
3634,3565,Seven Days in May,1964,Thriller,130,4.2615384615384615
3635,3566,The Spy Who Loved Me,1977,Action,373,3.60857908847185
3636,3567,Those Who Love Me Can Take the Train,1998,Drama,6,2.8333333333333335
3637,3568,Vagabond,1985,Drama,15,3.8666666666666667
3638,3569,Moonraker,1979,Action|Romance|Sci-Fi,512,3.16796875
3639,3570,The Man with the Golden Gun,1974,Action,369,3.6205962059620598
3640,3571,A King in New York,1957,Comedy|Drama,9,3.2222222222222223
3641,3572,A Woman of Paris,1923,Drama,5,2.2
3642,3573,In Old California,1942,Western,11,3.0
3643,3574,The Fighting Seabees,1944,Action|Drama|War,80,3.3375
3644,3575,Dark Command,1940,Western,12,3.5
3645,3576,Cleo From 5 to 7,1962,Drama,15,3.466666666666667
3646,3577,Big Momma's House,2000,Comedy,141,2.4893617021276597
3647,3578,Running Free,2000,Drama,1,4.0
3648,3579,The Abominable Snowman,1957,Horror|Sci-Fi,8,2.625
3649,3580,American Gigolo,1980,Drama,229,3.1397379912663754
3650,3581,Anguish,1986,Horror,0,
3651,3582,The Blood Spattered Bride,1972,Horror,2,1.0
3652,3583,City of the Living Dead,1980,Horror,2,2.5
3653,3584,The Endless Summer,1966,Documentary,118,3.76271186440678
3654,3585,The Guns of Navarone,1961,Action|Drama|War,407,3.963144963144963
3655,3586,Blow-Out,1973,Drama,41,3.7560975609756095
3656,3587,Lured,1947,Crime,1,5.0
3657,3588,Pandora and the Flying Dutchman,1951,Drama,5,3.8
3658,3589,Quatermass and the Pit,1967,Sci-Fi,58,3.6206896551724137
3659,3590,Quatermass II,1957,Sci-Fi|Thriller,27,3.111111111111111
3660,3591,Puppet Master,1989,Horror|Sci-Fi|Thriller,135,2.8814814814814813
3661,3592,Puppet Master II,1990,Horror|Sci-Fi|Thriller,64,2.1875
3662,3593,Puppet Master III: Toulon's Revenge,1991,Horror|Sci-Fi|Thriller,72,2.0833333333333335
3663,3594,Puppet Master 4,1993,Horror|Sci-Fi|Thriller,45,1.8444444444444446
3664,3595,Puppet Master 5: The Final Chapter,1994,Horror|Sci-Fi|Thriller,39,1.641025641025641
3665,3596,Curse of the Puppet Master,1998,Horror|Sci-Fi|Thriller,18,1.8333333333333333
3666,3597,Retro Puppetmaster,1999,Horror|Sci-Fi|Thriller,6,1.6666666666666667
3667,3598,Rent-A-Cop,1988,Action|Comedy,29,1.9310344827586208
3668,3599,Romeo and Juliet,1968,Drama|Romance,289,3.9411764705882355
3669,3600,Stay Tuned,1992,Comedy,59,2.3728813559322033
3670,3601,The Story of G.I. Joe,1945,War,16,3.5625
3671,3602,Blazing Saddles,1974,Comedy|Western,892,4.052690582959642
3672,3603,Benji,1974,Adventure|Children's,116,2.939655172413793
3673,3604,Benji the Hunted,1987,Adventure|Children's,28,2.392857142857143
3674,3605,For the Love of Benji,1977,Adventure|Children's,41,2.6097560975609757
3675,3606,White Christmas,1954,Musical,222,3.810810810810811
3676,3607,Eraserhead,1977,Drama|Horror,164,3.5121951219512195
3677,3608,Baraka,1992,Documentary,35,3.857142857142857
3678,3609,The Man with the Golden Arm,1955,Drama,72,3.7777777777777777
3679,3610,The Decline of Western Civilization,1981,Documentary,50,4.26
3680,3611,The Decline of Western Civilization Part II: The Metal Years,1988,Documentary,40,3.95
3681,3612,For a Few Dollars More,1965,Western,258,3.887596899224806
3682,3613,Magnum Force,1973,Western,165,3.703030303030303
3683,3614,Blood Simple,1984,Drama|Film-Noir,493,4.239350912778905
3684,3615,The Fabulous Baker Boys,1989,Drama|Romance,278,3.356115107913669
3685,3616,Prizzi's Honor,1985,Comedy|Drama|Romance,433,3.605080831408776
3686,3617,Flatliners,1990,Thriller,323,3.2445820433436534
3687,3618,Light Years,1988,Sci-Fi,2,2.0
3688,3619,Porky's,1981,Comedy,279,2.7347670250896057
3689,3620,Porky's II: The Next Day,1983,Comedy,110,2.0636363636363635
3690,3621,Porky's Revenge,1985,Comedy,93,1.935483870967742
3691,3622,Private School,1983,Comedy,35,2.6285714285714286
3692,3623,Class of Nuke 'Em High,1986,Comedy|Horror,45,2.311111111111111
3693,3624,The Toxic Avenger,1985,Comedy|Horror,152,2.6973684210526314
3694,3625,"The Toxic Avenger, Part II",1989,Comedy|Horror,43,1.7906976744186047
3695,3626,The Toxic Avenger Part III: The Last Temptation of Toxie,1989,Comedy|Horror,44,1.8409090909090908
3696,3627,Night of the Creeps,1986,Comedy|Horror|Sci-Fi,50,2.64
3697,3628,Predator 2,1990,Action|Sci-Fi|Thriller,511,2.857142857142857
3698,3629,The Running Man,1987,Action|Adventure|Sci-Fi,570,3.1771929824561402
3699,3630,Starman,1984,Adventure|Drama|Romance|Sci-Fi,684,3.4649122807017543
3700,3631,The Brother from Another Planet,1984,Drama|Sci-Fi,206,3.5970873786407767
3701,3632,Alien Nation,1988,Crime|Drama|Sci-Fi,424,3.233490566037736
3702,3633,Mad Max,1979,Action|Sci-Fi,866,3.6697459584295613
3703,3634,Mad Max 2,1981,Action|Sci-Fi,821,3.6991473812423874
3704,3635,Mad Max Beyond Thunderdome,1985,Action|Sci-Fi,553,3.18625678119349
3705,3636,Bird on a Wire,1990,Action|Adventure|Romance|Thriller,309,2.5954692556634305
3706,3637,Angel Heart,1987,Film-Noir|Mystery|Thriller,348,3.3879310344827585
3707,3638,Nine 1/2 Weeks,1986,Drama,195,3.0923076923076924
3708,3639,Firestarter,1984,Horror|Thriller,226,2.9513274336283186
3709,3640,Sleepwalkers,1992,Horror,89,2.359550561797753
3710,3641,Action Jackson,1988,Action|Comedy,152,2.2828947368421053
3711,3642,Sarafina!,1992,Drama,28,3.25
3712,3643,Soapdish,1991,Comedy,292,3.1986301369863015
3713,3644,The Long Walk Home,1990,Drama,70,3.6714285714285713
3714,3645,Clara's Heart,1988,Drama,49,3.163265306122449
3715,3646,Burglar,1987,Comedy,69,2.4347826086956523
3716,3647,Fatal Beauty,1987,Action|Crime,52,2.4615384615384617
3717,3648,Gone in 60 Seconds,2000,Action|Crime,478,2.9748953974895396
3718,3649,American Pimp,1999,Documentary,48,3.2291666666666665
3719,3650,Love's Labour's Lost,2000,Comedy|Romance,35,2.8857142857142857
3720,3651,Sunshine,1999,Drama,66,3.590909090909091
3721,3652,Trixie,1999,Comedy,21,2.619047619047619
3722,3653,Live Virgin,1999,Comedy,1,2.0
3723,3654,Hamlet,1990,Drama,224,3.767857142857143
3724,3655,Coming Home,1978,Drama|War,158,3.7151898734177213
3725,3656,American Pop,1981,Animation|Musical,99,3.090909090909091
3726,3657,Assault on Precinct 13,1976,Action|Thriller,80,3.5125
3727,3658,Near Dark,1987,Comedy|Horror,121,3.727272727272727
3728,3659,One False Move,1991,Thriller,120,3.925
3729,3660,Shaft,1971,Action|Crime,175,3.382857142857143
3730,3661,The Conversation,1974,Drama|Mystery,367,4.267029972752043
3731,3662,Cutter's Way,1981,Drama|Thriller,32,3.5
3732,3663,The Fury,1978,Horror,56,3.0357142857142856
3733,3664,The Paper Chase,1973,Drama,253,3.8458498023715415
3734,3665,Prince of the City,1981,Drama,45,3.488888888888889
3735,3666,Serpico,1973,Crime|Drama,398,3.9849246231155777
3736,3667,The Big Carnival,1951,Drama,30,3.7666666666666666
3737,3668,Lonely Are the Brave,1962,Drama|Western,36,4.0
3738,3669,The Sugarland Express,1974,Drama,53,3.339622641509434
3739,3670,Trouble in Paradise,1932,Comedy|Romance,29,4.137931034482759
3740,3671,Big Trouble in Little China,1986,Action|Comedy,454,3.407488986784141
3741,3672,Badlands,1973,Crime|Drama,183,4.087431693989071
3742,3673,The Battleship Potemkin,1925,Drama|War,193,3.9740932642487046
3743,3674,Boys and Girls,2000,Comedy|Romance,65,2.5846153846153848
3744,3675,Shaft,2000,Action|Crime,335,3.253731343283582
3745,3676,Titan A.E.,2000,Adventure|Animation|Sci-Fi,438,3.34703196347032
3746,3677,Butterfly,2000,Drama|War,53,3.8867924528301887
3747,3678,Jesus' Son,1999,Drama,119,3.7899159663865545
3748,3679,The Match,1999,Comedy|Romance,2,3.0
3749,3680,Time Regained,1999,Drama,21,3.1904761904761907
3750,3681,Boricua's Bond,2000,Drama,0,
3751,3682,Chicken Run,2000,Animation|Children's|Comedy,1040,3.8634615384615385
3752,3683,"Me, Myself and Irene",2000,Comedy,455,3.0175824175824175
3753,3684,The Patriot,2000,Action|Drama|War,973,3.776978417266187
3754,3685,The Adventures of Rocky and Bullwinkle,2000,Animation|Children's|Comedy,158,2.367088607594937
3755,3686,The Perfect Storm,2000,Action|Adventure|Thriller,809,3.348578491965389
3756,3687,The Golden Bowl,2000,Drama,19,3.4210526315789473
3757,3688,Asylum,1972,Horror,16,2.8125
3758,3689,Communion,1989,Drama|Sci-Fi|Thriller,101,2.792079207920792
3759,3690,Fun and Fancy Free,1947,Animation|Children's|Musical,30,3.3333333333333335
3760,3691,The Kentucky Fried Movie,1977,Comedy,228,3.4210526315789473
3761,3692,"Blood In, Blood Out",1993,Crime|Drama,21,2.9523809523809526
3762,3693,Daughter of Dr. Jeckyll,1957,Horror,1,1.0
3763,3694,F/X,1986,Action|Crime|Thriller,548,3.5437956204379564
3764,3695,F/X 2,1992,Action|Crime|Thriller,199,2.608040201005025
3765,3696,The Hot Spot,1990,Drama|Romance,41,2.8536585365853657
3766,3697,Missing in Action,1984,Action|War,141,2.517730496453901
3767,3698,Missing in Action 2: The Beginning,1985,Action|War,82,2.0609756097560976
3768,3699,Braddock: Missing in Action III,1988,Action|War,62,2.1774193548387095
3769,3700,Thunderbolt and Lightfoot,1974,Action,152,3.3815789473684212
3770,3701,Dreamscape,1984,Adventure|Crime|Sci-Fi|Thriller,278,3.446043165467626
3771,3702,The Golden Voyage of Sinbad,1974,Action|Adventure,123,3.4146341463414633
3772,3703,Hatchet For the Honeymoon,1969,Horror,2,1.0
3773,3704,House Party,1990,Comedy,135,2.837037037037037
3774,3705,House Party 2,1991,Comedy,53,1.9622641509433962
3775,3706,Make Mine Music,1946,Animation|Children's|Musical,15,3.3333333333333335
3776,3707,Melody Time,1948,Animation|Children's|Musical,16,2.9375
3777,3708,Nekromantik,1987,Comedy|Horror,11,2.1818181818181817
3778,3709,On Our Merry Way,1948,Comedy|Drama,5,2.8
3779,3710,Project Moon Base,1953,Sci-Fi,1,3.0
3780,3711,Rocketship X-M,1950,Sci-Fi,30,3.3
3781,3712,Shaft in Africa,1973,Action|Crime,24,2.5416666666666665
3782,3713,Shaft's Big Score!,1972,Action|Crime,35,2.8285714285714287
3783,3714,Croupier,1998,Crime|Drama,189,4.068783068783069
3784,3715,The Kid,2000,Comedy,137,3.2335766423357666
3785,3716,Scary Movie,2000,Comedy|Horror,505,3.0277227722772277
3786,3717,But I'm a Cheerleader,1999,Comedy,151,3.19205298013245
3787,3718,Shower,1999,Comedy,50,3.82
3788,3719,Blowup,1966,Drama|Mystery,197,3.8477157360406093
3789,3720,The Pawnbroker,1965,Drama,117,4.222222222222222
3790,3721,Groove,2000,Drama,42,3.4285714285714284
3791,3722,Footloose,1984,Drama,347,3.048991354466859
3792,3723,Duel in the Sun,1946,Western,56,3.5535714285714284
3793,3724,X-Men,2000,Action|Sci-Fi,1190,3.7899159663865545
3794,3725,Chuck & Buck,2000,Comedy|Drama,102,3.176470588235294
3795,3726,The Five Senses,1999,Drama,53,3.3773584905660377
3796,3727,The Wisdom of Crocodiles,2000,Romance|Thriller,12,3.3333333333333335
3797,3728,The In Crowd,2000,Thriller,22,2.090909090909091
3798,3729,What Lies Beneath,2000,Thriller,382,3.3534031413612566
3799,3730,Pokémon the Movie 2000,2000,Animation|Children's,82,1.5975609756097562
3800,3731,Criminal Lovers,1999,Drama|Romance,1,5.0
3801,3732,Anatomy of a Murder,1959,Drama|Mystery,155,4.187096774193549
3802,3733,Freejack,1992,Action|Sci-Fi,250,2.384
3803,3734,Greaser's Palace,1972,Drama,6,3.5
3804,3735,H.O.T.S.,1979,Comedy,37,2.4594594594594597
3805,3736,Knightriders,1981,Action|Adventure|Drama,23,2.869565217391304
3806,3737,MacKenna's Gold,1969,Western,51,3.235294117647059
3807,3738,Sinbad and the Eye of the Tiger,1977,Action|Adventure,88,3.25
3808,3739,Two Women,1961,Drama|War,39,4.0256410256410255
3809,3740,What About Bob?,1991,Comedy,665,3.3909774436090228
3810,3741,White Sands,1992,Drama|Thriller,67,3.208955223880597
3811,3742,Breaker Morant,1980,Drama|War,294,4.122448979591836
3812,3743,Everything You Always Wanted to Know About Sex,1972,Comedy,233,3.570815450643777
3813,3744,Interiors,1978,Drama,70,3.2285714285714286
3814,3745,Love and Death,1975,Comedy,175,4.022857142857143
3816,3746,The Official Story,1985,Drama,33,3.696969696969697
3817,3747,The Other Side of Sunday,1996,Comedy|Drama,12,3.25
3818,3748,Pot O' Gold,1941,Comedy|Musical,6,2.6666666666666665
3819,3749,Tampopo,1986,Comedy,196,3.9846938775510203
3820,3750,Thomas and the Magic Railroad,2000,Children's,29,1.6896551724137931
3821,3751,Nutty Professor II: The Klumps,2000,Comedy,200,2.625
3822,3752,The Girl on the Bridge,1999,Drama|Romance,52,3.826923076923077
3823,3753,Wonderland,1999,Drama,48,3.6458333333333335
3824,3754,Autumn in New York,2000,Drama|Romance,93,2.193548387096774
3825,3755,Coyote Ugly,2000,Drama,157,2.789808917197452
3826,3756,Hollow Man,2000,Horror|Sci-Fi|Thriller,313,2.549520766773163
3827,3757,Space Cowboys,2000,Action|Sci-Fi,400,3.37
3828,3758,Better Living,1998,Comedy,2,2.5
3829,3759,Mad About Mambo,2000,Comedy|Romance,0,
3830,3760,Psycho Beach Party,2000,Comedy|Horror|Thriller,18,2.8333333333333335
3831,3761,Saving Grace,2000,Comedy,148,3.722972972972973
3832,3762,Black Sabbath,1963,Horror,17,3.235294117647059
3833,3763,The Brain That Wouldn't Die,1962,Horror|Sci-Fi,41,2.707317073170732
3834,3764,Bronco Billy,1980,Adventure|Drama|Romance,146,2.808219178082192
3835,3765,The Crush,1993,Thriller,142,2.704225352112676
3836,3766,Kelly's Heroes,1970,Action|Comedy|War,301,3.9069767441860463
3837,3767,Phantasm II,1988,Horror,71,2.887323943661972
3838,3768,Phantasm III: Lord of the Dead,1994,Horror,36,2.6944444444444446
3839,3769,Phantasm IV: Oblivion,1998,Horror,33,2.878787878787879
3840,3770,Pumpkinhead,1988,Horror,90,2.5555555555555554
3841,3771,Air America,1990,Action|Comedy,248,2.7338709677419355
3842,3772,Make Them Die Slowly,1980,Horror,1,3.0
3843,3773,Sleepaway Camp,1983,Horror,25,2.52
3844,3774,Steel Magnolias,1989,Drama,329,3.56838905775076
3845,3775,And God Created Woman,1956,Drama,20,3.4
3846,3776,Easy Money,1983,Comedy,111,3.09009009009009
3847,3777,"Ilsa, She Wolf of the SS",1974,Horror,21,3.1904761904761907
3848,3778,Silent Fall,1994,Drama|Thriller,17,3.235294117647059
3849,3779,The Spiral Staircase,1946,Thriller,34,4.029411764705882
3850,3780,Whatever Happened to Aunt Alice?,1969,Crime|Thriller,11,3.0
3851,3781,I'm the One That I Want,2000,Comedy,37,3.945945945945946
3852,3782,The Tao of Steve,2000,Comedy,163,3.6993865030674846
3853,3783,The Tic Code,1998,Drama,11,3.3636363636363638
3854,3784,Aimée & Jaguar,1999,Drama|Romance,16,3.5625
3855,3785,An Affair of Love,1999,Drama|Romance,34,3.6470588235294117
3856,3786,Autumn Heart,1999,Drama,0,
3857,3787,Bless the Child,2000,Thriller,44,2.8636363636363638
3858,3788,Cecil B. Demented,2000,Comedy,61,3.1639344262295084
3859,3789,The Eyes of Tammy Faye,2000,Documentary,70,3.8857142857142857
3860,3790,The Opportunists,1999,Crime,11,3.272727272727273
3861,3791,The Replacements,2000,Comedy,188,3.117021276595745
3862,3792,About Adam,2000,Comedy,11,3.090909090909091
3863,3793,The Cell,2000,Sci-Fi|Thriller,515,3.283495145631068
3864,3794,Godzilla 2000,1999,Action|Adventure|Sci-Fi,117,2.700854700854701
3865,3795,The Original Kings of Comedy,2000,Comedy|Documentary,119,3.2521008403361344
3866,3796,Sunset Strip,2000,Comedy,4,3.0
3867,3797,All the Rage,1999,Drama,9,3.2222222222222223
3868,3798,The Naked Gun: From the Files of Police Squad!,1988,Comedy,556,3.694244604316547
3869,3799,The Naked Gun 2 1/2: The Smell of Fear,1991,Comedy,336,3.0625
3870,3800,Our Town,1940,Drama,38,3.8421052631578947
3871,3801,Shane,1953,Drama|Western,241,3.804979253112033
3872,3802,"Suddenly, Last Summer",1959,Drama,87,3.8275862068965516
3873,3803,Cat Ballou,1965,Comedy|Western,230,3.630434782608696
3874,3804,A Couch in New York,1996,Comedy|Romance,22,3.0
3875,3805,The Devil Rides Out,1968,Horror,4,2.5
3876,3806,Jerry & Tom,1998,Drama,4,2.0
3877,3807,Supergirl,1984,Action|Adventure|Fantasy,149,2.040268456375839
3878,3808,X: The Unknown,1956,Sci-Fi,8,2.5
3879,3809,The Art of War,2000,Action,119,2.7983193277310923
3880,3810,The Ballad of Ramblin' Jack,2000,Documentary,12,3.5
3881,3811,Bittersweet Motel,2000,Documentary,1,5.0
3882,3812,Bring It On,2000,Comedy,186,3.3010752688172045
3883,3813,Catfish in Black Bean Sauce,2000,Comedy|Drama,13,2.8461538461538463
3884,3814,The Crew,2000,Comedy,32,2.40625
3885,3815,Love & Sex,2000,Comedy|Romance,21,2.9047619047619047
3886,3816,Steal This Movie!,2000,Drama,32,2.96875
3887,3817,Went to Coney Island on a Mission From God... Be Back by Five,1998,Drama,3,3.3333333333333335
3888,3818,Skipped Parts,2000,Drama|Romance,1,4.0
3889,3819,Highlander: Endgame,2000,Action|Adventure|Fantasy,103,2.5242718446601944
3890,3820,Back Stage,2000,Documentary,1,3.0
3891,3821,Turn It Up,2000,Crime|Drama,4,1.75
3892,3822,Anatomy,2000,Horror,8,2.875
3893,3823,Nurse Betty,2000,Comedy|Thriller,445,3.4719101123595504
3894,3824,Solas,1999,Drama,15,3.2
3895,3825,The Watcher,2000,Crime|Thriller,74,2.4324324324324325
3896,3826,The Way of the Gun,2000,Crime|Thriller,151,3.271523178807947
3897,3827,Almost Famous,2000,Comedy|Drama,805,4.22360248447205
3898,3828,Bait,2000,Action|Comedy,37,2.675675675675676
3899,3829,Circus,2000,Comedy,2,2.0
3900,3830,Crime and Punishment in Suburbia,2000,Comedy|Drama,27,2.962962962962963
3901,3831,Duets,2000,Comedy|Drama,91,2.7252747252747254
3902,3832,Goya in Bordeaux,1999,Drama,22,3.227272727272727
3903,3833,Urbania,2000,Drama,46,3.369565217391304
3904,3834,An Uninvited Guest,2000,Drama,1,1.0
3905,3835,The Specials,2000,Comedy,8,3.875
3906,3836,Under Suspicion,2000,Crime,24,3.1666666666666665
3907,3837,The Prince of Central Park,1999,Drama,0,
3908,3838,Urban Legends: Final Cut,2000,Horror,74,2.2567567567567566
3909,3839,Woman on Top,2000,Comedy|Romance,53,2.6792452830188678
3910,3840,Dancer in the Dark,2000,Drama|Musical,167,3.8323353293413174
3911,3841,Best in Show,2000,Comedy,522,4.078544061302682
3912,3842,Beautiful,2000,Comedy|Drama,31,2.064516129032258
3913,3843,Barenaked in America,1999,Documentary,29,2.793103448275862
3914,3844,The Broken Hearts Club,2000,Drama,53,3.3773584905660377
3915,3845,Girlfight,2000,Drama,106,3.5
3916,3846,Remember the Titans,2000,Drama,337,3.9376854599406528
3917,3847,Hellraiser,1987,Horror,222,3.1621621621621623
3918,3848,Hellbound: Hellraiser II,1988,Horror,140,2.7642857142857142
3919,3849,Hellraiser III: Hell on Earth,1992,Horror,73,2.2465753424657535
3920,3850,"Faraway, So Close",1993,Drama|Fantasy,51,3.588235294117647
3921,3851,Beach Party,1963,Comedy,38,2.789473684210526
3922,3852,Bikini Beach,1964,Comedy,33,2.5757575757575757
3923,3853,Return of the Fly,1959,Horror|Sci-Fi,83,2.5060240963855422
3924,3854,Pajama Party,1964,Comedy,22,3.090909090909091
3925,3855,Stranger Than Paradise,1984,Comedy,101,3.8415841584158414
3926,3856,Voyage to the Bottom of the Sea,1961,Adventure|Sci-Fi,144,3.3680555555555554
3927,3857,Fantastic Voyage,1966,Adventure|Sci-Fi,279,3.5913978494623655
3928,3858,Abbott and Costello Meet Frankenstein,1948,Comedy|Horror,167,3.37125748502994
3929,3859,The Bank Dick,1940,Comedy,109,3.9541284403669725
3930,3860,The Creature From the Black Lagoon,1954,Horror,184,3.255434782608696
3931,3861,The Giant Gila Monster,1959,Horror|Sci-Fi,23,2.130434782608696
3932,3862,The Invisible Man,1933,Horror|Sci-Fi,185,3.745945945945946
3933,3863,The Killer Shrews,1959,Horror|Sci-Fi,11,2.0
3934,3864,Kronos,1957,Sci-Fi,21,3.0476190476190474
3935,3865,Kronos,1973,Horror,16,3.0
3936,3866,The Phantom of the Opera,1943,Drama|Thriller,85,3.6823529411764704
3937,3867,Runaway,1984,Sci-Fi|Thriller,107,2.9345794392523366
3938,3868,The Slumber Party Massacre,1982,Horror,25,1.84
3939,3869,The Slumber Party Massacre II,1987,Horror,25,2.0
3940,3870,The Slumber Party Massacre III,1990,Horror,12,1.9166666666666667
3941,3871,Sorority House Massacre,1986,Horror,19,1.8421052631578947
3942,3872,Sorority House Massacre II,1990,Horror,27,1.7777777777777777
3943,3873,Bamboozled,2000,Comedy,80,3.1
3944,3874,Bootmen,2000,Comedy|Drama,8,2.125
3945,3875,Digimon: The Movie,2000,Adventure|Animation|Children's,35,1.4857142857142858
3946,3876,Get Carter,2000,Action|Drama|Thriller,82,2.2804878048780486
3947,3877,Get Carter,1971,Thriller,45,3.4
3948,3878,Meet the Parents,2000,Comedy,691,3.625180897250362
3949,3879,Requiem for a Dream,2000,Drama,248,4.104838709677419
3950,3880,Tigerland,2000,Drama,50,3.72
3951,3881,Two Family House,2000,Drama,32,4.0
3952,3882,The Contender,2000,Drama|Thriller,294,3.806122448979592
