UserID,u_idx,Gender,AgeGroup,OccupationName,n_ratings
1,0,F,Under 18,K-12 student,53
2,1,M,56+,self-employed,129
3,2,M,25-34,scientist,51
4,3,M,45-49,executive/managerial,21
5,4,M,25-34,writer,198
6,5,F,50-55,homemaker,71
7,6,M,35-44,academic/educator,31
8,7,M,25-34,programmer,139
9,8,M,25-34,technician/engineer,106
10,9,F,35-44,academic/educator,401
11,10,F,25-34,academic/educator,137
12,11,M,25-34,programmer,23
13,12,M,45-49,academic/educator,108
14,13,M,35-44,other,25
15,14,M,25-34,executive/managerial,201
16,15,F,35-44,other,35
17,16,M,50-55,academic/educator,211
18,17,F,18-24,clerical/admin,305
19,18,M,Under 18,K-12 student,255
20,19,M,25-34,sales/marketing,24
21,20,M,18-24,self-employed,22
22,21,M,18-24,scientist,297
23,22,M,35-44,other,304
24,23,F,25-34,executive/managerial,136
25,24,M,18-24,college/grad student,85
26,25,M,25-34,executive/managerial,400
27,26,M,25-34,lawyer,70
28,27,F,25-34,academic/educator,107
29,28,M,35-44,executive/managerial,108
30,29,F,35-44,executive/managerial,43
31,30,M,56+,executive/managerial,119
32,31,F,25-34,other,48
33,32,M,45-49,clerical/admin,391
34,33,F,18-24,other,164
35,34,M,45-49,academic/educator,198
36,35,M,25-34,clerical/admin,351
37,36,F,25-34,homemaker,53
38,37,F,18-24,college/grad student,100
39,38,M,18-24,college/grad student,62
40,39,M,45-49,other,96
41,40,F,18-24,college/grad student,25
42,41,M,25-34,farmer,231
43,42,M,25-34,programmer,24
44,43,M,45-49,technician/engineer,193
45,44,F,45-49,self-employed,297
46,45,M,18-24,unemployed,41
47,46,M,18-24,college/grad student,22
48,47,M,25-34,college/grad student,598
49,48,M,18-24,programmer,108
50,49,F,25-34,artist,43
51,50,F,Under 18,K-12 student,40
52,51,M,18-24,college/grad student,79
53,52,M,25-34,other,684
54,53,M,50-55,academic/educator,40
55,54,F,35-44,programmer,25
56,55,M,35-44,writer,67
57,56,M,18-24,unemployed,64
58,57,M,25-34,artist,437
59,58,F,50-55,academic/educator,213
60,59,M,50-55,academic/educator,70
61,60,M,25-34,technician/engineer,36
62,61,F,35-44,clerical/admin,498
63,62,M,18-24,college/grad student,98
64,63,M,18-24,academic/educator,27
65,64,M,35-44,programmer,121
66,65,M,25-34,tradesman/craftsman,26
67,66,F,50-55,customer service,64
68,67,M,18-24,college/grad student,72
69,68,F,25-34,academic/educator,65
70,69,M,18-24,college/grad student,54
71,70,M,25-34,sales/marketing,29
72,71,F,45-49,other,43
73,72,M,18-24,college/grad student,255
74,73,M,35-44,sales/marketing,43
75,74,F,Under 18,K-12 student,175
76,75,M,35-44,executive/managerial,87
77,76,M,18-24,college/grad student,39
78,77,F,45-49,academic/educator,140
79,78,F,45-49,other,31
80,79,M,56+,academic/educator,48
81,80,F,25-34,other,86
82,81,M,25-34,technician/engineer,118
83,82,F,25-34,artist,99
84,83,M,18-24,college/grad student,31
85,84,M,18-24,college/grad student,39
86,85,F,Under 18,K-12 student,48
87,86,M,25-34,sales/marketing,59
88,87,F,45-49,academic/educator,68
89,88,F,56+,homemaker,21
90,89,M,56+,retired,225
91,90,M,35-44,executive/managerial,44
92,91,F,18-24,college/grad student,430
93,92,M,25-34,technician/engineer,220
94,93,M,25-34,technician/engineer,21
95,94,M,45-49,other,99
96,95,F,25-34,self-employed,81
97,96,F,35-44,clerical/admin,154
98,97,F,35-44,executive/managerial,20
99,98,F,Under 18,K-12 student,107
100,99,M,35-44,technician/engineer,76
101,100,F,18-24,clerical/admin,106
102,101,M,35-44,unemployed,132
103,102,M,45-49,executive/managerial,115
104,103,M,25-34,programmer,46
105,104,M,45-49,programmer,61
106,105,F,35-44,lawyer,47
107,106,M,45-49,tradesman/craftsman,121
108,107,M,25-34,programmer,37
109,108,M,45-49,scientist,81
110,109,M,25-34,artist,80
111,110,M,35-44,scientist,92
112,111,M,25-34,self-employed,60
113,112,M,18-24,programmer,68
114,113,F,25-34,artist,98
115,114,M,25-34,technician/engineer,38
116,115,M,25-34,technician/engineer,86
117,116,M,25-34,technician/engineer,505
118,117,M,35-44,technician/engineer,224
119,118,F,Under 18,K-12 student,105
120,119,M,25-34,lawyer,63
121,120,M,35-44,executive/managerial,72
122,121,F,18-24,college/grad student,57
123,122,M,35-44,homemaker,608
124,123,M,56+,executive/managerial,23
125,124,M,45-49,sales/marketing,71
126,125,M,18-24,homemaker,51
127,126,F,45-49,clerical/admin,174
128,127,M,56+,doctor/health care,22
129,128,M,25-34,lawyer,158
130,129,M,35-44,technician/engineer,135
131,130,M,18-24,college/grad student,295
132,131,M,25-34,technician/engineer,89
133,132,F,25-34,other,170
134,133,M,25-34,other,183
135,134,M,18-24,college/grad student,70
136,135,M,18-24,artist,378
137,136,F,45-49,doctor/health care,201
138,137,M,18-24,writer,65
139,138,F,25-34,writer,245
140,139,F,35-44,academic/educator,55
141,140,M,35-44,retired,23
142,141,M,25-34,executive/managerial,47
143,142,M,18-24,clerical/admin,68
144,143,M,25-34,technician/engineer,32
145,144,M,18-24,college/grad student,39
146,145,F,35-44,writer,426
147,146,M,18-24,college/grad student,187
148,147,M,50-55,technician/engineer,624
149,148,M,25-34,academic/educator,592
150,149,M,35-44,executive/managerial,232
151,150,F,25-34,writer,471
152,151,M,18-24,college/grad student,24
153,152,M,Under 18,K-12 student,26
154,153,M,50-55,writer,44
155,154,M,35-44,programmer,96
156,155,F,45-49,executive/managerial,148
157,156,M,35-44,self-employed,427
158,157,M,56+,executive/managerial,22
159,158,F,45-49,other,36
160,159,M,35-44,executive/managerial,20
161,160,M,45-49,self-employed,297
162,161,F,18-24,college/grad student,107
163,162,M,18-24,college/grad student,514
164,163,F,56+,retired,26
165,164,M,18-24,self-employed,110
166,165,M,18-24,college/grad student,410
167,166,F,25-34,lawyer,58
168,167,F,50-55,other,26
169,168,M,25-34,executive/managerial,552
170,169,M,25-34,lawyer,87
171,170,F,50-55,technician/engineer,24
172,171,M,25-34,clerical/admin,23
173,172,M,25-34,other,561
174,173,M,25-34,self-employed,97
175,174,F,25-34,artist,317
176,175,F,18-24,clerical/admin,78
177,176,M,50-55,academic/educator,44
178,177,M,56+,technician/engineer,115
179,178,M,25-34,other,110
180,179,M,45-49,programmer,59
181,180,M,18-24,technician/engineer,301
182,181,M,18-24,college/grad student,83
183,182,F,45-49,academic/educator,101
184,183,F,25-34,other,84
185,184,M,45-49,other,51
186,185,M,18-24,customer service,122
187,186,F,45-49,academic/educator,417
188,187,M,56+,self-employed,71
189,188,M,18-24,other,31
190,189,M,25-34,technician/engineer,153
191,190,M,18-24,college/grad student,30
192,191,M,18-24,academic/educator,525
193,192,F,45-49,scientist,242
194,193,F,Under 18,K-12 student,59
195,194,M,25-34,programmer,822
196,195,F,35-44,homemaker,32
197,196,M,18-24,sales/marketing,22
198,197,M,25-34,programmer,379
199,198,M,18-24,college/grad student,402
200,199,F,18-24,college/grad student,26
201,200,F,35-44,artist,87
202,201,M,18-24,college/grad student,670
203,202,F,18-24,college/grad student,127
204,203,M,25-34,executive/managerial,446
205,204,M,35-44,programmer,153
206,205,M,25-34,technician/engineer,30
207,206,M,25-34,programmer,23
208,207,M,35-44,technician/engineer,184
209,208,M,35-44,academic/educator,25
210,209,F,Under 18,K-12 student,110
211,210,M,45-49,technician/engineer,35
212,211,M,25-34,self-employed,110
213,212,F,18-24,college/grad student,22
214,213,M,18-24,writer,166
215,214,M,35-44,sales/marketing,34
216,215,M,45-49,retired,794
217,216,M,18-24,college/grad student,20
218,217,M,35-44,sales/marketing,86
219,218,F,25-34,college/grad student,36
220,219,M,25-34,programmer,102
221,220,F,25-34,other,29
222,221,M,25-34,academic/educator,80
223,222,M,25-34,technician/engineer,256
224,223,F,18-24,college/grad student,204
225,224,M,25-34,executive/managerial,508
226,225,M,35-44,academic/educator,21
227,226,M,35-44,writer,28
228,227,M,25-34,scientist,31
229,228,M,18-24,K-12 student,212
230,229,M,45-49,academic/educator,179
231,230,M,25-34,clerical/admin,97
232,231,M,25-34,writer,90
233,232,F,45-49,writer,53
234,233,M,35-44,executive/managerial,29
235,234,M,25-34,other,440
236,235,M,25-34,customer service,62
237,236,M,25-34,doctor/health care,166
238,237,F,50-55,executive/managerial,258
239,238,M,18-24,unemployed,71
240,239,M,50-55,technician/engineer,143
241,240,M,35-44,writer,57
242,241,F,18-24,college/grad student,273
243,242,M,25-34,self-employed,33
244,243,M,50-55,executive/managerial,85
245,244,M,35-44,self-employed,764
246,245,F,18-24,college/grad student,29
247,246,M,25-34,technician/engineer,31
248,247,M,18-24,technician/engineer,34
249,248,F,18-24,sales/marketing,110
250,249,M,35-44,self-employed,20
251,250,M,56+,technician/engineer,73
252,251,M,25-34,programmer,60
253,252,F,25-34,lawyer,53
254,253,M,35-44,technician/engineer,23
255,254,M,35-44,other,244
256,255,M,45-49,self-employed,95
257,256,M,18-24,tradesman/craftsman,53
258,257,M,25-34,executive/managerial,145
259,258,M,25-34,academic/educator,139
260,259,M,18-24,unemployed,154
261,260,M,25-34,writer,354
262,261,F,25-34,academic/educator,106
263,262,F,25-34,executive/managerial,92
264,263,M,35-44,other,480
265,264,F,35-44,executive/managerial,98
266,265,M,35-44,lawyer,50
267,266,M,45-49,programmer,131
268,267,F,18-24,programmer,261
269,268,M,25-34,artist,30
270,269,M,50-55,sales/marketing,126
271,270,M,18-24,college/grad student,312
272,271,M,18-24,other,482
273,272,M,18-24,college/grad student,187
274,273,M,18-24,college/grad student,148
275,274,M,25-34,other,89
276,275,M,45-49,self-employed,23
277,276,F,35-44,academic/educator,22
278,277,M,45-49,tradesman/craftsman,198
279,278,M,25-34,sales/marketing,47
280,279,M,50-55,executive/managerial,50
281,280,F,35-44,other,111
282,281,M,25-34,technician/engineer,29
283,282,M,25-34,other,27
284,283,M,25-34,programmer,471
285,284,F,35-44,other,139
286,285,M,25-34,academic/educator,43
287,286,M,50-55,retired,103
288,287,F,25-34,programmer,56
289,288,F,25-34,other,74
290,289,F,25-34,writer,33
291,290,M,35-44,programmer,102
292,291,M,35-44,executive/managerial,41
293,292,M,56+,academic/educator,317
294,293,F,45-49,homemaker,49
295,294,M,18-24,other,191
296,295,M,50-55,customer service,97
297,296,M,18-24,artist,89
298,297,F,18-24,college/grad student,27
299,298,M,25-34,programmer,104
300,299,M,25-34,executive/managerial,249
301,300,M,18-24,college/grad student,357
302,301,M,18-24,college/grad student,788
303,302,M,25-34,executive/managerial,209
304,303,M,25-34,other,27
305,304,F,18-24,other,157
306,305,M,18-24,other,193
307,306,M,50-55,self-employed,182
308,307,M,25-34,artist,557
309,308,M,25-34,college/grad student,123
310,309,F,18-24,college/grad student,223
311,310,M,18-24,college/grad student,20
312,311,F,50-55,artist,57
313,312,F,18-24,college/grad student,26
314,313,F,56+,homemaker,293
315,314,F,56+,academic/educator,22
316,315,M,56+,retired,77
317,316,M,35-44,executive/managerial,21
318,317,F,56+,retired,21
319,318,F,50-55,doctor/health care,721
320,319,M,35-44,doctor/health care,21
321,320,M,18-24,college/grad student,222
322,321,M,56+,technician/engineer,40
323,322,M,45-49,programmer,118
324,323,M,35-44,technician/engineer,76
325,324,F,50-55,clerical/admin,43
326,325,M,50-55,lawyer,379
327,326,M,35-44,tradesman/craftsman,236
328,327,M,35-44,programmer,62
329,328,M,35-44,executive/managerial,764
330,329,M,56+,executive/managerial,76
331,330,M,25-34,executive/managerial,584
332,331,M,50-55,academic/educator,67
333,332,M,35-44,artist,227
334,333,F,56+,artist,61
335,334,M,35-44,tradesman/craftsman,148
336,335,M,18-24,other,107
337,336,M,18-24,unemployed,198
338,337,M,35-44,executive/managerial,362
339,338,M,50-55,executive/managerial,124
340,339,F,25-34,clerical/admin,108
341,340,F,56+,retired,20
342,341,M,18-24,programmer,123
343,342,F,35-44,clerical/admin,297
344,343,M,35-44,sales/marketing,90
345,344,M,25-34,programmer,25
346,345,F,25-34,other,283
347,346,F,56+,academic/educator,99
348,347,M,50-55,executive/managerial,100
349,348,M,Under 18,K-12 student,268
350,349,M,45-49,writer,64
351,350,M,18-24,college/grad student,103
352,351,M,18-24,college/grad student,870
353,352,F,35-44,executive/managerial,24
354,353,M,35-44,academic/educator,58
355,354,M,18-24,clerical/admin,419
356,355,M,56+,writer,21
357,356,M,18-24,other,58
358,357,F,56+,academic/educator,72
359,358,M,25-34,technician/engineer,49
360,359,M,35-44,technician/engineer,67
361,360,F,25-34,sales/marketing,26
362,361,M,35-44,writer,55
363,362,M,18-24,K-12 student,43
364,363,F,35-44,academic/educator,28
365,364,F,18-24,college/grad student,47
366,365,M,50-55,scientist,259
367,366,M,50-55,programmer,28
368,367,M,25-34,other,320
369,368,M,35-44,academic/educator,87
370,369,M,18-24,technician/engineer,60
371,370,M,18-24,college/grad student,78
372,371,F,18-24,college/grad student,168
373,372,F,25-34,artist,27
374,373,F,35-44,sales/marketing,52
375,374,M,25-34,artist,51
376,375,M,35-44,academic/educator,117
377,376,M,25-34,technician/engineer,136
378,377,F,18-24,other,39
379,378,F,35-44,academic/educator,64
380,379,M,25-34,artist,138
381,380,M,35-44,technician/engineer,35
382,381,F,35-44,writer,56
383,382,F,25-34,executive/managerial,21
384,383,M,25-34,lawyer,22
385,384,M,25-34,doctor/health care,137
386,385,M,25-34,other,260
387,386,F,35-44,executive/managerial,68
388,387,F,25-34,other,59
389,388,M,25-34,doctor/health care,73
390,389,M,25-34,college/grad student,214
391,390,M,45-49,lawyer,81
392,391,M,18-24,executive/managerial,487
393,392,M,35-44,technician/engineer,74
394,393,M,18-24,other,38
395,394,M,18-24,customer service,23
396,395,M,25-34,academic/educator,173
397,396,M,35-44,technician/engineer,34
398,397,M,25-34,technician/engineer,225
399,398,F,35-44,doctor/health care,32
400,399,F,18-24,clerical/admin,40
401,400,M,18-24,other,78
402,401,M,25-34,lawyer,284
403,402,M,18-24,college/grad student,280
404,403,M,18-24,college/grad student,50
405,404,M,56+,academic/educator,49
406,405,M,25-34,writer,147
407,406,M,18-24,technician/engineer,32
408,407,M,25-34,lawyer,156
409,408,M,18-24,programmer,297
410,409,F,25-34,academic/educator,96
411,410,F,45-49,academic/educator,635
412,411,M,35-44,scientist,476
413,412,M,25-34,lawyer,99
414,413,M,25-34,other,57
415,414,F,35-44,other,271
416,415,M,45-49,sales/marketing,62
417,416,F,25-34,other,22
418,417,F,25-34,clerical/admin,51
419,418,M,18-24,clerical/admin,108
420,419,M,35-44,academic/educator,64
421,420,F,45-49,clerical/admin,20
422,421,M,56+,technician/engineer,47
423,422,M,18-24,college/grad student,64
424,423,M,25-34,technician/engineer,1226
425,424,M,25-34,programmer,189
426,425,M,18-24,college/grad student,239
427,426,M,35-44,programmer,27
428,427,F,18-24,college/grad student,50
429,428,M,18-24,other,346
430,429,F,18-24,K-12 student,63
431,430,M,18-24,K-12 student,84
432,431,M,45-49,self-employed,73
433,432,M,50-55,doctor/health care,46
434,433,F,45-49,clerical/admin,43
435,434,M,25-34,executive/managerial,132
436,435,M,18-24,college/grad student,133
437,436,M,35-44,technician/engineer,52
438,437,M,18-24,lawyer,602
439,438,M,35-44,sales/marketing,92
440,439,M,56+,academic/educator,29
441,440,M,35-44,academic/educator,47
442,441,M,25-34,academic/educator,423
443,442,M,25-34,clerical/admin,34
444,443,M,56+,other,120
445,444,M,45-49,programmer,286
446,445,F,50-55,other,51
447,446,F,45-49,lawyer,37
448,447,M,25-34,technician/engineer,23
449,448,M,25-34,executive/managerial,54
450,449,M,45-49,academic/educator,51
451,450,M,56+,retired,209
452,451,M,50-55,technician/engineer,132
453,452,M,18-24,college/grad student,394
454,453,M,25-34,writer,266
455,454,F,35-44,artist,25
456,455,M,35-44,other,157
457,456,M,18-24,college/grad student,237
458,457,M,50-55,self-employed,43
459,458,F,18-24,college/grad student,32
460,459,M,45-49,tradesman/craftsman,47
461,460,M,50-55,executive/managerial,512
462,461,M,18-24,self-employed,177
463,462,M,25-34,executive/managerial,123
464,463,F,18-24,college/grad student,82
465,464,M,18-24,unemployed,37
466,465,M,25-34,customer service,199
467,466,F,35-44,clerical/admin,69
468,467,F,Under 18,K-12 student,26
469,468,M,35-44,doctor/health care,49
470,469,F,Under 18,K-12 student,68
471,470,M,35-44,executive/managerial,105
472,471,M,35-44,other,45
473,472,F,18-24,college/grad student,49
474,473,M,25-34,technician/engineer,318
475,474,F,25-34,artist,247
476,475,M,35-44,other,431
477,476,M,35-44,sales/marketing,211
478,477,M,50-55,self-employed,46
479,478,M,25-34,programmer,93
480,479,F,18-24,college/grad student,107
481,480,M,45-49,executive/managerial,198
482,481,M,25-34,sales/marketing,825
483,482,M,18-24,programmer,29
484,483,F,Under 18,K-12 student,34
485,484,M,56+,executive/managerial,45
486,485,M,56+,other,39
487,486,F,35-44,technician/engineer,50
488,487,M,25-34,programmer,25
489,488,M,18-24,college/grad student,24
490,489,M,Under 18,K-12 student,77
491,490,M,18-24,college/grad student,25
492,491,M,25-34,programmer,32
493,492,M,50-55,executive/managerial,158
494,493,F,35-44,other,191
495,494,M,18-24,K-12 student,44
496,495,M,18-24,college/grad student,119
497,496,F,25-34,technician/engineer,24
498,497,M,35-44,technician/engineer,172
499,498,F,25-34,academic/educator,199
500,499,F,18-24,artist,101
501,500,M,25-34,artist,67
502,501,M,35-44,doctor/health care,24
503,502,M,35-44,lawyer,29
504,503,M,25-34,artist,108
505,504,M,35-44,technician/engineer,115
506,505,M,25-34,self-employed,90
507,506,F,25-34,other,42
508,507,M,25-34,programmer,149
509,508,M,25-34,artist,723
510,509,M,18-24,programmer,99
511,510,F,45-49,college/grad student,27
512,511,M,35-44,other,37
513,512,M,25-34,other,156
514,513,M,25-34,artist,79
515,514,M,25-34,academic/educator,162
516,515,F,56+,sales/marketing,294
517,516,F,25-34,sales/marketing,166
518,517,F,35-44,programmer,253
519,518,F,35-44,sales/marketing,45
520,519,F,35-44,writer,314
521,520,M,56+,executive/managerial,41
522,521,M,25-34,programmer,58
523,522,M,50-55,executive/managerial,100
524,523,M,18-24,other,1016
525,524,M,35-44,doctor/health care,40
526,525,M,45-49,technician/engineer,58
527,526,F,25-34,artist,25
528,527,F,18-24,technician/engineer,580
529,528,M,35-44,programmer,122
530,529,M,25-34,artist,105
531,530,F,18-24,sales/marketing,867
532,531,M,25-34,executive/managerial,43
533,532,M,25-34,programmer,591
534,533,M,25-34,scientist,103
535,534,M,35-44,doctor/health care,21
536,535,M,25-34,writer,210
537,536,M,45-49,sales/marketing,98
538,537,M,56+,self-employed,48
539,538,M,25-34,artist,132
540,539,M,18-24,academic/educator,39
541,540,F,18-24,college/grad student,190
542,541,M,18-24,college/grad student,34
543,542,M,25-34,customer service,671
544,543,M,35-44,programmer,81
545,544,M,35-44,technician/engineer,29
546,545,F,25-34,other,220
547,546,M,35-44,programmer,78
548,547,F,35-44,self-employed,118
549,548,M,25-34,doctor/health care,1152
550,549,M,45-49,farmer,967
551,550,M,35-44,writer,228
552,551,M,50-55,tradesman/craftsman,97
553,552,M,25-34,artist,64
554,553,M,25-34,programmer,43
555,554,M,18-24,college/grad student,38
556,555,F,25-34,homemaker,232
557,556,M,56+,academic/educator,58
558,557,M,35-44,writer,291
559,558,F,25-34,executive/managerial,21
560,559,M,45-49,scientist,137
561,560,F,18-24,sales/marketing,36
562,561,M,35-44,writer,37
563,562,M,25-34,college/grad student,346
564,563,M,45-49,academic/educator,50
565,564,M,25-34,self-employed,25
566,565,M,25-34,technician/engineer,534
567,566,M,35-44,writer,72
568,567,F,50-55,technician/engineer,25
569,568,F,18-24,college/grad student,125
570,569,M,25-34,college/grad student,237
571,570,M,50-55,customer service,146
572,571,M,18-24,college/grad student,20
573,572,F,35-44,artist,36
574,573,M,25-34,unemployed,21
575,574,M,25-34,programmer,163
576,575,F,45-49,scientist,57
577,576,M,35-44,other,158
578,577,M,18-24,technician/engineer,28
579,578,M,25-34,customer service,69
580,579,M,Under 18,K-12 student,46
581,580,M,50-55,sales/marketing,48
582,581,M,18-24,college/grad student,78
583,582,F,25-34,other,174
584,583,F,25-34,other,38
585,584,M,18-24,academic/educator,148
586,585,M,35-44,sales/marketing,35
587,586,M,25-34,writer,385
588,587,F,25-34,lawyer,453
589,588,M,18-24,artist,27
590,589,F,35-44,doctor/health care,166
591,590,M,25-34,other,242
592,591,M,18-24,other,23
593,592,F,50-55,academic/educator,106
594,593,F,56+,retired,159
595,594,M,25-34,executive/managerial,100
596,595,F,25-34,academic/educator,42
597,596,M,35-44,programmer,57
598,597,M,35-44,executive/managerial,38
599,598,M,50-55,doctor/health care,27
600,599,M,35-44,technician/engineer,23
601,600,F,18-24,writer,373
602,601,F,56+,doctor/health care,154
603,602,F,25-34,doctor/health care,63
604,603,M,45-49,technician/engineer,287
605,604,F,18-24,college/grad student,122
606,605,F,Under 18,K-12 student,33
607,606,M,25-34,other,25
608,607,M,18-24,college/grad student,170
609,608,M,25-34,executive/managerial,52
610,609,M,25-34,college/grad student,126
611,610,M,35-44,other,132
612,611,M,50-55,executive/managerial,50
613,612,M,35-44,writer,106
614,613,M,35-44,academic/educator,54
615,614,M,50-55,technician/engineer,94
616,615,M,25-34,executive/managerial,44
617,616,F,25-34,executive/managerial,23
618,617,M,25-34,other,45
619,618,F,18-24,academic/educator,22
620,619,M,18-24,other,179
621,620,M,18-24,college/grad student,240
622,621,M,25-34,other,57
623,622,M,25-34,technician/engineer,172
624,623,M,25-34,academic/educator,372
625,624,F,35-44,programmer,45
626,625,M,18-24,college/grad student,72
627,626,M,50-55,artist,32
628,627,F,35-44,other,52
629,628,F,Under 18,K-12 student,237
630,629,F,35-44,sales/marketing,118
631,630,M,35-44,technician/engineer,312
632,631,M,45-49,technician/engineer,34
633,632,M,25-34,technician/engineer,43
634,633,F,Under 18,K-12 student,67
635,634,M,56+,technician/engineer,177
636,635,M,18-24,writer,86
637,636,M,35-44,programmer,377
638,637,M,25-34,doctor/health care,114
639,638,M,45-49,technician/engineer,400
640,639,M,18-24,college/grad student,21
641,640,F,35-44,other,121
642,641,F,35-44,academic/educator,27
643,642,M,25-34,artist,70
644,643,M,25-34,writer,108
645,644,M,35-44,writer,44
646,645,M,35-44,executive/managerial,254
647,646,M,35-44,programmer,231
648,647,F,25-34,programmer,177
649,648,M,25-34,college/grad student,71
650,649,M,25-34,technician/engineer,38
651,650,M,35-44,executive/managerial,478
652,651,M,18-24,writer,132
653,652,M,56+,retired,21
654,653,M,50-55,executive/managerial,185
655,654,F,25-34,artist,412
656,655,F,45-49,self-employed,177
657,656,F,50-55,retired,59
658,657,F,25-34,other,93
659,658,F,25-34,other,110
660,659,M,45-49,self-employed,703
661,660,M,45-49,academic/educator,71
662,661,M,18-24,college/grad student,127
663,662,F,25-34,executive/managerial,112
664,663,M,35-44,tradesman/craftsman,158
665,664,M,18-24,artist,20
666,665,F,18-24,other,103
667,666,M,25-34,tradesman/craftsman,171
668,667,F,25-34,clerical/admin,36
669,668,M,25-34,technician/engineer,419
670,669,M,25-34,programmer,90
671,670,M,18-24,college/grad student,135
672,671,M,35-44,executive/managerial,47
673,672,M,25-34,writer,403
674,673,M,25-34,technician/engineer,79
675,674,M,25-34,writer,42
676,675,M,18-24,self-employed,390
677,676,M,50-55,artist,205
678,677,M,25-34,other,999
679,678,M,35-44,self-employed,82
680,679,M,25-34,programmer,35
681,680,M,35-44,executive/managerial,38
682,681,M,25-34,college/grad student,75
683,682,M,25-34,college/grad student,29
684,683,M,25-34,college/grad student,38
685,684,M,25-34,college/grad student,140
686,685,M,18-24,college/grad student,27
687,686,F,25-34,executive/managerial,316
688,687,M,56+,retired,36
689,688,F,50-55,other,135
690,689,M,25-34,programmer,180
691,690,M,35-44,lawyer,103
692,691,F,25-34,other,631
693,692,M,35-44,programmer,70
694,693,M,18-24,college/grad student,40
695,694,F,18-24,academic/educator,191
696,695,M,25-34,programmer,401
697,696,F,50-55,doctor/health care,125
698,697,M,18-24,college/grad student,270
699,698,M,18-24,other,674
700,699,M,50-55,technician/engineer,32
701,700,F,18-24,college/grad student,82
702,701,M,35-44,executive/managerial,479
703,702,F,56+,academic/educator,20
704,703,F,35-44,farmer,74
705,704,M,25-34,college/grad student,132
706,705,M,35-44,writer,151
707,706,M,35-44,executive/managerial,52
708,707,M,25-34,other,20
709,708,M,18-24,other,82
710,709,M,25-34,writer,885
711,710,M,25-34,tradesman/craftsman,143
712,711,M,25-34,other,282
713,712,M,35-44,executive/managerial,242
714,713,M,18-24,college/grad student,422
715,714,M,18-24,other,98
716,715,M,18-24,college/grad student,392
717,716,M,25-34,lawyer,39
718,717,M,18-24,artist,169
719,718,M,Under 18,other,28
720,719,M,18-24,other,233
721,720,F,35-44,homemaker,666
722,721,M,25-34,programmer,55
723,722,M,25-34,programmer,24
724,723,M,50-55,retired,157
725,724,M,56+,lawyer,81
726,725,F,25-34,homemaker,73
727,726,M,35-44,lawyer,249
728,727,M,25-34,doctor/health care,167
729,728,M,35-44,programmer,146
730,729,M,25-34,other,53
731,730,M,45-49,clerical/admin,642
732,731,M,25-34,executive/managerial,175
733,732,M,35-44,self-employed,117
734,733,M,25-34,executive/managerial,44
735,734,M,25-34,sales/marketing,393
736,735,M,18-24,programmer,114
737,736,M,Under 18,unemployed,217
738,737,M,18-24,technician/engineer,33
739,738,M,35-44,programmer,127
740,739,M,25-34,sales/marketing,37
741,740,M,25-34,customer service,77
742,741,M,18-24,other,42
743,742,F,Under 18,artist,149
744,743,M,25-34,technician/engineer,297
745,744,M,Under 18,K-12 student,25
746,745,F,18-24,unemployed,424
747,746,M,18-24,college/grad student,32
748,747,M,25-34,other,81
749,748,M,35-44,tradesman/craftsman,459
750,749,F,35-44,homemaker,56
751,750,F,25-34,technician/engineer,25
752,751,F,25-34,clerical/admin,1024
753,752,M,Under 18,K-12 student,218
754,753,M,35-44,executive/managerial,157
755,754,F,35-44,other,126
756,755,M,35-44,other,35
757,756,M,25-34,programmer,465
758,757,M,35-44,executive/managerial,29
759,758,F,56+,clerical/admin,97
760,759,M,56+,scientist,64
761,760,M,18-24,executive/managerial,20
762,761,M,Under 18,K-12 student,46
763,762,M,18-24,K-12 student,26
764,763,M,18-24,writer,139
765,764,M,25-34,technician/engineer,402
766,765,F,25-34,executive/managerial,47
767,766,M,25-34,programmer,170
768,767,M,25-34,programmer,48
769,768,M,45-49,technician/engineer,67
770,769,M,18-24,college/grad student,759
771,770,F,50-55,academic/educator,26
772,771,M,18-24,programmer,98
773,772,M,25-34,doctor/health care,49
774,773,M,18-24,college/grad student,224
775,774,M,Under 18,technician/engineer,23
776,775,F,25-34,clerical/admin,103
777,776,M,18-24,unemployed,502
778,777,M,18-24,technician/engineer,163
779,778,M,25-34,other,48
780,779,M,25-34,technician/engineer,512
781,780,M,18-24,college/grad student,234
782,781,M,56+,academic/educator,23
783,782,M,25-34,college/grad student,119
784,783,M,18-24,other,30
785,784,M,18-24,unemployed,106
786,785,M,25-34,other,63
787,786,M,18-24,college/grad student,117
788,787,M,25-34,other,196
789,788,M,18-24,academic/educator,115
790,789,M,25-34,technician/engineer,23
791,790,M,35-44,executive/managerial,328
792,791,M,25-34,technician/engineer,87
793,792,F,35-44,sales/marketing,150
794,793,M,50-55,writer,43
795,794,F,35-44,sales/marketing,149
796,795,M,50-55,doctor/health care,460
797,796,F,50-55,executive/managerial,83
798,797,F,25-34,writer,327
799,798,F,25-34,customer service,40
800,799,F,35-44,programmer,266
801,800,F,25-34,writer,285
802,801,M,25-34,self-employed,506
803,802,M,18-24,college/grad student,52
804,803,M,25-34,writer,44
805,804,M,35-44,programmer,73
806,805,M,35-44,other,66
807,806,M,18-24,college/grad student,33
808,807,M,25-34,executive/managerial,275
809,808,M,25-34,technician/engineer,94
810,809,M,25-34,programmer,126
811,810,M,50-55,other,65
812,811,M,25-34,doctor/health care,92
813,812,M,18-24,college/grad student,67
814,813,F,18-24,college/grad student,36
815,814,M,25-34,college/grad student,29
816,815,M,45-49,other,195
817,816,M,18-24,college/grad student,398
818,817,M,18-24,college/grad student,171
819,818,M,35-44,executive/managerial,62
820,819,M,35-44,executive/managerial,104
821,820,M,18-24,artist,21
822,821,F,25-34,academic/educator,292
823,822,M,25-34,other,121
824,823,M,35-44,programmer,308
825,824,M,56+,academic/educator,42
826,825,F,35-44,academic/educator,35
827,826,M,45-49,artist,22
828,827,M,18-24,college/grad student,115
829,828,M,Under 18,unemployed,138
830,829,M,35-44,executive/managerial,174
831,830,F,45-49,other,57
832,831,M,18-24,artist,172
833,832,M,35-44,executive/managerial,21
834,833,F,35-44,programmer,50
835,834,M,56+,other,28
836,835,M,25-34,lawyer,70
837,836,M,56+,executive/managerial,69
838,837,M,50-55,technician/engineer,176
839,838,M,25-34,other,774
840,839,F,25-34,clerical/admin,251
841,840,F,50-55,sales/marketing,26
842,841,F,18-24,other,37
843,842,M,25-34,executive/managerial,126
844,843,M,25-34,other,84
845,844,F,18-24,other,52
846,845,M,25-34,customer service,253
847,846,F,25-34,executive/managerial,62
848,847,M,25-34,scientist,56
849,848,M,25-34,clerical/admin,117
850,849,M,35-44,other,554
851,850,M,18-24,college/grad student,76
852,851,M,25-34,customer service,34
853,852,M,25-34,technician/engineer,110
854,853,F,25-34,self-employed,506
855,854,F,18-24,artist,630
856,855,F,45-49,doctor/health care,53
857,856,M,35-44,technician/engineer,70
858,857,M,35-44,sales/marketing,190
859,858,M,25-34,programmer,153
860,859,M,18-24,other,42
861,860,M,25-34,executive/managerial,80
862,861,M,35-44,executive/managerial,116
863,862,M,25-34,executive/managerial,62
864,863,F,25-34,other,138
865,864,M,35-44,academic/educator,42
866,865,M,Under 18,K-12 student,36
867,866,M,45-49,programmer,44
868,867,M,50-55,technician/engineer,75
869,868,M,18-24,writer,842
870,869,F,25-34,academic/educator,36
871,870,M,Under 18,K-12 student,43
872,871,M,50-55,academic/educator,107
873,872,M,56+,doctor/health care,172
874,873,M,45-49,scientist,28
875,874,M,Under 18,K-12 student,84
876,875,M,25-34,college/grad student,111
877,876,M,25-34,other,633
878,877,M,18-24,artist,49
879,878,M,45-49,self-employed,40
880,879,M,35-44,technician/engineer,115
881,880,M,18-24,sales/marketing,914
882,881,M,18-24,artist,79
883,882,F,35-44,sales/marketing,36
884,883,M,Under 18,K-12 student,99
885,884,M,35-44,other,64
886,885,F,56+,other,35
887,886,F,56+,self-employed,96
888,887,F,Under 18,K-12 student,72
889,888,M,45-49,writer,1518
890,889,M,18-24,college/grad student,228
891,890,M,25-34,academic/educator,223
892,891,M,35-44,other,34
893,892,F,50-55,doctor/health care,110
894,893,M,18-24,college/grad student,70
895,894,M,50-55,academic/educator,64
896,895,M,18-24,scientist,64
897,896,M,25-34,doctor/health care,203
898,897,M,25-34,executive/managerial,24
899,898,F,25-34,academic/educator,323
900,899,F,56+,retired,26
901,900,F,56+,other,33
902,901,M,56+,other,25
903,902,M,56+,retired,74
904,903,M,35-44,writer,246
905,904,F,45-49,programmer,123
906,905,M,Under 18,K-12 student,21
907,906,F,45-49,doctor/health care,21
908,907,F,50-55,academic/educator,39
909,908,M,45-49,executive/managerial,71
910,909,F,50-55,other,163
911,910,M,50-55,other,525
912,911,F,35-44,artist,43
913,912,M,25-34,other,45
914,913,F,35-44,homemaker,61
915,914,M,25-34,executive/managerial,95
916,915,F,25-34,academic/educator,55
917,916,M,50-55,doctor/health care,29
918,917,F,45-49,academic/educator,144
919,918,F,35-44,academic/educator,326
920,919,M,18-24,college/grad student,78
921,920,M,25-34,technician/engineer,158
922,921,M,56+,self-employed,343
923,922,M,25-34,executive/managerial,46
924,923,M,50-55,technician/engineer,199
925,924,F,35-44,clerical/admin,68
926,925,M,Under 18,K-12 student,105
927,926,F,25-34,writer,191
928,927,F,56+,self-employed,212
929,928,M,25-34,scientist,355
930,929,M,25-34,customer service,98
931,930,F,56+,academic/educator,157
932,931,F,35-44,doctor/health care,20
933,932,M,45-49,academic/educator,62
934,933,F,35-44,executive/managerial,498
935,934,M,35-44,sales/marketing,388
936,935,M,18-24,college/grad student,88
937,936,M,25-34,scientist,348
938,937,F,25-34,academic/educator,31
939,938,F,25-34,writer,165
940,939,M,Under 18,K-12 student,130
941,940,M,18-24,writer,28
942,941,F,50-55,doctor/health care,25
943,942,F,45-49,programmer,81
944,943,M,35-44,other,45
945,944,M,45-49,executive/managerial,163
946,945,M,35-44,executive/managerial,33
947,946,M,18-24,other,20
948,947,M,56+,programmer,517
949,948,M,50-55,technician/engineer,369
950,949,M,35-44,executive/managerial,55
951,950,M,45-49,artist,21
952,951,M,56+,self-employed,157
953,952,M,50-55,writer,189
954,953,F,25-34,other,126
955,954,F,50-55,executive/managerial,338
956,955,M,35-44,academic/educator,108
957,956,M,35-44,academic/educator,328
958,957,M,35-44,artist,158
959,958,M,50-55,lawyer,96
960,959,M,Under 18,K-12 student,128
961,960,M,18-24,K-12 student,50
962,961,F,25-34,academic/educator,51
963,962,M,25-34,other,424
964,963,M,25-34,executive/managerial,78
965,964,M,56+,executive/managerial,77
966,965,M,56+,artist,165
967,966,F,18-24,other,91
968,967,M,50-55,programmer,61
969,968,F,25-34,lawyer,26
970,969,M,25-34,other,549
971,970,M,25-34,programmer,223
972,971,M,45-49,academic/educator,35
973,972,F,25-34,academic/educator,217
974,973,M,35-44,unemployed,60
975,974,M,35-44,other,404
976,975,M,35-44,sales/marketing,55
977,976,M,25-34,artist,240
978,977,M,18-24,other,44
979,978,M,Under 18,K-12 student,74
980,979,M,25-34,doctor/health care,135
981,980,M,25-34,writer,227
982,981,F,25-34,homemaker,51
983,982,F,25-34,self-employed,78
984,983,M,50-55,self-employed,694
985,984,M,25-34,college/grad student,146
986,985,F,56+,other,22
987,986,F,35-44,technician/engineer,176
988,987,M,50-55,lawyer,73
989,988,M,50-55,other,44
990,989,M,18-24,doctor/health care,102
991,990,F,25-34,homemaker,60
992,991,F,35-44,clerical/admin,31
993,992,M,25-34,other,58
994,993,M,18-24,artist,39
995,994,F,18-24,college/grad student,49
996,995,M,25-34,technician/engineer,296
997,996,M,Under 18,unemployed,30
998,997,M,45-49,writer,135
999,998,M,25-34,scientist,412
1000,999,F,25-34,doctor/health care,84
1001,1000,M,25-34,college/grad student,377
1002,1001,M,50-55,lawyer,66
1003,1002,M,25-34,artist,29
1004,1003,M,25-34,clerical/admin,481
1005,1004,M,35-44,lawyer,92
1006,1005,M,18-24,college/grad student,44
1007,1006,M,50-55,programmer,32
1008,1007,M,35-44,clerical/admin,50
1009,1008,M,50-55,executive/managerial,52
1010,1009,M,25-34,other,1004
1011,1010,M,25-34,farmer,37
1012,1011,F,35-44,academic/educator,55
1013,1012,M,56+,retired,46
1014,1013,F,45-49,technician/engineer,39
1015,1014,M,35-44,clerical/admin,1286
1016,1015,M,56+,self-employed,151
1017,1016,M,35-44,other,521
1018,1017,M,18-24,college/grad student,122
1019,1018,M,35-44,academic/educator,928
1020,1019,M,18-24,writer,88
1021,1020,M,35-44,other,131
1022,1021,M,25-34,clerical/admin,146
1023,1022,M,56+,retired,41
1024,1023,F,35-44,academic/educator,43
1025,1024,M,25-34,self-employed,33
1026,1025,F,45-49,other,44
1027,1026,M,18-24,college/grad student,46
1028,1027,F,45-49,executive/managerial,61
1029,1028,M,25-34,other,256
1030,1029,M,25-34,executive/managerial,171
1031,1030,M,35-44,self-employed,155
1032,1031,M,50-55,self-employed,103
1033,1032,M,25-34,customer service,194
1034,1033,F,35-44,academic/educator,337
1035,1034,M,18-24,artist,91
1036,1035,M,35-44,executive/managerial,50
1037,1036,M,45-49,executive/managerial,38
1038,1037,F,56+,scientist,148
1039,1038,F,35-44,academic/educator,28
1040,1039,M,25-34,lawyer,259
1041,1040,M,45-49,artist,85
1042,1041,M,35-44,customer service,45
1043,1042,F,50-55,lawyer,36
1044,1043,M,25-34,writer,144
1045,1044,F,Under 18,K-12 student,37
1046,1045,M,56+,tradesman/craftsman,26
1047,1046,M,18-24,other,76
1048,1047,M,35-44,doctor/health care,41
1049,1048,M,45-49,sales/marketing,36
1050,1049,M,25-34,academic/educator,564
1051,1050,F,25-34,other,862
1052,1051,F,35-44,artist,67
1053,1052,M,35-44,other,335
1054,1053,M,Under 18,K-12 student,127
1055,1054,M,35-44,other,78
1056,1055,M,Under 18,other,76
1057,1056,M,45-49,technician/engineer,179
1058,1057,M,25-34,academic/educator,357
1059,1058,F,25-34,other,513
1060,1059,M,18-24,K-12 student,80
1061,1060,M,45-49,other,51
1062,1061,M,50-55,unemployed,194
1063,1062,M,35-44,executive/managerial,100
1064,1063,M,25-34,executive/managerial,103
1065,1064,F,25-34,other,88
1066,1065,M,45-49,programmer,122
1067,1066,M,35-44,programmer,96
1068,1067,F,18-24,college/grad student,597
1069,1068,M,25-34,writer,609
1070,1069,F,45-49,artist,21
1071,1070,M,50-55,self-employed,143
1072,1071,F,35-44,executive/managerial,105
1073,1072,F,25-34,doctor/health care,116
1074,1073,M,45-49,technician/engineer,192
1075,1074,F,25-34,doctor/health care,41
1076,1075,F,25-34,clerical/admin,41
1077,1076,M,25-34,clerical/admin,309
1078,1077,F,45-49,homemaker,127
1079,1078,M,25-34,executive/managerial,121
1080,1079,M,56+,executive/managerial,54
1081,1080,M,18-24,college/grad student,34
1082,1081,M,45-49,executive/managerial,57
1083,1082,M,56+,other,26
1084,1083,M,Under 18,unemployed,180
1085,1084,M,25-34,executive/managerial,35
1086,1085,M,18-24,college/grad student,312
1087,1086,M,25-34,self-employed,392
1088,1087,F,Under 18,K-12 student,1176
1089,1088,M,35-44,doctor/health care,72
1090,1089,M,25-34,executive/managerial,73
1091,1090,M,18-24,customer service,33
1092,1091,F,18-24,college/grad student,51
1093,1092,M,50-55,sales/marketing,70
1094,1093,F,18-24,other,164
1095,1094,F,56+,doctor/health care,36
1096,1095,M,Under 18,K-12 student,268
1097,1096,M,18-24,technician/engineer,168
1098,1097,M,35-44,executive/managerial,32
1099,1098,M,25-34,technician/engineer,188
1100,1099,M,25-34,other,508
1101,1100,M,35-44,academic/educator,518
1102,1101,M,18-24,academic/educator,27
1103,1102,F,45-49,executive/managerial,60
1104,1103,M,35-44,lawyer,54
1105,1104,M,35-44,doctor/health care,161
1106,1105,M,18-24,college/grad student,64
1107,1106,F,50-55,academic/educator,78
1108,1107,M,56+,academic/educator,44
1109,1108,M,18-24,K-12 student,205
1110,1109,F,56+,doctor/health care,49
1111,1110,F,50-55,self-employed,33
1112,1111,M,18-24,doctor/health care,679
1113,1112,M,18-24,college/grad student,319
1114,1113,F,18-24,homemaker,134
1115,1114,F,25-34,academic/educator,109
1116,1115,M,25-34,scientist,142
1117,1116,M,18-24,sales/marketing,754
1118,1117,M,50-55,retired,30
1119,1118,M,35-44,academic/educator,395
1120,1119,M,18-24,college/grad student,735
1121,1120,M,56+,executive/managerial,289
1122,1121,M,56+,sales/marketing,114
1123,1122,M,50-55,other,30
1124,1123,M,25-34,artist,389
1125,1124,F,18-24,college/grad student,580
1126,1125,M,56+,self-employed,21
1127,1126,M,25-34,other,131
1128,1127,M,25-34,academic/educator,498
1129,1128,M,35-44,technician/engineer,103
1130,1129,M,18-24,executive/managerial,279
1131,1130,M,56+,retired,103
1132,1131,M,18-24,programmer,163
1133,1132,M,18-24,artist,168
1134,1133,M,18-24,writer,150
1135,1134,M,50-55,retired,172
1136,1135,F,35-44,executive/managerial,56
1137,1136,M,18-24,college/grad student,564
1138,1137,M,18-24,programmer,89
1139,1138,M,25-34,academic/educator,182
1140,1139,F,45-49,artist,374
1141,1140,F,25-34,clerical/admin,466
1142,1141,M,18-24,academic/educator,263
1143,1142,M,50-55,executive/managerial,53
1144,1143,M,25-34,executive/managerial,22
1145,1144,M,50-55,clerical/admin,57
1146,1145,F,18-24,self-employed,378
1147,1146,M,25-34,writer,333
1148,1147,M,35-44,technician/engineer,59
1149,1148,M,25-34,programmer,89
1150,1149,F,25-34,writer,1302
1151,1150,M,25-34,scientist,308
1152,1151,M,18-24,college/grad student,149
1153,1152,M,18-24,K-12 student,76
1154,1153,F,Under 18,K-12 student,24
1155,1154,M,25-34,programmer,182
1156,1155,F,50-55,artist,72
1157,1156,M,45-49,executive/managerial,22
1158,1157,F,35-44,academic/educator,64
1159,1158,M,18-24,other,121
1160,1159,M,18-24,sales/marketing,107
1161,1160,M,25-34,other,95
1162,1161,F,35-44,other,156
1163,1162,M,Under 18,K-12 student,64
1164,1163,F,25-34,unemployed,458
1165,1164,M,25-34,programmer,141
1166,1165,M,56+,doctor/health care,26
1167,1166,F,50-55,academic/educator,70
1168,1167,F,25-34,other,233
1169,1168,M,25-34,writer,118
1170,1169,M,56+,clerical/admin,258
1171,1170,M,45-49,programmer,28
1172,1171,F,25-34,other,443
1173,1172,F,25-34,executive/managerial,361
1174,1173,F,18-24,self-employed,24
1175,1174,F,25-34,artist,72
1176,1175,M,56+,academic/educator,126
1177,1176,F,25-34,technician/engineer,79
1178,1177,M,56+,other,36
1179,1178,M,50-55,academic/educator,234
1180,1179,F,50-55,writer,37
1181,1180,M,35-44,executive/managerial,1521
1182,1181,M,Under 18,K-12 student,364
1183,1182,M,35-44,unemployed,186
1184,1183,F,25-34,college/grad student,278
1185,1184,F,35-44,academic/educator,90
1186,1185,M,18-24,unemployed,206
1187,1186,F,Under 18,other,31
1188,1187,M,45-49,executive/managerial,31
1189,1188,M,25-34,other,25
1190,1189,M,45-49,other,27
1191,1190,F,35-44,other,105
1192,1191,M,50-55,self-employed,29
1193,1192,M,25-34,programmer,276
1194,1193,F,25-34,academic/educator,649
1195,1194,F,Under 18,K-12 student,96
1196,1195,F,18-24,sales/marketing,112
1197,1196,M,35-44,academic/educator,24
1198,1197,M,Under 18,K-12 student,102
1199,1198,M,50-55,retired,179
1200,1199,M,Under 18,other,39
1201,1200,M,18-24,college/grad student,66
1202,1201,M,35-44,programmer,520
1203,1202,F,25-34,academic/educator,741
1204,1203,M,25-34,executive/managerial,136
1205,1204,F,56+,other,85
1206,1205,F,50-55,executive/managerial,141
1207,1206,M,50-55,other,618
1208,1207,M,25-34,other,48
1209,1208,M,35-44,executive/managerial,221
1210,1209,M,25-34,technician/engineer,39
1211,1210,M,18-24,college/grad student,397
1212,1211,F,50-55,academic/educator,69
1213,1212,M,50-55,other,24
1214,1213,M,56+,retired,46
1215,1214,M,35-44,technician/engineer,115
1216,1215,M,25-34,artist,213
1217,1216,M,25-34,programmer,51
1218,1217,M,56+,scientist,235
1219,1218,M,25-34,executive/managerial,224
1220,1219,M,Under 18,K-12 student,195
1221,1220,M,18-24,other,221
1222,1221,M,35-44,other,68
1223,1222,M,25-34,artist,146
1224,1223,M,50-55,retired,578
1225,1224,M,45-49,executive/managerial,28
1226,1225,M,18-24,writer,21
1227,1226,M,50-55,academic/educator,154
1228,1227,M,25-34,academic/educator,251
1229,1228,F,25-34,college/grad student,30
1230,1229,M,25-34,lawyer,253
1231,1230,M,25-34,programmer,110
1232,1231,F,18-24,college/grad student,135
1233,1232,F,45-49,writer,61
1234,1233,M,18-24,college/grad student,24
1235,1234,F,25-34,executive/managerial,50
1236,1235,F,25-34,academic/educator,24
1237,1236,M,18-24,college/grad student,30
1238,1237,F,35-44,writer,45
1239,1238,F,25-34,writer,88
1240,1239,F,18-24,sales/marketing,30
1241,1240,M,Under 18,K-12 student,194
1242,1241,F,35-44,other,616
1243,1242,M,35-44,scientist,368
1244,1243,M,25-34,college/grad student,543
1245,1244,M,25-34,technician/engineer,36
1246,1245,M,18-24,college/grad student,572
1247,1246,M,35-44,other,36
1248,1247,F,35-44,writer,94
1249,1248,M,35-44,artist,25
1250,1249,M,50-55,other,21
1251,1250,M,25-34,executive/managerial,45
1252,1251,M,56+,retired,118
1253,1252,F,35-44,writer,74
1254,1253,F,18-24,academic/educator,110
1255,1254,M,25-34,technician/engineer,235
1256,1255,M,25-34,writer,32
1257,1256,F,18-24,sales/marketing,49
1258,1257,M,45-49,executive/managerial,42
1259,1258,M,35-44,executive/managerial,60
1260,1259,M,25-34,technician/engineer,509
1261,1260,M,18-24,college/grad student,195
1262,1261,M,25-34,college/grad student,158
1263,1262,M,Under 18,K-12 student,279
1264,1263,M,25-34,academic/educator,711
1265,1264,F,18-24,writer,343
1266,1265,M,25-34,college/grad student,726
1267,1266,M,25-34,scientist,170
1268,1267,M,50-55,artist,202
1269,1268,F,56+,retired,32
1270,1269,M,25-34,doctor/health care,29
1271,1270,F,45-49,doctor/health care,170
1272,1271,M,18-24,writer,284
1273,1272,M,35-44,artist,334
1274,1273,M,45-49,executive/managerial,591
1275,1274,M,50-55,technician/engineer,30
1276,1275,M,35-44,technician/engineer,77
1277,1276,F,18-24,other,37
1278,1277,M,18-24,college/grad student,67
1279,1278,M,35-44,academic/educator,361
1280,1279,M,Under 18,K-12 student,50
1281,1280,M,25-34,unemployed,144
1282,1281,M,50-55,academic/educator,21
1283,1282,F,18-24,academic/educator,46
1284,1283,M,45-49,self-employed,507
1285,1284,M,35-44,college/grad student,1144
1286,1285,M,35-44,technician/engineer,68
1287,1286,F,50-55,executive/managerial,94
1288,1287,F,35-44,unemployed,129
1289,1288,M,45-49,doctor/health care,39
1290,1289,M,35-44,other,55
1291,1290,F,35-44,other,283
1292,1291,M,25-34,executive/managerial,48
1293,1292,M,25-34,customer service,68
1294,1293,F,50-55,writer,261
1295,1294,F,35-44,doctor/health care,40
1296,1295,M,Under 18,other,48
1297,1296,M,25-34,executive/managerial,487
1298,1297,M,35-44,doctor/health care,614
1299,1298,M,25-34,sales/marketing,234
1300,1299,M,Under 18,K-12 student,166
1301,1300,F,25-34,artist,297
1302,1301,M,18-24,college/grad student,60
1303,1302,M,25-34,unemployed,677
1304,1303,M,25-34,sales/marketing,84
1305,1304,M,45-49,writer,21
1306,1305,M,25-34,clerical/admin,461
1307,1306,M,56+,retired,21
1308,1307,M,Under 18,K-12 student,89
1309,1308,M,25-34,sales/marketing,24
1310,1309,M,45-49,other,24
1311,1310,M,18-24,K-12 student,188
1312,1311,M,25-34,sales/marketing,155
1313,1312,M,18-24,college/grad student,29
1314,1313,F,18-24,college/grad student,228
1315,1314,M,35-44,executive/managerial,93
1316,1315,M,50-55,artist,38
1317,1316,M,45-49,executive/managerial,799
1318,1317,M,18-24,self-employed,21
1319,1318,F,25-34,clerical/admin,28
1320,1319,M,25-34,college/grad student,117
1321,1320,F,25-34,sales/marketing,171
1322,1321,M,56+,other,384
1323,1322,F,35-44,artist,148
1324,1323,M,35-44,self-employed,108
1325,1324,M,25-34,academic/educator,282
1326,1325,F,25-34,other,37
1327,1326,M,Under 18,K-12 student,71
1328,1327,M,35-44,sales/marketing,125
1329,1328,M,18-24,sales/marketing,410
1330,1329,M,56+,academic/educator,46
1331,1330,M,45-49,other,150
1332,1331,M,25-34,executive/managerial,32
1333,1332,M,25-34,technician/engineer,557
1334,1333,M,50-55,executive/managerial,59
1335,1334,M,35-44,other,307
1336,1335,F,50-55,writer,23
1337,1336,M,56+,technician/engineer,65
1338,1337,M,25-34,other,132
1339,1338,M,35-44,tradesman/craftsman,213
1340,1339,M,25-34,executive/managerial,805
1341,1340,M,18-24,executive/managerial,87
1342,1341,M,35-44,other,92
1343,1342,M,35-44,sales/marketing,279
1344,1343,F,25-34,homemaker,75
1345,1344,F,25-34,artist,189
1346,1345,M,35-44,writer,28
1347,1346,F,18-24,academic/educator,158
1348,1347,F,Under 18,K-12 student,139
1349,1348,M,50-55,executive/managerial,43
1350,1349,F,35-44,other,112
1351,1350,F,25-34,technician/engineer,20
1352,1351,M,35-44,writer,158
1353,1352,M,Under 18,K-12 student,63
1354,1353,F,25-34,artist,684
1355,1354,F,45-49,writer,53
1356,1355,F,18-24,college/grad student,461
1357,1356,M,45-49,other,177
1358,1357,M,35-44,technician/engineer,231
1359,1358,M,35-44,academic/educator,96
1360,1359,M,25-34,writer,103
1361,1360,F,25-34,other,133
1362,1361,M,35-44,programmer,219
1363,1362,M,50-55,executive/managerial,21
1364,1363,F,45-49,artist,55
1365,1364,F,Under 18,K-12 student,67
1366,1365,M,Under 18,K-12 student,143
1367,1366,M,25-34,programmer,211
1368,1367,F,25-34,clerical/admin,44
1369,1368,M,25-34,customer service,404
1370,1369,M,35-44,artist,148
1371,1370,F,50-55,artist,44
1372,1371,M,Under 18,K-12 student,53
1373,1372,F,25-34,academic/educator,74
1374,1373,M,50-55,academic/educator,103
1375,1374,F,45-49,customer service,60
1376,1375,F,45-49,academic/educator,94
1377,1376,M,35-44,self-employed,521
1378,1377,F,45-49,executive/managerial,58
1379,1378,F,56+,retired,32
1380,1379,M,Under 18,K-12 student,253
1381,1380,M,18-24,lawyer,69
1382,1381,F,45-49,academic/educator,36
1383,1382,F,25-34,executive/managerial,822
1384,1383,M,18-24,K-12 student,22
1385,1384,F,25-34,customer service,22
1386,1385,F,25-34,other,82
1387,1386,F,50-55,retired,223
1388,1387,M,56+,writer,53
1389,1388,M,25-34,technician/engineer,411
1390,1389,M,35-44,self-employed,309
1391,1390,M,35-44,scientist,209
1392,1391,M,45-49,clerical/admin,243
1393,1392,M,18-24,college/grad student,109
1394,1393,F,25-34,clerical/admin,27
1395,1394,M,25-34,artist,312
1396,1395,F,25-34,programmer,186
1397,1396,M,35-44,executive/managerial,53
1398,1397,F,56+,self-employed,38
1399,1398,M,18-24,technician/engineer,288
1400,1399,M,25-34,executive/managerial,58
1401,1400,F,18-24,academic/educator,56
1402,1401,M,18-24,college/grad student,49
1403,1402,F,25-34,other,65
1404,1403,M,50-55,self-employed,332
1405,1404,M,56+,retired,45
1406,1405,M,25-34,college/grad student,20
1407,1406,F,35-44,scientist,182
1408,1407,M,25-34,other,136
1409,1408,M,18-24,college/grad student,84
1410,1409,M,50-55,executive/managerial,78
1411,1410,M,35-44,academic/educator,60
1412,1411,M,25-34,technician/engineer,24
1413,1412,M,18-24,clerical/admin,185
1414,1413,M,18-24,college/grad student,74
1415,1414,M,45-49,sales/marketing,179
1416,1415,M,25-34,sales/marketing,22
1417,1416,M,35-44,self-employed,29
1418,1417,M,18-24,college/grad student,286
1419,1418,F,25-34,academic/educator,51
1420,1419,M,18-24,college/grad student,279
1421,1420,F,Under 18,K-12 student,195
1422,1421,M,35-44,technician/engineer,728
1423,1422,M,25-34,college/grad student,80
1424,1423,M,35-44,other,44
1425,1424,M,Under 18,K-12 student,778
1426,1425,M,18-24,sales/marketing,382
1427,1426,M,25-34,programmer,153
1428,1427,F,45-49,lawyer,52
1429,1428,F,35-44,clerical/admin,24
1430,1429,M,18-24,college/grad student,116
1431,1430,M,56+,doctor/health care,21
1432,1431,M,35-44,academic/educator,35
1433,1432,F,18-24,sales/marketing,89
1434,1433,F,Under 18,K-12 student,279
1435,1434,M,25-34,sales/marketing,35
1436,1435,F,50-55,doctor/health care,66
1437,1436,M,50-55,clerical/admin,155
1438,1437,M,18-24,artist,44
1439,1438,M,35-44,clerical/admin,30
1440,1439,M,35-44,programmer,136
1441,1440,M,35-44,self-employed,102
1442,1441,M,18-24,artist,160
1443,1442,M,35-44,artist,40
1444,1443,F,25-34,college/grad student,29
1445,1444,M,25-34,artist,31
1446,1445,M,35-44,programmer,97
1447,1446,M,18-24,college/grad student,990
1448,1447,F,25-34,clerical/admin,1038
1449,1448,M,35-44,writer,1243
1450,1449,M,18-24,college/grad student,109
1451,1450,M,35-44,writer,751
1452,1451,F,56+,retired,20
1453,1452,M,25-34,sales/marketing,28
1454,1453,M,18-24,college/grad student,22
1455,1454,F,45-49,other,61
1456,1455,M,25-34,artist,22
1457,1456,M,25-34,academic/educator,307
1458,1457,M,Under 18,other,97
1459,1458,F,25-34,other,21
1460,1459,F,18-24,college/grad student,28
1461,1460,F,45-49,other,50
1462,1461,M,35-44,self-employed,38
1463,1462,M,50-55,self-employed,116
1464,1463,M,35-44,programmer,108
1465,1464,M,50-55,self-employed,611
1466,1465,M,18-24,college/grad student,252
1467,1466,M,25-34,customer service,88
1468,1467,M,Under 18,sales/marketing,102
1469,1468,M,56+,writer,32
1470,1469,M,18-24,college/grad student,710
1471,1470,M,25-34,technician/engineer,27
1472,1471,M,25-34,executive/managerial,233
1473,1472,M,25-34,sales/marketing,240
1474,1473,M,25-34,college/grad student,130
1475,1474,F,25-34,artist,79
1476,1475,F,18-24,other,70
1477,1476,F,45-49,academic/educator,33
1478,1477,M,Under 18,K-12 student,32
1479,1478,F,50-55,artist,29
1480,1479,M,25-34,writer,43
1481,1480,M,35-44,technician/engineer,100
1482,1481,M,25-34,executive/managerial,61
1483,1482,M,18-24,college/grad student,258
1484,1483,M,25-34,programmer,314
1485,1484,F,25-34,homemaker,23
1486,1485,M,25-34,self-employed,48
1487,1486,M,35-44,executive/managerial,41
1488,1487,M,25-34,executive/managerial,21
1489,1488,F,35-44,artist,489
1490,1489,M,50-55,executive/managerial,180
1491,1490,M,18-24,college/grad student,253
1492,1491,M,25-34,programmer,107
1493,1492,F,25-34,sales/marketing,20
1494,1493,M,25-34,technician/engineer,98
1495,1494,M,18-24,other,182
1496,1495,M,25-34,technician/engineer,597
1497,1496,M,50-55,customer service,199
1498,1497,M,18-24,college/grad student,116
1499,1498,M,Under 18,K-12 student,130
1500,1499,M,25-34,technician/engineer,115
1501,1500,M,25-34,lawyer,542
1502,1501,M,18-24,college/grad student,273
1503,1502,M,25-34,programmer,272
1504,1503,M,18-24,unemployed,42
1505,1504,M,50-55,lawyer,318
1506,1505,M,25-34,executive/managerial,105
1507,1506,M,35-44,technician/engineer,108
1508,1507,F,Under 18,K-12 student,29
1509,1508,M,Under 18,other,297
1510,1509,F,25-34,academic/educator,33
1511,1510,M,35-44,programmer,91
1512,1511,M,25-34,writer,34
1513,1512,F,35-44,self-employed,143
1514,1513,M,18-24,college/grad student,127
1515,1514,M,25-34,self-employed,24
1516,1515,F,25-34,programmer,292
1517,1516,M,18-24,other,64
1518,1517,M,25-34,artist,25
1519,1518,M,18-24,college/grad student,87
1520,1519,M,25-34,technician/engineer,23
1521,1520,F,25-34,executive/managerial,72
1522,1521,M,35-44,writer,78
1523,1522,M,25-34,technician/engineer,92
1524,1523,M,18-24,college/grad student,253
1525,1524,F,25-34,self-employed,101
1526,1525,M,56+,technician/engineer,32
1527,1526,M,18-24,K-12 student,104
1528,1527,M,25-34,scientist,69
1529,1528,M,18-24,college/grad student,30
1530,1529,M,25-34,college/grad student,404
1531,1530,M,45-49,technician/engineer,39
1532,1531,M,18-24,sales/marketing,126
1533,1532,M,45-49,academic/educator,75
1534,1533,M,50-55,programmer,21
1535,1534,F,18-24,writer,29
1536,1535,F,35-44,clerical/admin,36
1537,1536,M,18-24,writer,38
1538,1537,M,25-34,clerical/admin,93
1539,1538,M,25-34,clerical/admin,27
1540,1539,M,45-49,other,118
1541,1540,M,56+,technician/engineer,26
1542,1541,M,18-24,technician/engineer,293
1543,1542,M,25-34,lawyer,173
1544,1543,M,25-34,programmer,165
1545,1544,M,25-34,writer,217
1546,1545,M,25-34,college/grad student,342
1547,1546,M,56+,retired,134
1548,1547,M,35-44,academic/educator,48
1549,1548,M,35-44,doctor/health care,21
1550,1549,M,18-24,college/grad student,29
1551,1550,M,25-34,lawyer,166
1552,1551,M,45-49,writer,255
1553,1552,F,25-34,scientist,43
1554,1553,F,35-44,programmer,31
1555,1554,F,18-24,other,79
1556,1555,M,18-24,college/grad student,345
1557,1556,F,18-24,college/grad student,57
1558,1557,M,18-24,doctor/health care,26
1559,1558,M,35-44,farmer,51
1560,1559,F,25-34,clerical/admin,164
1561,1560,F,18-24,college/grad student,161
1562,1561,M,18-24,writer,38
1563,1562,F,Under 18,K-12 student,84
1564,1563,M,50-55,academic/educator,124
1565,1564,M,45-49,technician/engineer,47
1566,1565,M,35-44,self-employed,24
1567,1566,M,25-34,programmer,100
1568,1567,F,Under 18,K-12 student,28
1569,1568,F,56+,retired,90
1570,1569,M,18-24,technician/engineer,66
1571,1570,M,25-34,writer,153
1572,1571,F,25-34,clerical/admin,45
1573,1572,M,Under 18,other,29
1574,1573,M,25-34,doctor/health care,52
1575,1574,F,50-55,executive/managerial,54
1576,1575,F,45-49,homemaker,48
1577,1576,M,56+,other,125
1578,1577,M,18-24,college/grad student,31
1579,1578,M,25-34,other,765
1580,1579,F,18-24,college/grad student,37
1581,1580,F,18-24,college/grad student,41
1582,1581,M,18-24,other,22
1583,1582,M,35-44,doctor/health care,52
1584,1583,M,25-34,unemployed,461
1585,1584,M,56+,writer,112
1586,1585,M,45-49,executive/managerial,415
1587,1586,F,25-34,clerical/admin,554
1588,1587,M,25-34,lawyer,47
1589,1588,M,25-34,other,99
1590,1589,M,35-44,academic/educator,40
1591,1590,M,50-55,executive/managerial,314
1592,1591,M,35-44,executive/managerial,306
1593,1592,M,25-34,self-employed,206
1594,1593,F,35-44,writer,147
1595,1594,M,35-44,academic/educator,133
1596,1595,F,18-24,customer service,23
1597,1596,M,25-34,programmer,230
1598,1597,M,35-44,retired,184
1599,1598,M,25-34,other,550
1600,1599,M,35-44,executive/managerial,394
1601,1600,M,25-34,programmer,205
1602,1601,F,25-34,executive/managerial,120
1603,1602,F,25-34,other,70
1604,1603,M,25-34,lawyer,24
1605,1604,F,18-24,other,964
1606,1605,F,35-44,clerical/admin,206
1607,1606,M,45-49,academic/educator,276
1608,1607,M,25-34,lawyer,144
1609,1608,F,35-44,homemaker,359
1610,1609,M,25-34,lawyer,28
1611,1610,M,25-34,other,556
1612,1611,M,25-34,technician/engineer,23
1613,1612,M,18-24,writer,795
1614,1613,M,35-44,other,61
1615,1614,F,45-49,executive/managerial,21
1616,1615,M,25-34,other,254
1617,1616,M,25-34,programmer,228
1618,1617,M,50-55,other,91
1619,1618,M,50-55,clerical/admin,33
1620,1619,M,25-34,writer,36
1621,1620,M,25-34,college/grad student,22
1622,1621,M,18-24,college/grad student,26
1623,1622,M,50-55,scientist,70
1624,1623,M,25-34,other,350
1625,1624,M,45-49,other,45
1626,1625,M,18-24,college/grad student,271
1627,1626,M,18-24,technician/engineer,48
1628,1627,M,18-24,writer,451
1629,1628,M,18-24,college/grad student,65
1630,1629,M,45-49,technician/engineer,117
1631,1630,F,50-55,other,260
1632,1631,M,25-34,self-employed,768
1633,1632,F,45-49,executive/managerial,34
1634,1633,F,56+,other,106
1635,1634,M,25-34,other,793
1636,1635,F,25-34,unemployed,170
1637,1636,M,56+,other,85
1638,1637,F,18-24,technician/engineer,39
1639,1638,M,25-34,technician/engineer,551
1640,1639,M,35-44,technician/engineer,161
1641,1640,M,25-34,other,232
1642,1641,M,50-55,retired,74
1643,1642,M,45-49,artist,233
1644,1643,M,18-24,programmer,48
1645,1644,F,18-24,homemaker,522
1646,1645,M,25-34,writer,62
1647,1646,M,18-24,tradesman/craftsman,882
1648,1647,M,50-55,sales/marketing,149
1649,1648,M,18-24,unemployed,57
1650,1649,M,25-34,unemployed,213
1651,1650,M,25-34,programmer,35
1652,1651,M,25-34,self-employed,27
1653,1652,M,18-24,other,25
1654,1653,F,45-49,other,47
1655,1654,M,18-24,college/grad student,175
1656,1655,M,25-34,technician/engineer,25
1657,1656,F,45-49,other,45
1658,1657,F,35-44,doctor/health care,398
1659,1658,F,18-24,homemaker,57
1660,1659,F,25-34,artist,62
1661,1660,M,35-44,executive/managerial,37
1662,1661,M,25-34,programmer,25
1663,1662,M,18-24,college/grad student,46
1664,1663,F,18-24,college/grad student,20
1665,1664,M,45-49,technician/engineer,63
1666,1665,M,25-34,sales/marketing,397
1667,1666,M,50-55,self-employed,499
1668,1667,M,35-44,artist,29
1669,1668,F,25-34,technician/engineer,30
1670,1669,F,56+,retired,56
1671,1670,M,35-44,other,638
1672,1671,M,25-34,technician/engineer,39
1673,1672,M,Under 18,K-12 student,81
1674,1673,M,35-44,artist,22
1675,1674,F,25-34,doctor/health care,565
1676,1675,M,18-24,college/grad student,865
1677,1676,M,18-24,sales/marketing,43
1678,1677,F,18-24,technician/engineer,122
1679,1678,M,25-34,programmer,82
1680,1679,M,25-34,writer,1850
1681,1680,M,18-24,college/grad student,121
1682,1681,M,25-34,artist,27
1683,1682,F,25-34,executive/managerial,175
1684,1683,M,18-24,clerical/admin,62
1685,1684,M,35-44,programmer,430
1686,1685,M,35-44,programmer,28
1687,1686,M,25-34,clerical/admin,393
1688,1687,F,18-24,college/grad student,132
1689,1688,M,35-44,customer service,128
1690,1689,M,35-44,self-employed,149
1691,1690,F,25-34,technician/engineer,50
1692,1691,M,35-44,writer,207
1693,1692,M,25-34,programmer,310
1694,1693,M,25-34,programmer,398
1695,1694,M,25-34,academic/educator,196
1696,1695,M,35-44,executive/managerial,314
1697,1696,F,18-24,college/grad student,354
1698,1697,M,35-44,artist,957
1699,1698,F,25-34,unemployed,348
1700,1699,M,25-34,writer,45
1701,1700,F,25-34,college/grad student,552
1702,1701,M,18-24,K-12 student,80
1703,1702,M,18-24,scientist,26
1704,1703,M,25-34,college/grad student,36
1705,1704,F,18-24,college/grad student,85
1706,1705,M,25-34,writer,210
1707,1706,M,50-55,academic/educator,88
1708,1707,M,25-34,other,22
1709,1708,M,25-34,other,210
1710,1709,M,18-24,other,79
1711,1710,F,18-24,college/grad student,29
1712,1711,M,25-34,other,511
1713,1712,M,25-34,other,21
1714,1713,M,25-34,technician/engineer,274
1715,1714,M,25-34,self-employed,46
1716,1715,M,25-34,other,195
1717,1716,F,50-55,doctor/health care,424
1718,1717,M,18-24,college/grad student,32
1719,1718,M,18-24,self-employed,26
1720,1719,M,18-24,college/grad student,46
1721,1720,M,18-24,unemployed,115
1722,1721,M,35-44,other,206
1723,1722,M,35-44,technician/engineer,146
1724,1723,M,18-24,college/grad student,159
1725,1724,M,18-24,unemployed,36
1726,1725,M,25-34,artist,382
1727,1726,M,35-44,self-employed,514
1728,1727,M,18-24,college/grad student,47
1729,1728,M,25-34,executive/managerial,58
1730,1729,F,18-24,college/grad student,24
1731,1730,F,18-24,other,68
1732,1731,M,18-24,college/grad student,34
1733,1732,M,18-24,sales/marketing,839
1734,1733,M,45-49,technician/engineer,74
1735,1734,M,18-24,writer,77
1736,1735,M,56+,farmer,195
1737,1736,M,35-44,writer,775
1738,1737,M,35-44,self-employed,67
1739,1738,M,56+,self-employed,78
1740,1739,M,56+,academic/educator,66
1741,1740,M,35-44,executive/managerial,660
1742,1741,M,25-34,scientist,47
1743,1742,M,35-44,technician/engineer,95
1744,1743,M,35-44,programmer,140
1745,1744,M,45-49,other,70
1746,1745,M,25-34,college/grad student,326
1747,1746,M,25-34,other,108
1748,1747,M,50-55,academic/educator,589
1749,1748,M,25-34,artist,562
1750,1749,M,50-55,customer service,73
1751,1750,M,35-44,writer,21
1752,1751,M,25-34,clerical/admin,434
1753,1752,M,35-44,doctor/health care,284
1754,1753,M,18-24,unemployed,29
1755,1754,F,18-24,college/grad student,368
1756,1755,F,25-34,academic/educator,49
1757,1756,M,25-34,college/grad student,385
1758,1757,F,25-34,other,430
1759,1758,M,25-34,self-employed,254
1760,1759,F,25-34,clerical/admin,66
1761,1760,M,35-44,other,113
1762,1761,M,25-34,sales/marketing,74
1763,1762,M,35-44,executive/managerial,26
1764,1763,M,18-24,other,613
1765,1764,M,18-24,college/grad student,106
1766,1765,F,45-49,other,26
1767,1766,M,25-34,writer,306
1768,1767,M,45-49,self-employed,142
1769,1768,M,25-34,technician/engineer,73
1770,1769,M,35-44,self-employed,89
1771,1770,M,25-34,technician/engineer,24
1772,1771,M,56+,artist,34
1773,1772,M,18-24,college/grad student,61
1774,1773,M,25-34,technician/engineer,40
1775,1774,M,25-34,college/grad student,155
1776,1775,M,25-34,other,422
1777,1776,M,25-34,writer,55
1778,1777,M,18-24,college/grad student,546
1779,1778,M,18-24,academic/educator,149
1780,1779,M,35-44,academic/educator,616
1781,1780,F,35-44,other,106
1782,1781,M,45-49,other,38
1783,1782,M,18-24,college/grad student,21
1784,1783,M,18-24,writer,52
1785,1784,M,18-24,college/grad student,54
1786,1785,M,45-49,academic/educator,53
1787,1786,M,18-24,farmer,28
1788,1787,M,45-49,artist,32
1789,1788,M,Under 18,K-12 student,58
1790,1789,M,25-34,other,339
1791,1790,M,18-24,college/grad student,145
1792,1791,F,25-34,artist,39
1793,1792,M,25-34,college/grad student,287
1794,1793,M,25-34,lawyer,453
1795,1794,M,18-24,technician/engineer,25
1796,1795,M,50-55,lawyer,176
1797,1796,M,35-44,executive/managerial,175
1798,1797,M,45-49,lawyer,67
1799,1798,M,35-44,lawyer,91
1800,1799,M,18-24,college/grad student,252
1801,1800,F,25-34,doctor/health care,21
1802,1801,M,18-24,college/grad student,211
1803,1802,M,25-34,artist,284
1804,1803,M,25-34,executive/managerial,116
1805,1804,M,18-24,college/grad student,174
1806,1805,M,18-24,college/grad student,214
1807,1806,M,18-24,technician/engineer,202
1808,1807,F,18-24,college/grad student,31
1809,1808,F,25-34,sales/marketing,56
1810,1809,M,50-55,retired,40
1811,1810,M,56+,artist,30
1812,1811,F,25-34,programmer,698
1813,1812,F,35-44,doctor/health care,22
1814,1813,M,50-55,executive/managerial,49
1815,1814,M,Under 18,academic/educator,39
1816,1815,F,35-44,homemaker,62
1817,1816,M,35-44,academic/educator,123
1818,1817,M,Under 18,farmer,43
1819,1818,F,35-44,programmer,116
1820,1819,M,25-34,writer,317
1821,1820,M,25-34,writer,27
1822,1821,F,25-34,other,67
1823,1822,F,35-44,academic/educator,28
1824,1823,F,18-24,college/grad student,159
1825,1824,M,25-34,executive/managerial,151
1826,1825,M,45-49,lawyer,57
1827,1826,F,25-34,academic/educator,49
1828,1827,M,18-24,college/grad student,143
1829,1828,M,25-34,self-employed,30
1830,1829,M,18-24,college/grad student,30
1831,1830,M,18-24,college/grad student,111
1832,1831,F,18-24,college/grad student,44
1833,1832,M,18-24,technician/engineer,100
1834,1833,M,35-44,customer service,65
1835,1834,M,25-34,unemployed,770
1836,1835,M,25-34,other,416
1837,1836,M,25-34,artist,782
1838,1837,M,35-44,executive/managerial,27
1839,1838,M,18-24,college/grad student,87
1840,1839,M,25-34,programmer,24
1841,1840,M,18-24,other,227
1842,1841,M,18-24,college/grad student,465
1843,1842,M,25-34,programmer,119
1844,1843,F,18-24,college/grad student,20
1845,1844,M,25-34,artist,220
1846,1845,M,45-49,programmer,61
1847,1846,M,18-24,college/grad student,41
1848,1847,M,35-44,customer service,22
1849,1848,M,35-44,executive/managerial,24
1850,1849,M,18-24,customer service,77
1851,1850,M,25-34,unemployed,504
1852,1851,M,25-34,programmer,54
1853,1852,M,50-55,other,157
1854,1853,M,25-34,other,246
1855,1854,M,18-24,college/grad student,83
1856,1855,M,56+,executive/managerial,134
1857,1856,M,Under 18,K-12 student,41
1858,1857,F,18-24,college/grad student,98
1859,1858,F,25-34,college/grad student,46
1860,1859,M,56+,self-employed,293
1861,1860,M,50-55,self-employed,460
1862,1861,M,50-55,sales/marketing,35
1863,1862,M,18-24,college/grad student,104
1864,1863,M,35-44,executive/managerial,23
1865,1864,F,18-24,academic/educator,334
1866,1865,M,25-34,executive/managerial,139
1867,1866,M,50-55,executive/managerial,54
1868,1867,M,50-55,lawyer,54
1869,1868,M,45-49,sales/marketing,48
1870,1869,M,56+,retired,158
1871,1870,F,45-49,academic/educator,117
1872,1871,M,50-55,writer,33
1873,1872,M,35-44,executive/managerial,198
1874,1873,M,45-49,executive/managerial,64
1875,1874,M,35-44,programmer,338
1876,1875,M,25-34,programmer,33
1877,1876,F,45-49,writer,147
1878,1877,M,Under 18,K-12 student,83
1879,1878,M,25-34,college/grad student,263
1880,1879,M,35-44,other,955
1881,1880,M,35-44,artist,57
1882,1881,M,35-44,self-employed,223
1883,1882,F,50-55,other,435
1884,1883,M,45-49,writer,707
1885,1884,M,50-55,technician/engineer,57
1886,1885,M,25-34,programmer,26
1887,1886,M,56+,scientist,125
1888,1887,M,35-44,programmer,34
1889,1888,M,18-24,sales/marketing,624
1890,1889,M,50-55,doctor/health care,202
1891,1890,M,45-49,academic/educator,279
1892,1891,M,25-34,writer,22
1893,1892,F,35-44,other,28
1894,1893,F,35-44,executive/managerial,172
1895,1894,M,35-44,sales/marketing,86
1896,1895,M,56+,retired,207
1897,1896,F,50-55,artist,657
1898,1897,M,25-34,programmer,26
1899,1898,F,45-49,doctor/health care,756
1900,1899,M,56+,programmer,40
1901,1900,M,50-55,executive/managerial,150
1902,1901,M,25-34,unemployed,258
1903,1902,M,35-44,other,197
1904,1903,M,18-24,academic/educator,352
1905,1904,F,35-44,writer,47
1906,1905,F,25-34,customer service,26
1907,1906,M,35-44,technician/engineer,24
1908,1907,M,56+,retired,208
1909,1908,M,18-24,college/grad student,57
1910,1909,M,Under 18,K-12 student,53
1911,1910,F,18-24,college/grad student,31
1912,1911,M,25-34,college/grad student,947
1913,1912,M,25-34,technician/engineer,44
1914,1913,F,35-44,sales/marketing,23
1915,1914,M,50-55,retired,38
1916,1915,M,45-49,executive/managerial,391
1917,1916,M,18-24,K-12 student,97
1918,1917,F,45-49,doctor/health care,23
1919,1918,M,Under 18,other,55
1920,1919,F,35-44,executive/managerial,601
1921,1920,M,56+,programmer,85
1922,1921,F,25-34,executive/managerial,429
1923,1922,M,35-44,executive/managerial,58
1924,1923,F,56+,doctor/health care,86
1925,1924,M,50-55,executive/managerial,305
1926,1925,F,Under 18,other,585
1927,1926,M,35-44,executive/managerial,22
1928,1927,M,Under 18,K-12 student,212
1929,1928,F,Under 18,K-12 student,27
1930,1929,M,25-34,scientist,324
1931,1930,M,25-34,artist,86
1932,1931,M,25-34,executive/managerial,78
1933,1932,M,18-24,unemployed,30
1934,1933,M,25-34,technician/engineer,59
1935,1934,M,Under 18,K-12 student,58
1936,1935,M,35-44,other,28
1937,1936,M,25-34,lawyer,295
1938,1937,F,25-34,artist,175
1939,1938,F,35-44,artist,221
1940,1939,M,25-34,programmer,64
1941,1940,M,35-44,technician/engineer,1595
1942,1941,M,35-44,customer service,59
1943,1942,M,18-24,college/grad student,680
1944,1943,F,18-24,college/grad student,68
1945,1944,M,25-34,writer,73
1946,1945,M,25-34,sales/marketing,78
1947,1946,M,25-34,executive/managerial,147
1948,1947,M,Under 18,K-12 student,174
1949,1948,M,18-24,technician/engineer,102
1950,1949,M,25-34,programmer,137
1951,1950,F,18-24,college/grad student,128
1952,1951,M,35-44,academic/educator,251
1953,1952,F,25-34,artist,34
1954,1953,M,25-34,self-employed,151
1955,1954,M,Under 18,unemployed,40
1956,1955,M,35-44,other,65
1957,1956,F,18-24,college/grad student,50
1958,1957,F,25-34,academic/educator,852
1959,1958,F,50-55,retired,61
1960,1959,M,45-49,executive/managerial,215
1961,1960,F,50-55,clerical/admin,89
1962,1961,F,18-24,academic/educator,533
1963,1962,F,50-55,homemaker,83
1964,1963,F,25-34,doctor/health care,22
1965,1964,M,56+,technician/engineer,64
1966,1965,M,25-34,writer,44
1967,1966,M,50-55,executive/managerial,24
1968,1967,M,25-34,lawyer,444
1969,1968,F,25-34,clerical/admin,517
1970,1969,M,50-55,retired,52
1971,1970,F,25-34,sales/marketing,33
1972,1971,M,45-49,technician/engineer,83
1973,1972,M,25-34,academic/educator,38
1974,1973,M,35-44,technician/engineer,518
1975,1974,M,18-24,college/grad student,49
1976,1975,M,35-44,customer service,123
1977,1976,M,56+,doctor/health care,67
1978,1977,M,Under 18,K-12 student,154
1979,1978,M,56+,technician/engineer,35
1980,1979,M,35-44,executive/managerial,1260
1981,1980,M,56+,academic/educator,67
1982,1981,M,Under 18,K-12 student,155
1983,1982,M,25-34,sales/marketing,546
1984,1983,M,18-24,K-12 student,283
1985,1984,M,45-49,programmer,160
1986,1985,M,50-55,retired,22
1987,1986,M,25-34,technician/engineer,47
1988,1987,F,25-34,academic/educator,629
1989,1988,M,50-55,doctor/health care,27
1990,1989,M,25-34,executive/managerial,35
1991,1990,M,25-34,writer,24
1992,1991,M,18-24,college/grad student,92
1993,1992,M,35-44,technician/engineer,20
1994,1993,M,35-44,artist,29
1995,1994,M,25-34,academic/educator,86
1996,1995,M,35-44,other,177
1997,1996,M,25-34,other,40
1998,1997,F,50-55,homemaker,356
1999,1998,F,35-44,clerical/admin,87
2000,1999,M,18-24,college/grad student,98
2001,2000,M,50-55,academic/educator,49
2002,2001,F,56+,retired,167
2003,2002,M,Under 18,K-12 student,61
2004,2003,M,45-49,unemployed,109
2005,2004,M,18-24,college/grad student,90
2006,2005,M,35-44,other,41
2007,2006,M,50-55,self-employed,40
2008,2007,M,25-34,clerical/admin,177
2009,2008,F,35-44,executive/managerial,54
2010,2009,M,18-24,college/grad student,733
2011,2010,F,35-44,clerical/admin,247
2012,2011,M,25-34,college/grad student,611
2013,2012,M,45-49,other,80
2014,2013,M,18-24,college/grad student,54
2015,2014,M,18-24,college/grad student,903
2016,2015,F,56+,artist,333
2017,2016,M,25-34,technician/engineer,119
2018,2017,M,35-44,self-employed,447
2019,2018,M,50-55,academic/educator,34
2020,2019,M,25-34,executive/managerial,471
2021,2020,M,25-34,other,149
2022,2021,M,25-34,executive/managerial,194
2023,2022,M,18-24,college/grad student,286
2024,2023,M,Under 18,unemployed,256
2025,2024,M,56+,retired,119
2026,2025,M,50-55,self-employed,218
2027,2026,F,25-34,homemaker,105
2028,2027,M,45-49,doctor/health care,27
2029,2028,F,25-34,programmer,227
2030,2029,M,25-34,college/grad student,582
2031,2030,M,35-44,writer,225
2032,2031,M,50-55,sales/marketing,63
2033,2032,F,45-49,writer,56
2034,2033,F,45-49,artist,37
2035,2034,F,18-24,other,171
2036,2035,F,25-34,sales/marketing,65
2037,2036,M,56+,sales/marketing,20
2038,2037,F,45-49,academic/educator,440
2039,2038,M,50-55,self-employed,121
2040,2039,F,25-34,executive/managerial,46
2041,2040,F,25-34,writer,556
2042,2041,M,Under 18,K-12 student,265
2043,2042,M,25-34,sales/marketing,91
2044,2043,F,45-49,other,25
2045,2044,F,Under 18,other,25
2046,2045,M,35-44,academic/educator,83
2047,2046,M,Under 18,K-12 student,289
2048,2047,M,50-55,doctor/health care,35
2049,2048,F,50-55,other,35
2050,2049,F,35-44,clerical/admin,260
2051,2050,M,35-44,executive/managerial,229
2052,2051,M,Under 18,K-12 student,30
2053,2052,M,45-49,lawyer,25
2054,2053,M,25-34,programmer,335
2055,2054,M,50-55,lawyer,138
2056,2055,M,25-34,college/grad student,256
2057,2056,M,35-44,academic/educator,65
2058,2057,F,56+,academic/educator,94
2059,2058,M,35-44,other,253
2060,2059,M,Under 18,academic/educator,261
2061,2060,M,56+,academic/educator,20
2062,2061,M,18-24,college/grad student,88
2063,2062,M,25-34,college/grad student,1323
2064,2063,M,35-44,academic/educator,247
2065,2064,M,25-34,doctor/health care,31
2066,2065,F,25-34,doctor/health care,29
2067,2066,M,50-55,self-employed,199
2068,2067,F,35-44,programmer,125
2069,2068,M,56+,scientist,75
2070,2069,F,35-44,doctor/health care,104
2071,2070,M,45-49,executive/managerial,238
2072,2071,F,50-55,programmer,205
2073,2072,F,18-24,college/grad student,645
2074,2073,M,18-24,college/grad student,36
2075,2074,F,25-34,college/grad student,43
2076,2075,M,18-24,college/grad student,83
2077,2076,M,18-24,other,684
2078,2077,M,18-24,college/grad student,102
2079,2078,M,Under 18,K-12 student,96
2080,2079,M,25-34,lawyer,32
2081,2080,M,18-24,technician/engineer,49
2082,2081,M,Under 18,unemployed,71
2083,2082,M,18-24,college/grad student,40
2084,2083,M,18-24,college/grad student,155
2085,2084,M,18-24,other,272
2086,2085,M,35-44,sales/marketing,30
2087,2086,M,25-34,other,53
2088,2087,M,50-55,executive/managerial,441
2089,2088,M,35-44,technician/engineer,95
2090,2089,M,35-44,technician/engineer,229
2091,2090,F,35-44,writer,147
2092,2091,M,56+,academic/educator,729
2093,2092,M,18-24,other,56
2094,2093,M,35-44,artist,71
2095,2094,M,56+,retired,75
2096,2095,F,25-34,technician/engineer,121
2097,2096,M,18-24,customer service,174
2098,2097,M,35-44,writer,373
2099,2098,F,18-24,other,36
2100,2099,F,25-34,other,308
2101,2100,M,25-34,self-employed,105
2102,2101,M,25-34,lawyer,530
2103,2102,M,35-44,programmer,89
2104,2103,M,45-49,scientist,53
2105,2104,M,25-34,academic/educator,517
2106,2105,F,18-24,writer,900
2107,2106,M,25-34,academic/educator,29
2108,2107,M,Under 18,K-12 student,22
2109,2108,M,25-34,self-employed,749
2110,2109,M,50-55,lawyer,221
2111,2110,M,56+,retired,20
2112,2111,F,45-49,programmer,50
2113,2112,M,25-34,doctor/health care,46
2114,2113,M,18-24,tradesman/craftsman,150
2115,2114,M,35-44,technician/engineer,58
2116,2115,M,18-24,college/grad student,971
2117,2116,M,56+,retired,46
2118,2117,M,25-34,sales/marketing,87
2119,2118,M,35-44,college/grad student,178
2120,2119,M,Under 18,other,164
2121,2120,M,56+,retired,191
2122,2121,M,35-44,programmer,208
2123,2122,F,35-44,other,35
2124,2123,M,25-34,other,628
2125,2124,M,35-44,clerical/admin,229
2126,2125,M,56+,sales/marketing,90
2127,2126,M,18-24,college/grad student,168
2128,2127,F,45-49,academic/educator,20
2129,2128,M,25-34,customer service,357
2130,2129,M,45-49,other,67
2131,2130,M,25-34,other,321
2132,2131,M,56+,sales/marketing,69
2133,2132,F,Under 18,K-12 student,20
2134,2133,M,18-24,K-12 student,59
2135,2134,M,50-55,academic/educator,26
2136,2135,M,35-44,tradesman/craftsman,160
2137,2136,F,Under 18,K-12 student,69
2138,2137,F,18-24,college/grad student,60
2139,2138,F,50-55,clerical/admin,53
2140,2139,M,45-49,sales/marketing,206
2141,2140,F,50-55,self-employed,25
2142,2141,F,45-49,sales/marketing,77
2143,2142,M,18-24,college/grad student,112
2144,2143,M,18-24,other,101
2145,2144,M,18-24,K-12 student,219
2146,2145,M,18-24,artist,102
2147,2146,F,18-24,other,96
2148,2147,F,18-24,other,255
2149,2148,M,25-34,other,53
2150,2149,F,18-24,college/grad student,34
2151,2150,M,56+,retired,38
2152,2151,M,18-24,college/grad student,23
2153,2152,M,18-24,self-employed,353
2154,2153,M,25-34,programmer,45
2155,2154,F,Under 18,K-12 student,71
2156,2155,M,18-24,unemployed,315
2157,2156,F,18-24,clerical/admin,148
2158,2157,M,25-34,programmer,113
2159,2158,F,50-55,sales/marketing,34
2160,2159,F,18-24,unemployed,20
2161,2160,F,35-44,artist,120
2162,2161,F,Under 18,K-12 student,182
2163,2162,M,18-24,other,96
2164,2163,M,35-44,other,471
2165,2164,M,25-34,executive/managerial,225
2166,2165,M,Under 18,K-12 student,213
2167,2166,F,25-34,doctor/health care,222
2168,2167,M,Under 18,K-12 student,365
2169,2168,M,Under 18,other,37
2170,2169,F,50-55,self-employed,126
2171,2170,M,35-44,other,101
2172,2171,M,18-24,writer,451
2173,2172,M,50-55,retired,297
2174,2173,M,50-55,programmer,178
2175,2174,M,25-34,college/grad student,169
2176,2175,M,Under 18,unemployed,179
2177,2176,F,35-44,writer,203
2178,2177,M,45-49,sales/marketing,174
2179,2178,F,25-34,other,146
2180,2179,M,25-34,programmer,409
2181,2180,M,25-34,other,915
2182,2181,F,25-34,college/grad student,24
2183,2182,F,56+,academic/educator,35
2184,2183,M,18-24,college/grad student,30
2185,2184,M,45-49,technician/engineer,293
2186,2185,M,18-24,customer service,292
2187,2186,M,45-49,self-employed,137
2188,2187,F,18-24,unemployed,405
2189,2188,M,Under 18,K-12 student,35
2190,2189,F,25-34,scientist,130
2191,2190,M,18-24,college/grad student,38
2192,2191,F,25-34,other,121
2193,2192,M,Under 18,K-12 student,27
2194,2193,M,25-34,technician/engineer,107
2195,2194,M,Under 18,K-12 student,258
2196,2195,M,25-34,programmer,36
2197,2196,F,25-34,academic/educator,56
2198,2197,F,35-44,homemaker,67
2199,2198,M,Under 18,K-12 student,129
2200,2199,M,35-44,academic/educator,76
2201,2200,M,56+,writer,65
2202,2201,F,Under 18,K-12 student,71
2203,2202,M,45-49,programmer,539
2204,2203,M,56+,clerical/admin,33
2205,2204,F,25-34,executive/managerial,509
2206,2205,M,45-49,executive/managerial,156
2207,2206,M,18-24,college/grad student,21
2208,2207,M,25-34,other,265
2209,2208,M,35-44,executive/managerial,23
2210,2209,M,45-49,technician/engineer,29
2211,2210,M,45-49,doctor/health care,298
2212,2211,M,18-24,college/grad student,100
2213,2212,F,25-34,other,39
2214,2213,F,25-34,academic/educator,81
2215,2214,F,25-34,other,187
2216,2215,F,25-34,writer,52
2217,2216,M,Under 18,K-12 student,40
2218,2217,M,35-44,technician/engineer,34
2219,2218,M,25-34,doctor/health care,210
2220,2219,F,50-55,clerical/admin,29
2221,2220,M,56+,technician/engineer,162
2222,2221,F,45-49,academic/educator,219
2223,2222,M,25-34,artist,528
2224,2223,M,25-34,programmer,38
2225,2224,M,25-34,customer service,399
2226,2225,F,25-34,executive/managerial,52
2227,2226,M,50-55,sales/marketing,48
2228,2227,M,25-34,programmer,61
2229,2228,M,45-49,other,39
2230,2229,F,45-49,academic/educator,233
2231,2230,M,50-55,lawyer,436
2232,2231,M,25-34,sales/marketing,318
2233,2232,F,35-44,clerical/admin,207
2234,2233,M,56+,academic/educator,21
2235,2234,M,Under 18,K-12 student,142
2236,2235,M,Under 18,K-12 student,95
2237,2236,F,35-44,doctor/health care,442
2238,2237,F,25-34,college/grad student,88
2239,2238,M,18-24,K-12 student,119
2240,2239,M,45-49,programmer,99
2241,2240,M,45-49,customer service,128
2242,2241,M,18-24,college/grad student,332
2243,2242,M,45-49,artist,60
2244,2243,M,Under 18,K-12 student,429
2245,2244,M,Under 18,K-12 student,51
2246,2245,M,25-34,other,172
2247,2246,M,45-49,artist,257
2248,2247,F,35-44,programmer,107
2249,2248,M,25-34,customer service,70
2250,2249,M,18-24,unemployed,67
2251,2250,M,35-44,sales/marketing,413
2252,2251,F,18-24,academic/educator,23
2253,2252,F,50-55,other,31
2254,2253,M,35-44,customer service,84
2255,2254,F,35-44,doctor/health care,175
2256,2255,F,45-49,scientist,68
2257,2256,F,18-24,college/grad student,35
2258,2257,F,18-24,college/grad student,358
2259,2258,F,56+,self-employed,229
2260,2259,F,25-34,writer,25
2261,2260,M,25-34,customer service,242
2262,2261,M,45-49,technician/engineer,133
2263,2262,M,25-34,doctor/health care,236
2264,2263,F,45-49,executive/managerial,300
2265,2264,M,56+,retired,232
2266,2265,F,50-55,artist,101
2267,2266,F,56+,retired,53
2268,2267,F,35-44,academic/educator,23
2269,2268,F,45-49,other,25
2270,2269,M,18-24,academic/educator,103
2271,2270,M,50-55,sales/marketing,329
2272,2271,M,25-34,other,127
2273,2272,M,25-34,doctor/health care,71
2274,2273,M,18-24,artist,40
2275,2274,M,56+,executive/managerial,37
2276,2275,M,56+,retired,108
2277,2276,F,45-49,homemaker,28
2278,2277,M,50-55,technician/engineer,67
2279,2278,M,50-55,executive/managerial,420
2280,2279,M,56+,doctor/health care,76
2281,2280,M,45-49,lawyer,77
2282,2281,M,50-55,artist,188
2283,2282,M,35-44,tradesman/craftsman,43
2284,2283,M,25-34,writer,52
2285,2284,F,Under 18,K-12 student,52
2286,2285,M,35-44,technician/engineer,45
2287,2286,M,56+,other,27
2288,2287,M,Under 18,K-12 student,535
2289,2288,F,50-55,academic/educator,37
2290,2289,M,25-34,other,165
2291,2290,M,45-49,academic/educator,41
2292,2291,M,50-55,scientist,20
2293,2292,F,56+,clerical/admin,283
2294,2293,M,56+,retired,62
2295,2294,M,45-49,lawyer,22
2296,2295,F,25-34,doctor/health care,28
2297,2296,M,56+,retired,42
2298,2297,M,35-44,technician/engineer,120
2299,2298,F,18-24,K-12 student,75
2300,2299,M,56+,retired,52
2301,2300,F,25-34,programmer,52
2302,2301,M,50-55,programmer,199
2303,2302,M,50-55,technician/engineer,308
2304,2303,M,45-49,programmer,873
2305,2304,M,50-55,writer,77
2306,2305,F,18-24,college/grad student,71
2307,2306,M,25-34,technician/engineer,145
2308,2307,F,45-49,self-employed,63
2309,2308,F,45-49,other,173
2310,2309,M,45-49,programmer,101
2311,2310,F,25-34,college/grad student,23
2312,2311,M,45-49,other,35
2313,2312,F,50-55,doctor/health care,43
2314,2313,F,25-34,academic/educator,35
2315,2314,M,56+,executive/managerial,44
2316,2315,M,35-44,other,153
2317,2316,F,45-49,homemaker,61
2318,2317,M,56+,executive/managerial,69
2319,2318,M,35-44,executive/managerial,62
2320,2319,F,50-55,academic/educator,100
2321,2320,M,25-34,executive/managerial,111
2322,2321,F,56+,retired,66
2323,2322,M,35-44,clerical/admin,269
2324,2323,M,35-44,technician/engineer,89
2325,2324,F,18-24,college/grad student,28
2326,2325,M,18-24,college/grad student,56
2327,2326,M,18-24,K-12 student,59
2328,2327,M,56+,executive/managerial,41
2329,2328,F,56+,scientist,40
2330,2329,M,45-49,executive/managerial,120
2331,2330,M,56+,academic/educator,70
2332,2331,M,56+,sales/marketing,46
2333,2332,M,50-55,doctor/health care,62
2334,2333,F,56+,executive/managerial,333
2335,2334,M,50-55,technician/engineer,96
2336,2335,M,35-44,tradesman/craftsman,21
2337,2336,M,35-44,technician/engineer,55
2338,2337,M,45-49,technician/engineer,187
2339,2338,F,56+,clerical/admin,23
2340,2339,M,35-44,artist,399
2341,2340,M,56+,academic/educator,57
2342,2341,M,35-44,clerical/admin,77
2343,2342,F,45-49,academic/educator,36
2344,2343,M,25-34,programmer,188
2345,2344,M,35-44,self-employed,23
2346,2345,F,Under 18,K-12 student,69
2347,2346,M,35-44,academic/educator,23
2348,2347,M,50-55,programmer,206
2349,2348,M,25-34,farmer,117
2350,2349,M,18-24,college/grad student,116
2351,2350,F,25-34,other,143
2352,2351,M,50-55,retired,119
2353,2352,F,35-44,homemaker,197
2354,2353,M,35-44,lawyer,65
2355,2354,F,45-49,homemaker,141
2356,2355,F,50-55,self-employed,24
2357,2356,F,35-44,sales/marketing,29
2358,2357,F,56+,doctor/health care,35
2359,2358,M,56+,retired,59
2360,2359,M,50-55,doctor/health care,37
2361,2360,M,56+,executive/managerial,49
2362,2361,M,25-34,sales/marketing,49
2363,2362,M,50-55,sales/marketing,31
2364,2363,F,56+,homemaker,29
2365,2364,M,50-55,executive/managerial,47
2366,2365,F,45-49,self-employed,41
2367,2366,F,25-34,homemaker,53
2368,2367,F,56+,retired,232
2369,2368,M,35-44,sales/marketing,29
2370,2369,M,50-55,academic/educator,76
2371,2370,F,35-44,executive/managerial,81
2372,2371,F,45-49,executive/managerial,71
2373,2372,M,45-49,executive/managerial,21
2374,2373,M,25-34,sales/marketing,159
2375,2374,F,50-55,executive/managerial,27
2376,2375,M,25-34,academic/educator,494
2377,2376,M,35-44,other,36
2378,2377,M,25-34,clerical/admin,261
2379,2378,M,18-24,tradesman/craftsman,26
2380,2379,M,25-34,college/grad student,406
2381,2380,F,35-44,homemaker,20
2382,2381,M,50-55,retired,61
2383,2382,F,25-34,sales/marketing,456
2384,2383,M,35-44,technician/engineer,31
2385,2384,F,45-49,artist,23
2386,2385,F,25-34,other,71
2387,2386,M,25-34,technician/engineer,62
2388,2387,M,56+,customer service,22
2389,2388,M,25-34,self-employed,299
2390,2389,F,25-34,doctor/health care,76
2391,2390,M,50-55,tradesman/craftsman,71
2392,2391,F,56+,clerical/admin,43
2393,2392,M,56+,retired,145
2394,2393,M,35-44,doctor/health care,71
2395,2394,M,35-44,executive/managerial,224
2396,2395,F,18-24,other,36
2397,2396,F,35-44,lawyer,60
2398,2397,M,25-34,other,116
2399,2398,M,35-44,technician/engineer,22
2400,2399,F,25-34,self-employed,53
2401,2400,M,25-34,college/grad student,50
2402,2401,M,45-49,technician/engineer,529
2403,2402,M,18-24,college/grad student,180
2404,2403,M,18-24,executive/managerial,95
2405,2404,M,50-55,farmer,59
2406,2405,F,56+,programmer,100
2407,2406,M,35-44,self-employed,152
2408,2407,F,45-49,academic/educator,69
2409,2408,F,35-44,homemaker,134
2410,2409,M,56+,executive/managerial,114
2411,2410,F,35-44,sales/marketing,326
2412,2411,M,56+,retired,30
2413,2412,F,56+,executive/managerial,27
2414,2413,M,25-34,academic/educator,232
2415,2414,M,25-34,executive/managerial,36
2416,2415,M,45-49,executive/managerial,47
2417,2416,M,45-49,academic/educator,29
2418,2417,F,Under 18,K-12 student,57
2419,2418,M,25-34,other,528
2420,2419,M,50-55,executive/managerial,47
2421,2420,M,35-44,executive/managerial,61
2422,2421,F,50-55,homemaker,21
2423,2422,F,45-49,homemaker,75
2424,2423,M,25-34,technician/engineer,147
2425,2424,F,35-44,sales/marketing,58
2426,2425,M,56+,other,36
2427,2426,F,25-34,sales/marketing,121
2428,2427,M,45-49,technician/engineer,83
2429,2428,M,25-34,artist,125
2430,2429,M,25-34,college/grad student,42
2431,2430,F,25-34,college/grad student,26
2432,2431,M,25-34,college/grad student,35
2433,2432,M,25-34,college/grad student,34
2434,2433,M,25-34,college/grad student,24
2435,2434,M,25-34,college/grad student,117
2436,2435,M,25-34,executive/managerial,427
2437,2436,M,25-34,college/grad student,42
2438,2437,M,35-44,academic/educator,200
2439,2438,M,45-49,technician/engineer,90
2440,2439,M,50-55,technician/engineer,23
2441,2440,F,45-49,doctor/health care,27
2442,2441,M,35-44,technician/engineer,29
2443,2442,F,35-44,other,26
2444,2443,F,45-49,college/grad student,105
2445,2444,M,25-34,other,244
2446,2445,M,18-24,executive/managerial,421
2447,2446,M,25-34,sales/marketing,57
2448,2447,M,35-44,doctor/health care,73
2449,2448,M,56+,retired,26
2450,2449,M,45-49,self-employed,27
2451,2450,M,45-49,programmer,159
2452,2451,M,45-49,executive/managerial,52
2453,2452,M,25-34,executive/managerial,629
2454,2453,M,18-24,other,301
2455,2454,M,35-44,executive/managerial,192
2456,2455,M,25-34,customer service,366
2457,2456,M,25-34,other,499
2458,2457,M,25-34,executive/managerial,165
2459,2458,M,50-55,executive/managerial,123
2460,2459,F,50-55,academic/educator,51
2461,2460,M,18-24,college/grad student,104
2462,2461,M,35-44,academic/educator,254
2463,2462,M,25-34,executive/managerial,105
2464,2463,F,18-24,college/grad student,35
2465,2464,M,50-55,doctor/health care,235
2466,2465,M,25-34,scientist,203
2467,2466,M,Under 18,K-12 student,22
2468,2467,M,50-55,academic/educator,125
2469,2468,M,25-34,college/grad student,58
2470,2469,M,35-44,tradesman/craftsman,23
2471,2470,M,50-55,retired,37
2472,2471,M,25-34,tradesman/craftsman,290
2473,2472,M,25-34,programmer,38
2474,2473,M,25-34,programmer,32
2475,2474,F,25-34,tradesman/craftsman,37
2476,2475,M,50-55,programmer,61
2477,2476,M,45-49,other,61
2478,2477,M,50-55,academic/educator,287
2479,2478,F,25-34,academic/educator,33
2480,2479,F,18-24,writer,45
2481,2480,M,35-44,sales/marketing,132
2482,2481,F,50-55,clerical/admin,38
2483,2482,M,56+,retired,70
2484,2483,M,45-49,customer service,547
2485,2484,M,35-44,sales/marketing,246
2486,2485,M,18-24,programmer,154
2487,2486,M,45-49,executive/managerial,37
2488,2487,F,45-49,artist,20
2489,2488,F,35-44,homemaker,397
2490,2489,M,25-34,programmer,22
2491,2490,M,35-44,executive/managerial,114
2492,2491,F,45-49,artist,89
2493,2492,M,45-49,artist,86
2494,2493,M,18-24,college/grad student,38
2495,2494,F,18-24,college/grad student,39
2496,2495,M,50-55,academic/educator,511
2497,2496,F,50-55,sales/marketing,121
2498,2497,M,56+,tradesman/craftsman,154
2499,2498,M,50-55,other,47
2500,2499,M,56+,academic/educator,140
2501,2500,M,25-34,scientist,85
2502,2501,M,56+,retired,21
2503,2502,M,35-44,technician/engineer,200
2504,2503,M,25-34,executive/managerial,301
2505,2504,M,25-34,executive/managerial,32
2506,2505,F,25-34,sales/marketing,251
2507,2506,M,25-34,college/grad student,859
2508,2507,F,35-44,clerical/admin,60
2509,2508,M,25-34,customer service,41
2510,2509,M,25-34,executive/managerial,43
2511,2510,M,25-34,executive/managerial,29
2512,2511,F,45-49,sales/marketing,31
2513,2512,M,56+,academic/educator,66
2514,2513,M,56+,sales/marketing,31
2515,2514,M,45-49,programmer,51
2516,2515,F,45-49,doctor/health care,22
2517,2516,F,35-44,homemaker,50
2518,2517,M,25-34,executive/managerial,42
2519,2518,F,45-49,artist,47
2520,2519,F,56+,artist,48
2521,2520,M,35-44,technician/engineer,54
2522,2521,M,18-24,lawyer,74
2523,2522,M,25-34,technician/engineer,130
2524,2523,F,56+,homemaker,26
2525,2524,F,35-44,academic/educator,59
2526,2525,M,56+,retired,263
2527,2526,M,35-44,scientist,21
2528,2527,M,56+,other,62
2529,2528,F,35-44,homemaker,812
2530,2529,M,18-24,other,20
2531,2530,F,45-49,executive/managerial,31
2532,2531,F,56+,retired,31
2533,2532,F,25-34,clerical/admin,131
2534,2533,F,50-55,doctor/health care,38
2535,2534,F,56+,artist,66
2536,2535,M,56+,retired,57
2537,2536,M,35-44,lawyer,554
2538,2537,M,56+,retired,25
2539,2538,M,35-44,executive/managerial,41
2540,2539,F,45-49,doctor/health care,223
2541,2540,F,35-44,customer service,256
2542,2541,F,45-49,retired,25
2543,2542,F,35-44,other,24
2544,2543,M,45-49,academic/educator,729
2545,2544,M,56+,retired,51
2546,2545,F,56+,retired,118
2547,2546,F,35-44,other,139
2548,2547,F,35-44,doctor/health care,43
2549,2548,M,56+,retired,23
2550,2549,M,50-55,executive/managerial,94
2551,2550,M,25-34,programmer,76
2552,2551,F,25-34,homemaker,80
2553,2552,M,25-34,executive/managerial,23
2554,2553,M,25-34,academic/educator,42
2555,2554,M,56+,executive/managerial,158
2556,2555,M,25-34,college/grad student,47
2557,2556,F,18-24,unemployed,74
2558,2557,M,56+,technician/engineer,48
2559,2558,M,18-24,K-12 student,195
2560,2559,F,45-49,doctor/health care,40
2561,2560,M,25-34,scientist,77
2562,2561,M,18-24,other,171
2563,2562,M,45-49,retired,27
2564,2563,F,35-44,writer,120
2565,2564,M,35-44,customer service,300
2566,2565,M,35-44,technician/engineer,264
2567,2566,M,25-34,other,336
2568,2567,M,25-34,technician/engineer,33
2569,2568,M,45-49,other,46
2570,2569,F,56+,sales/marketing,80
2571,2570,M,35-44,technician/engineer,68
2572,2571,M,35-44,sales/marketing,151
2573,2572,M,45-49,self-employed,97
2574,2573,M,50-55,doctor/health care,33
2575,2574,M,35-44,executive/managerial,169
2576,2575,M,18-24,technician/engineer,276
2577,2576,M,25-34,executive/managerial,52
2578,2577,M,50-55,executive/managerial,35
2579,2578,M,35-44,scientist,68
2580,2579,F,45-49,academic/educator,74
2581,2580,M,25-34,lawyer,403
2582,2581,F,25-34,academic/educator,22
2583,2582,M,35-44,executive/managerial,331
2584,2583,F,56+,academic/educator,20
2585,2584,M,45-49,scientist,109
2586,2585,M,25-34,writer,49
2587,2586,M,35-44,executive/managerial,31
2588,2587,F,56+,retired,41
2589,2588,M,25-34,other,212
2590,2589,M,18-24,college/grad student,357
2591,2590,M,18-24,academic/educator,41
2592,2591,M,50-55,executive/managerial,442
2593,2592,M,56+,self-employed,136
2594,2593,M,35-44,executive/managerial,94
2595,2594,M,18-24,college/grad student,159
2596,2595,M,50-55,executive/managerial,41
2597,2596,F,50-55,other,65
2598,2597,M,25-34,technician/engineer,27
2599,2598,M,25-34,programmer,229
2600,2599,M,25-34,sales/marketing,91
2601,2600,M,35-44,self-employed,29
2602,2601,M,45-49,programmer,29
2603,2602,M,25-34,technician/engineer,43
2604,2603,M,25-34,other,68
2605,2604,M,35-44,executive/managerial,188
2606,2605,M,50-55,executive/managerial,50
2607,2606,F,56+,other,62
2608,2607,F,25-34,academic/educator,228
2609,2608,F,50-55,programmer,202
2610,2609,M,45-49,executive/managerial,46
2611,2610,M,25-34,clerical/admin,429
2612,2611,F,45-49,clerical/admin,43
2613,2612,M,35-44,academic/educator,22
2614,2613,M,25-34,executive/managerial,30
2615,2614,M,25-34,executive/managerial,61
2616,2615,M,35-44,executive/managerial,50
2617,2616,F,45-49,scientist,82
2618,2617,F,18-24,college/grad student,25
2619,2618,M,35-44,programmer,93
2620,2619,M,18-24,college/grad student,156
2621,2620,M,18-24,other,315
2622,2621,F,35-44,doctor/health care,37
2623,2622,M,56+,academic/educator,54
2624,2623,F,35-44,other,306
2625,2624,M,35-44,executive/managerial,142
2626,2625,M,56+,academic/educator,22
2627,2626,M,25-34,academic/educator,485
2628,2627,F,25-34,artist,203
2629,2628,M,25-34,lawyer,272
2630,2629,F,18-24,customer service,54
2631,2630,F,50-55,academic/educator,89
2632,2631,M,56+,other,41
2633,2632,F,35-44,homemaker,37
2634,2633,M,56+,academic/educator,278
2635,2634,M,35-44,other,59
2636,2635,M,18-24,programmer,63
2637,2636,F,35-44,writer,56
2638,2637,M,25-34,sales/marketing,521
2639,2638,F,25-34,doctor/health care,33
2640,2639,M,35-44,programmer,21
2641,2640,M,25-34,doctor/health care,318
2642,2641,M,25-34,other,71
2643,2642,M,45-49,technician/engineer,454
2644,2643,M,18-24,scientist,21
2645,2644,M,25-34,executive/managerial,282
2646,2645,M,45-49,technician/engineer,23
2647,2646,F,35-44,lawyer,24
2648,2647,M,25-34,technician/engineer,107
2649,2648,M,25-34,self-employed,215
2650,2649,M,45-49,executive/managerial,49
2651,2650,M,56+,sales/marketing,116
2652,2651,M,35-44,writer,41
2653,2652,M,25-34,executive/managerial,29
2654,2653,F,35-44,homemaker,100
2655,2654,M,35-44,executive/managerial,76
2656,2655,M,56+,retired,132
2657,2656,F,Under 18,K-12 student,22
2658,2657,M,25-34,executive/managerial,31
2659,2658,M,35-44,sales/marketing,161
2660,2659,M,56+,technician/engineer,47
2661,2660,M,56+,retired,98
2662,2661,M,25-34,technician/engineer,42
2663,2662,F,25-34,college/grad student,156
2664,2663,M,35-44,executive/managerial,367
2665,2664,M,35-44,lawyer,828
2666,2665,M,45-49,self-employed,94
2667,2666,F,35-44,doctor/health care,32
2668,2667,F,25-34,college/grad student,218
2669,2668,M,45-49,other,115
2670,2669,M,35-44,doctor/health care,282
2671,2670,F,35-44,programmer,23
2672,2671,M,35-44,executive/managerial,54
2673,2672,M,35-44,executive/managerial,20
2674,2673,M,25-34,college/grad student,119
2675,2674,M,35-44,tradesman/craftsman,44
2676,2675,M,56+,writer,229
2677,2676,F,35-44,executive/managerial,38
2678,2677,M,25-34,doctor/health care,42
2679,2678,F,18-24,college/grad student,342
2680,2679,M,25-34,programmer,214
2681,2680,F,25-34,college/grad student,223
2682,2681,M,18-24,college/grad student,110
2683,2682,M,35-44,executive/managerial,257
2684,2683,F,18-24,other,219
2685,2684,M,45-49,executive/managerial,196
2686,2685,M,25-34,other,21
2687,2686,M,Under 18,K-12 student,23
2688,2687,M,25-34,technician/engineer,135
2689,2688,M,25-34,programmer,101
2690,2689,M,25-34,executive/managerial,23
2691,2690,M,18-24,college/grad student,241
2692,2691,F,18-24,college/grad student,134
2693,2692,M,56+,retired,136
2694,2693,M,18-24,college/grad student,72
2695,2694,M,35-44,lawyer,63
2696,2695,M,25-34,executive/managerial,20
2697,2696,F,50-55,technician/engineer,34
2698,2697,F,25-34,artist,43
2699,2698,F,56+,retired,100
2700,2699,M,25-34,executive/managerial,294
2701,2700,M,45-49,academic/educator,114
2702,2701,M,45-49,doctor/health care,41
2703,2702,M,35-44,lawyer,92
2704,2703,M,56+,retired,48
2705,2704,M,25-34,academic/educator,22
2706,2705,F,25-34,academic/educator,25
2707,2706,M,56+,retired,23
2708,2707,M,25-34,executive/managerial,37
2709,2708,F,25-34,other,32
2710,2709,M,35-44,technician/engineer,30
2711,2710,F,25-34,college/grad student,38
2712,2711,F,18-24,unemployed,68
2713,2712,M,25-34,executive/managerial,25
2714,2713,M,18-24,college/grad student,20
2715,2714,F,50-55,college/grad student,78
2716,2715,F,50-55,college/grad student,24
2717,2716,M,25-34,college/grad student,25
2718,2717,F,25-34,college/grad student,117
2719,2718,M,25-34,programmer,117
2720,2719,M,35-44,other,38
2721,2720,M,45-49,sales/marketing,34
2722,2721,M,35-44,executive/managerial,23
2723,2722,F,25-34,homemaker,84
2724,2723,F,45-49,artist,205
2725,2724,M,35-44,executive/managerial,35
2726,2725,M,45-49,lawyer,84
2727,2726,M,25-34,lawyer,88
2728,2727,M,35-44,programmer,67
2729,2728,M,50-55,executive/managerial,23
2730,2729,M,35-44,lawyer,157
2731,2730,M,35-44,executive/managerial,280
2732,2731,M,45-49,technician/engineer,45
2733,2732,M,45-49,technician/engineer,99
2734,2733,F,18-24,college/grad student,121
2735,2734,M,25-34,executive/managerial,24
2736,2735,M,45-49,programmer,101
2737,2736,M,25-34,clerical/admin,399
2738,2737,F,50-55,artist,105
2739,2738,F,35-44,executive/managerial,32
2740,2739,M,45-49,technician/engineer,145
2741,2740,M,25-34,sales/marketing,35
2742,2741,M,25-34,technician/engineer,108
2743,2742,M,25-34,sales/marketing,439
2744,2743,M,18-24,technician/engineer,138
2745,2744,F,35-44,academic/educator,197
2746,2745,M,50-55,sales/marketing,57
2747,2746,F,18-24,college/grad student,139
2748,2747,M,25-34,college/grad student,326
2749,2748,M,25-34,programmer,90
2750,2749,F,25-34,scientist,200
2751,2750,F,25-34,self-employed,178
2752,2751,M,25-34,scientist,378
2753,2752,F,50-55,writer,505
2754,2753,M,50-55,programmer,100
2755,2754,M,35-44,executive/managerial,23
2756,2755,M,18-24,college/grad student,239
2757,2756,M,25-34,artist,129
2758,2757,M,56+,farmer,29
2759,2758,M,25-34,executive/managerial,20
2760,2759,M,56+,other,68
2761,2760,M,35-44,doctor/health care,483
2762,2761,M,50-55,self-employed,47
2763,2762,F,18-24,college/grad student,25
2764,2763,M,25-34,executive/managerial,354
2765,2764,M,50-55,executive/managerial,211
2766,2765,M,45-49,executive/managerial,102
2767,2766,M,25-34,other,26
2768,2767,M,25-34,technician/engineer,80
2769,2768,M,25-34,executive/managerial,146
2770,2769,M,35-44,academic/educator,47
2771,2770,M,18-24,academic/educator,287
2772,2771,M,35-44,technician/engineer,178
2773,2772,M,35-44,artist,83
2774,2773,M,25-34,academic/educator,277
2775,2774,F,18-24,college/grad student,29
2776,2775,M,25-34,sales/marketing,350
2777,2776,M,18-24,college/grad student,875
2778,2777,M,56+,retired,106
2779,2778,M,35-44,executive/managerial,171
2780,2779,M,25-34,technician/engineer,40
2781,2780,M,35-44,college/grad student,284
2782,2781,F,18-24,college/grad student,60
2783,2782,M,45-49,technician/engineer,54
2784,2783,M,50-55,writer,158
2785,2784,M,56+,retired,163
2786,2785,M,25-34,college/grad student,298
2787,2786,M,25-34,college/grad student,138
2788,2787,M,56+,academic/educator,124
2789,2788,M,18-24,college/grad student,94
2790,2789,M,25-34,writer,122
2791,2790,M,56+,executive/managerial,48
2792,2791,M,18-24,college/grad student,191
2793,2792,M,35-44,executive/managerial,789
2794,2793,M,25-34,artist,143
2795,2794,M,50-55,retired,100
2796,2795,M,25-34,sales/marketing,404
2797,2796,F,25-34,executive/managerial,48
2798,2797,M,35-44,writer,77
2799,2798,M,18-24,other,23
2800,2799,F,18-24,college/grad student,91
2801,2800,F,25-34,clerical/admin,101
2802,2801,M,35-44,writer,80
2803,2802,M,25-34,executive/managerial,111
2804,2803,F,35-44,other,171
2805,2804,M,56+,unemployed,88
2806,2805,M,Under 18,K-12 student,79
2807,2806,F,35-44,lawyer,335
2808,2807,M,56+,self-employed,139
2809,2808,M,25-34,executive/managerial,109
2810,2809,F,Under 18,K-12 student,401
2811,2810,M,25-34,unemployed,81
2812,2811,M,25-34,technician/engineer,121
2813,2812,M,25-34,writer,23
2814,2813,M,35-44,executive/managerial,170
2815,2814,M,35-44,technician/engineer,55
2816,2815,M,25-34,executive/managerial,22
2817,2816,M,35-44,programmer,82
2818,2817,M,25-34,programmer,293
2819,2818,M,45-49,sales/marketing,20
2820,2819,F,35-44,other,894
2821,2820,M,18-24,writer,30
2822,2821,M,50-55,executive/managerial,62
2823,2822,M,25-34,college/grad student,47
2824,2823,M,18-24,college/grad student,248
2825,2824,F,25-34,writer,221
2826,2825,M,35-44,programmer,264
2827,2826,M,25-34,technician/engineer,33
2828,2827,M,18-24,college/grad student,58
2829,2828,M,45-49,writer,38
2830,2829,M,35-44,executive/managerial,85
2831,2830,M,25-34,other,36
2832,2831,M,25-34,technician/engineer,157
2833,2832,M,25-34,scientist,53
2834,2833,M,35-44,academic/educator,22
2835,2834,M,35-44,writer,38
2836,2835,M,25-34,programmer,22
2837,2836,M,18-24,other,235
2838,2837,M,18-24,academic/educator,39
2839,2838,M,25-34,technician/engineer,35
2840,2839,M,25-34,other,350
2841,2840,M,50-55,programmer,445
2842,2841,M,35-44,technician/engineer,89
2843,2842,F,25-34,college/grad student,39
2844,2843,M,25-34,writer,108
2845,2844,M,25-34,college/grad student,54
2846,2845,F,18-24,college/grad student,102
2847,2846,M,18-24,college/grad student,396
2848,2847,M,25-34,other,220
2849,2848,M,45-49,lawyer,155
2850,2849,M,18-24,writer,43
2851,2850,F,25-34,executive/managerial,33
2852,2851,M,25-34,programmer,135
2853,2852,M,Under 18,academic/educator,89
2854,2853,F,18-24,college/grad student,414
2855,2854,M,25-34,college/grad student,73
2856,2855,M,35-44,lawyer,52
2857,2856,M,25-34,other,795
2858,2857,F,Under 18,K-12 student,73
2859,2858,M,18-24,academic/educator,133
2860,2859,M,35-44,technician/engineer,508
2861,2860,M,25-34,scientist,46
2862,2861,M,45-49,executive/managerial,86
2863,2862,F,25-34,artist,117
2864,2863,F,35-44,clerical/admin,52
2865,2864,F,25-34,doctor/health care,92
2866,2865,M,25-34,executive/managerial,205
2867,2866,M,45-49,technician/engineer,28
2868,2867,M,35-44,programmer,191
2869,2868,M,50-55,technician/engineer,33
2870,2869,M,50-55,tradesman/craftsman,143
2871,2870,F,25-34,sales/marketing,28
2872,2871,M,25-34,writer,423
2873,2872,F,18-24,college/grad student,233
2874,2873,F,35-44,writer,103
2875,2874,M,25-34,artist,35
2876,2875,M,25-34,technician/engineer,190
2877,2876,M,35-44,academic/educator,46
2878,2877,F,50-55,writer,695
2879,2878,M,18-24,college/grad student,25
2880,2879,M,18-24,programmer,273
2881,2880,F,25-34,programmer,87
2882,2881,M,18-24,writer,123
2883,2882,M,18-24,writer,149
2884,2883,F,50-55,clerical/admin,20
2885,2884,F,18-24,academic/educator,192
2886,2885,M,18-24,college/grad student,87
2887,2886,M,25-34,clerical/admin,592
2888,2887,M,25-34,sales/marketing,376
2889,2888,M,35-44,clerical/admin,195
2890,2889,M,35-44,executive/managerial,141
2891,2890,F,18-24,college/grad student,58
2892,2891,M,25-34,college/grad student,93
2893,2892,M,25-34,academic/educator,21
2894,2893,M,18-24,college/grad student,113
2895,2894,M,25-34,lawyer,513
2896,2895,M,18-24,sales/marketing,320
2897,2896,M,25-34,customer service,117
2898,2897,M,18-24,college/grad student,109
2899,2898,M,35-44,sales/marketing,425
2900,2899,M,18-24,programmer,298
2901,2900,M,25-34,technician/engineer,249
2902,2901,M,25-34,programmer,22
2903,2902,M,25-34,self-employed,146
2904,2903,M,25-34,college/grad student,51
2905,2904,M,35-44,technician/engineer,126
2906,2905,M,35-44,unemployed,55
2907,2906,F,35-44,customer service,849
2908,2907,M,18-24,artist,21
2909,2908,M,25-34,executive/managerial,1258
2910,2909,M,Under 18,unemployed,143
2911,2910,F,25-34,college/grad student,63
2912,2911,F,18-24,college/grad student,44
2913,2912,F,35-44,writer,330
2914,2913,M,25-34,college/grad student,72
2915,2914,M,25-34,executive/managerial,72
2916,2915,M,45-49,artist,233
2917,2916,M,25-34,other,70
2918,2917,M,25-34,programmer,387
2919,2918,M,18-24,technician/engineer,156
2920,2919,M,25-34,artist,24
2921,2920,M,50-55,academic/educator,127
2922,2921,M,25-34,technician/engineer,71
2923,2922,M,35-44,programmer,21
2924,2923,F,18-24,college/grad student,46
2925,2924,F,25-34,college/grad student,25
2926,2925,F,18-24,artist,342
2927,2926,M,25-34,programmer,62
2928,2927,M,25-34,artist,420
2929,2928,M,18-24,artist,362
2930,2929,M,50-55,technician/engineer,20
2931,2930,M,18-24,college/grad student,224
2932,2931,M,25-34,programmer,28
2933,2932,M,35-44,lawyer,124
2934,2933,F,35-44,writer,622
2935,2934,M,25-34,other,144
2936,2935,F,18-24,college/grad student,55
2937,2936,F,18-24,college/grad student,104
2938,2937,F,25-34,other,201
2939,2938,F,25-34,scientist,148
2940,2939,M,25-34,other,31
2941,2940,M,35-44,programmer,359
2942,2941,F,50-55,academic/educator,129
2943,2942,M,35-44,programmer,124
2944,2943,F,18-24,college/grad student,174
2945,2944,F,35-44,technician/engineer,68
2946,2945,M,35-44,self-employed,461
2947,2946,F,25-34,other,136
2948,2947,M,18-24,sales/marketing,53
2949,2948,M,25-34,technician/engineer,48
2950,2949,M,18-24,other,67
2951,2950,F,35-44,sales/marketing,65
2952,2951,M,25-34,college/grad student,168
2953,2952,M,25-34,writer,90
2954,2953,M,18-24,artist,36
2955,2954,M,35-44,sales/marketing,191
2956,2955,M,25-34,programmer,27
2957,2956,M,18-24,college/grad student,64
2958,2957,M,25-34,executive/managerial,43
2959,2958,M,35-44,technician/engineer,73
2960,2959,M,18-24,college/grad student,31
2961,2960,M,50-55,technician/engineer,44
2962,2961,M,35-44,clerical/admin,625
2963,2962,F,18-24,college/grad student,39
2964,2963,M,25-34,technician/engineer,48
2965,2964,F,35-44,college/grad student,27
2966,2965,F,25-34,college/grad student,208
2967,2966,M,25-34,other,527
2968,2967,F,18-24,other,170
2969,2968,M,25-34,executive/managerial,174
2970,2969,M,18-24,college/grad student,48
2971,2970,M,25-34,college/grad student,36
2972,2971,M,25-34,college/grad student,169
2973,2972,F,18-24,college/grad student,62
2974,2973,M,18-24,college/grad student,124
2975,2974,M,35-44,lawyer,100
2976,2975,M,18-24,writer,143
2977,2976,F,18-24,college/grad student,21
2978,2977,M,35-44,writer,173
2979,2978,M,35-44,artist,44
2980,2979,M,45-49,executive/managerial,136
2981,2980,M,45-49,doctor/health care,30
2982,2981,M,25-34,college/grad student,22
2983,2982,M,18-24,college/grad student,55
2984,2983,M,25-34,college/grad student,24
2985,2984,M,18-24,college/grad student,184
2986,2985,M,25-34,college/grad student,720
2987,2986,M,18-24,college/grad student,54
2988,2987,F,18-24,doctor/health care,63
2989,2988,M,35-44,programmer,105
2990,2989,M,35-44,programmer,261
2991,2990,M,50-55,academic/educator,58
2992,2991,M,18-24,college/grad student,43
2993,2992,M,18-24,unemployed,83
2994,2993,M,35-44,customer service,377
2995,2994,M,25-34,scientist,341
2996,2995,M,18-24,other,477
2997,2996,F,35-44,self-employed,167
2998,2997,F,25-34,academic/educator,54
2999,2998,M,25-34,executive/managerial,135
3000,2999,M,25-34,college/grad student,106
3001,3000,M,18-24,college/grad student,309
3002,3001,M,45-49,lawyer,147
3003,3002,M,18-24,scientist,79
3004,3003,F,18-24,college/grad student,120
3005,3004,M,25-34,technician/engineer,111
3006,3005,M,18-24,college/grad student,52
3007,3006,M,35-44,other,239
3008,3007,M,18-24,college/grad student,34
3009,3008,F,35-44,clerical/admin,26
3010,3009,M,25-34,programmer,105
3011,3010,M,25-34,academic/educator,92
3012,3011,M,25-34,programmer,322
3013,3012,M,45-49,technician/engineer,467
3014,3013,M,35-44,executive/managerial,170
3015,3014,M,56+,doctor/health care,42
3016,3015,M,18-24,programmer,41
3017,3016,F,35-44,homemaker,362
3018,3017,M,35-44,other,610
3019,3018,M,50-55,programmer,27
3020,3019,F,35-44,executive/managerial,170
3021,3020,F,45-49,scientist,20
3022,3021,M,25-34,technician/engineer,150
3023,3022,F,25-34,executive/managerial,62
3024,3023,M,35-44,technician/engineer,218
3025,3024,F,35-44,other,148
3026,3025,F,18-24,college/grad student,357
3027,3026,M,18-24,college/grad student,23
3028,3027,M,Under 18,K-12 student,113
3029,3028,M,18-24,college/grad student,761
3030,3029,M,35-44,academic/educator,26
3031,3030,M,18-24,college/grad student,500
3032,3031,M,25-34,other,1019
3033,3032,M,18-24,college/grad student,133
3034,3033,F,18-24,academic/educator,28
3035,3034,F,25-34,executive/managerial,80
3036,3035,M,56+,retired,116
3037,3036,F,25-34,artist,64
3038,3037,F,35-44,artist,118
3039,3038,F,50-55,clerical/admin,61
3040,3039,M,25-34,farmer,24
3041,3040,M,25-34,college/grad student,106
3042,3041,M,56+,academic/educator,73
3043,3042,M,18-24,artist,27
3044,3043,M,35-44,self-employed,304
3045,3044,M,45-49,academic/educator,148
3046,3045,M,Under 18,college/grad student,77
3047,3046,F,25-34,college/grad student,70
3048,3047,M,18-24,artist,70
3049,3048,F,50-55,other,71
3050,3049,M,35-44,programmer,64
3051,3050,M,18-24,technician/engineer,408
3052,3051,M,35-44,programmer,81
3053,3052,F,25-34,clerical/admin,184
3054,3053,M,18-24,college/grad student,526
3055,3054,F,25-34,clerical/admin,287
3056,3055,M,25-34,tradesman/craftsman,263
3057,3056,F,25-34,programmer,161
3058,3057,M,18-24,programmer,145
3059,3058,M,35-44,other,44
3060,3059,F,35-44,academic/educator,37
3061,3060,M,45-49,artist,32
3062,3061,M,18-24,college/grad student,64
3063,3062,M,18-24,college/grad student,64
3064,3063,M,35-44,technician/engineer,44
3065,3064,F,18-24,college/grad student,282
3066,3065,M,18-24,college/grad student,90
3067,3066,F,25-34,other,826
3068,3067,F,35-44,homemaker,21
3069,3068,M,18-24,college/grad student,215
3070,3069,F,18-24,college/grad student,39
3071,3070,M,25-34,academic/educator,26
3072,3071,M,50-55,academic/educator,210
3073,3072,M,25-34,other,57
3074,3073,M,25-34,other,142
3075,3074,F,25-34,lawyer,265
3076,3075,M,35-44,technician/engineer,22
3077,3076,M,18-24,college/grad student,78
3078,3077,F,35-44,academic/educator,32
3079,3078,F,25-34,academic/educator,86
3080,3079,M,25-34,writer,551
3081,3080,M,25-34,executive/managerial,384
3082,3081,F,35-44,doctor/health care,370
3083,3082,F,50-55,other,99
3084,3083,M,25-34,self-employed,78
3085,3084,M,25-34,college/grad student,123
3086,3085,M,18-24,programmer,113
3087,3086,F,Under 18,academic/educator,297
3088,3087,F,25-34,college/grad student,50
3089,3088,M,45-49,self-employed,53
3090,3089,M,25-34,artist,62
3091,3090,F,25-34,other,64
3092,3091,M,35-44,scientist,53
3093,3092,F,45-49,writer,179
3094,3093,M,35-44,other,41
3095,3094,F,25-34,clerical/admin,174
3096,3095,F,45-49,clerical/admin,197
3097,3096,F,25-34,customer service,63
3098,3097,M,25-34,college/grad student,92
3099,3098,M,25-34,technician/engineer,159
3100,3099,F,25-34,doctor/health care,55
3101,3100,M,18-24,scientist,270
3102,3101,M,25-34,programmer,34
3103,3102,M,25-34,writer,39
3104,3103,M,18-24,technician/engineer,29
3105,3104,M,35-44,programmer,120
3106,3105,M,25-34,other,68
3107,3106,M,25-34,technician/engineer,72
3108,3107,M,50-55,doctor/health care,484
3109,3108,F,25-34,lawyer,57
3110,3109,M,25-34,other,300
3111,3110,M,18-24,college/grad student,124
3112,3111,M,18-24,programmer,213
3113,3112,M,25-34,K-12 student,50
3114,3113,M,18-24,customer service,105
3115,3114,M,35-44,technician/engineer,36
3116,3115,M,25-34,programmer,85
3117,3116,M,35-44,other,37
3118,3117,M,25-34,other,570
3119,3118,M,45-49,academic/educator,90
3120,3119,M,18-24,college/grad student,37
3121,3120,M,25-34,artist,271
3122,3121,F,25-34,executive/managerial,27
3123,3122,M,25-34,artist,155
3124,3123,M,25-34,programmer,26
3125,3124,M,25-34,executive/managerial,354
3126,3125,M,25-34,artist,81
3127,3126,F,25-34,other,41
3128,3127,M,18-24,artist,317
3129,3128,M,25-34,executive/managerial,503
3130,3129,M,25-34,executive/managerial,67
3131,3130,F,25-34,artist,77
3132,3131,M,35-44,executive/managerial,28
3133,3132,M,18-24,college/grad student,21
3134,3133,M,18-24,college/grad student,101
3135,3134,M,25-34,scientist,123
3136,3135,F,25-34,college/grad student,40
3137,3136,M,25-34,lawyer,51
3138,3137,M,35-44,technician/engineer,212
3139,3138,M,56+,retired,59
3140,3139,F,25-34,college/grad student,323
3141,3140,M,25-34,sales/marketing,61
3142,3141,M,25-34,writer,94
3143,3142,F,50-55,self-employed,212
3144,3143,F,25-34,executive/managerial,35
3145,3144,M,18-24,college/grad student,111
3146,3145,M,25-34,other,62
3147,3146,M,25-34,sales/marketing,211
3148,3147,M,18-24,writer,102
3149,3148,M,18-24,college/grad student,27
3150,3149,F,25-34,clerical/admin,77
3151,3150,F,25-34,other,172
3152,3151,M,18-24,college/grad student,31
3153,3152,F,25-34,college/grad student,44
3154,3153,F,25-34,college/grad student,189
3155,3154,M,25-34,executive/managerial,85
3156,3155,M,35-44,executive/managerial,64
3157,3156,M,25-34,programmer,159
3158,3157,M,25-34,scientist,296
3159,3158,F,25-34,scientist,238
3160,3159,M,25-34,technician/engineer,25
3161,3160,M,25-34,executive/managerial,71
3162,3161,M,25-34,academic/educator,82
3163,3162,M,18-24,scientist,858
3164,3163,M,18-24,programmer,30
3165,3164,M,35-44,executive/managerial,30
3166,3165,M,18-24,college/grad student,40
3167,3166,M,25-34,artist,220
3168,3167,F,35-44,customer service,30
3169,3168,M,50-55,other,129
3170,3169,M,25-34,other,73
3171,3170,F,50-55,clerical/admin,132
3172,3171,M,18-24,programmer,108
3173,3172,M,25-34,programmer,95
3174,3173,F,18-24,sales/marketing,87
3175,3174,M,35-44,self-employed,87
3176,3175,M,25-34,technician/engineer,21
3177,3176,F,25-34,doctor/health care,61
3178,3177,F,35-44,customer service,212
3179,3178,F,18-24,writer,25
3180,3179,M,25-34,sales/marketing,490
3181,3180,M,25-34,programmer,25
3182,3181,M,25-34,programmer,626
3183,3182,M,50-55,executive/managerial,111
3184,3183,F,25-34,tradesman/craftsman,105
3185,3184,M,18-24,executive/managerial,90
3186,3185,M,50-55,academic/educator,37
3187,3186,M,35-44,programmer,27
3188,3187,M,56+,retired,21
3189,3188,M,25-34,self-employed,525
3190,3189,M,Under 18,technician/engineer,36
3191,3190,M,25-34,programmer,406
3192,3191,M,18-24,college/grad student,150
3193,3192,M,25-34,other,190
3194,3193,M,25-34,scientist,34
3195,3194,M,18-24,college/grad student,192
3196,3195,F,18-24,college/grad student,305
3197,3196,F,18-24,sales/marketing,136
3198,3197,M,25-34,programmer,105
3199,3198,M,18-24,other,100
3200,3199,F,25-34,academic/educator,159
3201,3200,M,45-49,executive/managerial,446
3202,3201,F,18-24,college/grad student,143
3203,3202,M,35-44,other,162
3204,3203,M,45-49,self-employed,48
3205,3204,F,35-44,self-employed,305
3206,3205,M,18-24,writer,100
3207,3206,M,35-44,executive/managerial,99
3208,3207,M,25-34,sales/marketing,384
3209,3208,M,25-34,other,230
3210,3209,F,45-49,other,149
3211,3210,M,50-55,self-employed,97
3212,3211,F,25-34,technician/engineer,26
3213,3212,F,25-34,academic/educator,137
3214,3213,F,56+,executive/managerial,36
3215,3214,F,50-55,retired,36
3216,3215,M,35-44,academic/educator,324
3217,3216,F,35-44,other,350
3218,3217,M,56+,doctor/health care,62
3219,3218,F,18-24,college/grad student,142
3220,3219,M,35-44,executive/managerial,72
3221,3220,M,25-34,other,41
3222,3221,M,35-44,executive/managerial,20
3223,3222,M,25-34,writer,61
3224,3223,F,25-34,sales/marketing,1115
3225,3224,M,18-24,other,21
3226,3225,M,35-44,college/grad student,124
3227,3226,F,25-34,sales/marketing,342
3228,3227,M,25-34,sales/marketing,156
3229,3228,F,56+,academic/educator,196
3230,3229,M,35-44,self-employed,149
3231,3230,M,25-34,executive/managerial,153
3232,3231,M,35-44,programmer,64
3233,3232,M,50-55,artist,161
3234,3233,F,Under 18,other,21
3235,3234,M,18-24,college/grad student,37
3236,3235,M,18-24,scientist,23
3237,3236,M,35-44,executive/managerial,78
3238,3237,M,35-44,executive/managerial,32
3239,3238,F,25-34,programmer,74
3240,3239,M,18-24,college/grad student,154
3241,3240,F,50-55,other,55
3242,3241,M,50-55,retired,210
3243,3242,M,25-34,programmer,229
3244,3243,F,18-24,college/grad student,24
3245,3244,M,18-24,artist,79
3246,3245,F,35-44,academic/educator,232
3247,3246,M,35-44,scientist,29
3248,3247,F,25-34,executive/managerial,84
3249,3248,F,25-34,college/grad student,65
3250,3249,M,25-34,college/grad student,124
3251,3250,M,35-44,technician/engineer,56
3252,3251,M,50-55,other,35
3253,3252,F,35-44,college/grad student,167
3254,3253,F,35-44,doctor/health care,23
3255,3254,F,25-34,scientist,45
3256,3255,M,25-34,scientist,58
3257,3256,M,25-34,sales/marketing,81
3258,3257,M,45-49,doctor/health care,40
3259,3258,F,18-24,college/grad student,395
3260,3259,M,25-34,college/grad student,228
3261,3260,M,45-49,writer,539
3262,3261,M,25-34,sales/marketing,91
3263,3262,M,50-55,lawyer,113
3264,3263,F,25-34,academic/educator,28
3265,3264,M,25-34,scientist,508
3266,3265,F,25-34,college/grad student,151
3267,3266,M,25-34,college/grad student,98
3268,3267,M,25-34,programmer,67
3269,3268,F,18-24,writer,83
3270,3269,M,18-24,lawyer,122
3271,3270,F,35-44,other,336
3272,3271,M,35-44,other,836
3273,3272,M,35-44,executive/managerial,20
3274,3273,M,25-34,writer,198
3275,3274,M,35-44,executive/managerial,21
3276,3275,M,25-34,writer,29
3277,3276,M,25-34,technician/engineer,150
3278,3277,M,35-44,executive/managerial,46
3279,3278,M,45-49,scientist,105
3280,3279,M,25-34,executive/managerial,649
3281,3280,M,25-34,technician/engineer,190
3282,3281,M,45-49,clerical/admin,24
3283,3282,M,35-44,self-employed,246
3284,3283,M,25-34,doctor/health care,41
3285,3284,M,25-34,college/grad student,627
3286,3285,F,35-44,executive/managerial,28
3287,3286,M,56+,retired,24
3288,3287,M,25-34,sales/marketing,26
3289,3288,M,45-49,doctor/health care,75
3290,3289,M,25-34,sales/marketing,176
3291,3290,F,25-34,executive/managerial,20
3292,3291,F,50-55,doctor/health care,939
3293,3292,M,45-49,sales/marketing,45
3294,3293,M,18-24,college/grad student,97
3295,3294,M,18-24,tradesman/craftsman,74
3296,3295,M,18-24,sales/marketing,72
3297,3296,M,18-24,college/grad student,126
3298,3297,M,Under 18,K-12 student,32
3299,3298,F,25-34,college/grad student,302
3300,3299,M,35-44,customer service,362
3301,3300,F,25-34,artist,310
3302,3301,M,25-34,technician/engineer,86
3303,3302,M,56+,technician/engineer,25
3304,3303,F,45-49,customer service,170
3305,3304,M,56+,writer,104
3306,3305,M,45-49,sales/marketing,51
3307,3306,M,50-55,doctor/health care,26
3308,3307,F,18-24,writer,708
3309,3308,M,25-34,technician/engineer,271
3310,3309,M,45-49,sales/marketing,66
3311,3310,M,25-34,college/grad student,920
3312,3311,F,18-24,college/grad student,665
3313,3312,M,35-44,writer,473
3314,3313,M,25-34,executive/managerial,334
3315,3314,M,25-34,programmer,182
3316,3315,M,Under 18,unemployed,42
3317,3316,M,25-34,college/grad student,110
3318,3317,M,56+,retired,70
3319,3318,F,56+,retired,123
3320,3319,M,25-34,academic/educator,559
3321,3320,M,35-44,academic/educator,84
3322,3321,F,18-24,college/grad student,48
3323,3322,M,35-44,sales/marketing,126
3324,3323,M,35-44,technician/engineer,21
3325,3324,F,35-44,sales/marketing,26
3326,3325,M,45-49,executive/managerial,38
3327,3326,M,18-24,programmer,358
3328,3327,M,56+,unemployed,273
3329,3328,M,50-55,tradesman/craftsman,138
3330,3329,F,35-44,academic/educator,24
3331,3330,F,25-34,executive/managerial,140
3332,3331,M,25-34,executive/managerial,102
3333,3332,M,18-24,self-employed,192
3334,3333,M,35-44,other,100
3335,3334,M,25-34,other,27
3336,3335,M,35-44,technician/engineer,667
3337,3336,M,25-34,college/grad student,81
3338,3337,M,45-49,self-employed,40
3339,3338,M,25-34,technician/engineer,83
3340,3339,M,45-49,self-employed,119
3341,3340,M,25-34,writer,151
3342,3341,F,25-34,customer service,58
3343,3342,F,18-24,college/grad student,49
3344,3343,M,35-44,other,56
3345,3344,M,25-34,executive/managerial,141
3346,3345,M,35-44,executive/managerial,229
3347,3346,F,35-44,executive/managerial,45
3348,3347,M,45-49,self-employed,48
3349,3348,F,18-24,college/grad student,143
3350,3349,F,18-24,other,46
3351,3350,F,18-24,customer service,29
3352,3351,M,35-44,other,96
3353,3352,M,35-44,technician/engineer,235
3354,3353,M,25-34,executive/managerial,33
3355,3354,M,25-34,academic/educator,33
3356,3355,M,35-44,executive/managerial,239
3357,3356,M,25-34,tradesman/craftsman,69
3358,3357,F,25-34,academic/educator,232
3359,3358,M,25-34,writer,86
3360,3359,F,25-34,other,58
3361,3360,M,25-34,college/grad student,161
3362,3361,F,25-34,other,77
3363,3362,F,35-44,homemaker,242
3364,3363,M,56+,retired,112
3365,3364,M,50-55,technician/engineer,345
3366,3365,M,35-44,sales/marketing,27
3367,3366,M,50-55,self-employed,355
3368,3367,M,25-34,sales/marketing,97
3369,3368,M,45-49,tradesman/craftsman,32
3370,3369,M,18-24,college/grad student,198
3371,3370,M,25-34,artist,483
3372,3371,M,56+,retired,31
3373,3372,M,18-24,self-employed,32
3374,3373,M,35-44,customer service,104
3375,3374,M,25-34,college/grad student,27
3376,3375,M,35-44,self-employed,20
3377,3376,M,25-34,technician/engineer,168
3378,3377,M,18-24,college/grad student,235
3379,3378,M,35-44,academic/educator,39
3380,3379,M,50-55,other,453
3381,3380,M,25-34,other,29
3382,3381,F,Under 18,K-12 student,56
3383,3382,M,56+,self-employed,51
3384,3383,M,35-44,executive/managerial,126
3385,3384,F,25-34,homemaker,36
3386,3385,M,18-24,college/grad student,148
3387,3386,M,18-24,academic/educator,137
3388,3387,F,25-34,academic/educator,21
3389,3388,M,18-24,other,572
3390,3389,F,45-49,writer,203
3391,3390,M,18-24,college/grad student,1216
3392,3391,M,50-55,doctor/health care,30
3393,3392,M,35-44,programmer,267
3394,3393,M,35-44,executive/managerial,326
3395,3394,M,25-34,executive/managerial,56
3396,3395,M,25-34,programmer,23
3397,3396,M,25-34,customer service,29
3398,3397,M,18-24,writer,55
3399,3398,M,25-34,college/grad student,154
3400,3399,M,25-34,sales/marketing,218
3401,3400,M,35-44,executive/managerial,837
3402,3401,M,35-44,writer,330
3403,3402,M,35-44,customer service,205
3404,3403,M,25-34,farmer,26
3405,3404,M,35-44,sales/marketing,41
3406,3405,F,25-34,executive/managerial,41
3407,3406,F,45-49,customer service,20
3408,3407,M,25-34,technician/engineer,116
3409,3408,M,25-34,college/grad student,44
3410,3409,M,35-44,academic/educator,731
3411,3410,M,18-24,college/grad student,351
3412,3411,M,25-34,tradesman/craftsman,293
3413,3412,F,25-34,technician/engineer,127
3414,3413,M,25-34,technician/engineer,297
3415,3414,M,35-44,executive/managerial,166
3416,3415,M,25-34,programmer,470
3417,3416,F,18-24,artist,92
3418,3417,F,18-24,clerical/admin,211
3419,3418,M,45-49,academic/educator,120
3420,3419,F,25-34,executive/managerial,220
3421,3420,M,45-49,executive/managerial,24
3422,3421,M,25-34,customer service,383
3423,3422,M,25-34,executive/managerial,317
3424,3423,M,25-34,doctor/health care,71
3425,3424,M,18-24,writer,492
3426,3425,M,25-34,writer,120
3427,3426,M,25-34,sales/marketing,38
3428,3427,M,45-49,academic/educator,183
3429,3428,F,25-34,executive/managerial,35
3430,3429,F,45-49,academic/educator,406
3431,3430,F,45-49,doctor/health care,62
3432,3431,M,25-34,programmer,116
3433,3432,M,18-24,programmer,88
3434,3433,M,18-24,college/grad student,174
3435,3434,M,45-49,academic/educator,126
3436,3435,M,35-44,other,204
3437,3436,F,25-34,other,50
3438,3437,F,25-34,other,80
3439,3438,M,18-24,technician/engineer,89
3440,3439,M,56+,technician/engineer,27
3441,3440,F,25-34,sales/marketing,320
3442,3441,M,18-24,programmer,186
3443,3442,F,35-44,technician/engineer,25
3444,3443,M,50-55,sales/marketing,110
3445,3444,F,35-44,writer,144
3446,3445,M,25-34,executive/managerial,36
3447,3446,M,25-34,programmer,85
3448,3447,F,18-24,clerical/admin,26
3449,3448,M,25-34,sales/marketing,64
3450,3449,M,25-34,customer service,189
3451,3450,F,25-34,lawyer,62
3452,3451,M,25-34,sales/marketing,85
3453,3452,M,35-44,executive/managerial,299
3454,3453,M,18-24,other,362
3455,3454,F,25-34,other,23
3456,3455,M,25-34,technician/engineer,55
3457,3456,M,25-34,writer,160
3458,3457,M,45-49,other,164
3459,3458,M,18-24,college/grad student,29
3460,3459,M,Under 18,college/grad student,84
3461,3460,M,35-44,other,37
3462,3461,F,25-34,college/grad student,559
3463,3462,M,25-34,scientist,37
3464,3463,F,25-34,sales/marketing,371
3465,3464,M,25-34,sales/marketing,59
3466,3465,M,25-34,sales/marketing,37
3467,3466,M,25-34,sales/marketing,59
3468,3467,M,25-34,writer,66
3469,3468,M,45-49,technician/engineer,459
3470,3469,M,35-44,technician/engineer,84
3471,3470,M,18-24,college/grad student,824
3472,3471,M,25-34,doctor/health care,50
3473,3472,F,35-44,self-employed,159
3474,3473,M,35-44,lawyer,200
3475,3474,M,25-34,sales/marketing,622
3476,3475,M,50-55,other,705
3477,3476,F,50-55,academic/educator,138
3478,3477,M,25-34,executive/managerial,74
3479,3478,M,18-24,college/grad student,90
3480,3479,M,25-34,other,47
3481,3480,M,18-24,college/grad student,140
3482,3481,M,50-55,technician/engineer,71
3483,3482,F,45-49,executive/managerial,661
3484,3483,M,18-24,college/grad student,206
3485,3484,M,25-34,other,48
3486,3485,F,18-24,other,97
3487,3486,M,18-24,college/grad student,318
3488,3487,M,45-49,technician/engineer,21
3489,3488,M,18-24,college/grad student,105
3490,3489,M,25-34,other,244
3491,3490,M,25-34,self-employed,727
3492,3491,M,35-44,executive/managerial,63
3493,3492,M,25-34,technician/engineer,163
3494,3493,M,25-34,academic/educator,35
3495,3494,M,18-24,college/grad student,21
3496,3495,M,35-44,customer service,25
3497,3496,F,35-44,artist,92
3498,3497,M,25-34,technician/engineer,117
3499,3498,M,25-34,clerical/admin,437
3500,3499,M,35-44,executive/managerial,62
3501,3500,F,35-44,executive/managerial,197
3502,3501,F,18-24,executive/managerial,33
3503,3502,M,18-24,college/grad student,490
3504,3503,M,18-24,executive/managerial,214
3505,3504,F,25-34,scientist,100
3506,3505,M,18-24,programmer,68
3507,3506,M,25-34,other,923
3508,3507,M,18-24,college/grad student,36
3509,3508,M,18-24,college/grad student,404
3510,3509,F,18-24,college/grad student,67
3511,3510,M,50-55,other,206
3512,3511,M,18-24,technician/engineer,409
3513,3512,M,25-34,self-employed,311
3514,3513,M,18-24,programmer,76
3515,3514,M,35-44,clerical/admin,100
3516,3515,M,18-24,college/grad student,157
3517,3516,M,18-24,programmer,122
3518,3517,F,18-24,executive/managerial,502
3519,3518,F,25-34,sales/marketing,666
3520,3519,M,25-34,other,289
3521,3520,M,25-34,other,387
3522,3521,M,18-24,other,62
3523,3522,M,35-44,executive/managerial,39
3524,3523,F,25-34,other,153
3525,3524,F,18-24,college/grad student,90
3526,3525,M,35-44,artist,962
3527,3526,M,25-34,other,39
3528,3527,M,35-44,customer service,112
3529,3528,F,45-49,academic/educator,227
3530,3529,M,25-34,other,20
3531,3530,F,25-34,lawyer,77
3532,3531,F,35-44,sales/marketing,114
3533,3532,M,25-34,artist,92
3534,3533,M,35-44,technician/engineer,55
3535,3534,M,45-49,tradesman/craftsman,29
3536,3535,M,18-24,college/grad student,165
3537,3536,M,Under 18,K-12 student,57
3538,3537,M,35-44,other,163
3539,3538,F,25-34,college/grad student,1078
3540,3539,M,18-24,technician/engineer,208
3541,3540,M,25-34,clerical/admin,35
3542,3541,M,25-34,scientist,22
3543,3542,M,25-34,technician/engineer,104
3544,3543,F,25-34,college/grad student,29
3545,3544,M,35-44,programmer,28
3546,3545,M,25-34,writer,410
3547,3546,M,35-44,self-employed,362
3548,3547,M,45-49,executive/managerial,26
3549,3548,F,35-44,executive/managerial,37
3550,3549,M,25-34,customer service,357
3551,3550,F,56+,other,87
3552,3551,F,35-44,artist,20
3553,3552,M,35-44,self-employed,47
3554,3553,M,25-34,scientist,33
3555,3554,M,56+,executive/managerial,129
3556,3555,M,25-34,technician/engineer,112
3557,3556,M,18-24,customer service,392
3558,3557,M,18-24,technician/engineer,300
3559,3558,M,18-24,college/grad student,74
3560,3559,F,25-34,doctor/health care,137
3561,3560,M,35-44,sales/marketing,259
3562,3561,F,25-34,doctor/health care,683
3563,3562,M,25-34,artist,211
3564,3563,M,25-34,lawyer,152
3565,3564,M,25-34,tradesman/craftsman,140
3566,3565,M,45-49,other,31
3567,3566,M,25-34,sales/marketing,69
3568,3567,M,25-34,other,102
3569,3568,F,18-24,artist,437
3570,3569,M,35-44,programmer,22
3571,3570,M,18-24,college/grad student,104
3572,3571,M,35-44,lawyer,111
3573,3572,M,Under 18,K-12 student,36
3574,3573,F,35-44,doctor/health care,179
3575,3574,M,25-34,tradesman/craftsman,38
3576,3575,M,50-55,executive/managerial,541
3577,3576,F,56+,other,78
3578,3577,M,50-55,clerical/admin,271
3579,3578,M,18-24,other,269
3580,3579,F,18-24,clerical/admin,72
3581,3580,M,18-24,academic/educator,34
3582,3581,F,35-44,other,97
3583,3582,F,25-34,homemaker,30
3584,3583,M,18-24,other,67
3585,3584,M,35-44,writer,262
3586,3585,M,35-44,writer,163
3587,3586,M,35-44,clerical/admin,43
3588,3587,M,25-34,artist,225
3589,3588,F,45-49,other,688
3590,3589,F,18-24,scientist,462
3591,3590,M,35-44,doctor/health care,202
3592,3591,F,56+,artist,357
3593,3592,F,25-34,homemaker,64
3594,3593,M,Under 18,other,157
3595,3594,M,25-34,other,31
3596,3595,F,35-44,college/grad student,128
3597,3596,M,25-34,technician/engineer,76
3598,3597,M,56+,academic/educator,65
3599,3598,M,25-34,self-employed,176
3600,3599,M,35-44,writer,371
3601,3600,F,35-44,clerical/admin,158
3602,3601,M,25-34,programmer,86
3603,3602,F,35-44,executive/managerial,328
3604,3603,F,Under 18,K-12 student,27
3605,3604,M,18-24,programmer,115
3606,3605,F,25-34,scientist,35
3607,3606,M,35-44,technician/engineer,260
3608,3607,F,35-44,homemaker,102
3609,3608,F,25-34,technician/engineer,145
3610,3609,M,18-24,doctor/health care,696
3611,3610,M,25-34,artist,205
3612,3611,M,25-34,sales/marketing,215
3613,3612,M,25-34,other,70
3614,3613,M,25-34,other,157
3615,3614,M,25-34,technician/engineer,174
3616,3615,M,45-49,other,21
3617,3616,M,35-44,executive/managerial,47
3618,3617,M,56+,technician/engineer,1344
3619,3618,M,50-55,self-employed,101
3620,3619,M,25-34,executive/managerial,431
3621,3620,M,18-24,college/grad student,379
3622,3621,M,18-24,academic/educator,159
3623,3622,M,35-44,lawyer,22
3624,3623,M,25-34,programmer,354
3625,3624,M,18-24,K-12 student,202
3626,3625,M,25-34,technician/engineer,855
3627,3626,F,35-44,academic/educator,36
3628,3627,M,25-34,executive/managerial,31
3629,3628,F,50-55,executive/managerial,62
3630,3629,M,18-24,college/grad student,181
3631,3630,M,18-24,college/grad student,40
3632,3631,M,50-55,lawyer,29
3633,3632,M,35-44,tradesman/craftsman,20
3634,3633,M,50-55,academic/educator,23
3635,3634,M,50-55,academic/educator,163
3636,3635,M,25-34,other,23
3637,3636,M,25-34,doctor/health care,66
3638,3637,M,25-34,artist,125
3639,3638,M,18-24,college/grad student,86
3640,3639,M,35-44,executive/managerial,73
3641,3640,M,25-34,other,485
3642,3641,F,25-34,executive/managerial,21
3643,3642,M,25-34,technician/engineer,220
3644,3643,F,25-34,lawyer,41
3645,3644,M,35-44,technician/engineer,69
3646,3645,M,35-44,writer,93
3647,3646,M,25-34,executive/managerial,33
3648,3647,M,18-24,college/grad student,627
3649,3648,F,25-34,other,51
3650,3649,M,25-34,other,785
3651,3650,M,25-34,sales/marketing,251
3652,3651,M,25-34,programmer,289
3653,3652,M,18-24,scientist,111
3654,3653,M,25-34,technician/engineer,282
3655,3654,F,25-34,executive/managerial,32
3656,3655,F,45-49,customer service,79
3657,3656,M,18-24,technician/engineer,38
3658,3657,F,25-34,executive/managerial,266
3659,3658,M,18-24,college/grad student,96
3660,3659,M,35-44,executive/managerial,58
3661,3660,M,35-44,programmer,125
3662,3661,M,35-44,self-employed,88
3663,3662,F,35-44,homemaker,91
3664,3663,F,35-44,academic/educator,134
3665,3664,M,25-34,other,216
3666,3665,M,45-49,other,42
3667,3666,F,Under 18,K-12 student,55
3668,3667,F,45-49,executive/managerial,38
3669,3668,M,25-34,sales/marketing,436
3670,3669,M,45-49,sales/marketing,68
3671,3670,M,25-34,college/grad student,104
3672,3671,M,35-44,customer service,203
3673,3672,M,25-34,artist,212
3674,3673,M,25-34,writer,91
3675,3674,M,35-44,executive/managerial,849
3676,3675,F,35-44,programmer,101
3677,3676,F,25-34,programmer,141
3678,3677,M,25-34,other,139
3679,3678,M,25-34,college/grad student,384
3680,3679,F,25-34,academic/educator,56
3681,3680,M,25-34,executive/managerial,668
3682,3681,F,50-55,academic/educator,91
3683,3682,M,25-34,artist,589
3684,3683,M,25-34,technician/engineer,139
3685,3684,M,25-34,customer service,307
3686,3685,M,25-34,executive/managerial,75
3687,3686,F,50-55,academic/educator,191
3688,3687,M,18-24,doctor/health care,304
3689,3688,M,25-34,other,226
3690,3689,M,18-24,other,401
3691,3690,M,25-34,executive/managerial,302
3692,3691,M,35-44,technician/engineer,71
3693,3692,M,25-34,scientist,596
3694,3693,M,25-34,programmer,53
3695,3694,M,25-34,artist,302
3696,3695,M,35-44,executive/managerial,150
3697,3696,M,25-34,scientist,136
3698,3697,M,25-34,executive/managerial,115
3699,3698,F,56+,clerical/admin,61
3700,3699,M,25-34,sales/marketing,66
3701,3700,M,35-44,academic/educator,84
3702,3701,M,35-44,scientist,47
3703,3702,M,18-24,programmer,50
3704,3703,F,35-44,other,219
3705,3704,M,45-49,executive/managerial,792
3706,3705,M,25-34,programmer,78
3707,3706,F,18-24,other,51
3708,3707,M,56+,executive/managerial,35
3709,3708,M,25-34,programmer,331
3710,3709,M,Under 18,K-12 student,69
3711,3710,M,35-44,other,88
3712,3711,M,25-34,technician/engineer,140
3713,3712,F,25-34,executive/managerial,408
3714,3713,M,25-34,technician/engineer,40
3715,3714,M,18-24,customer service,316
3716,3715,M,18-24,programmer,392
3717,3716,M,35-44,technician/engineer,299
3718,3717,M,50-55,technician/engineer,269
3719,3718,M,25-34,academic/educator,36
3720,3719,M,45-49,executive/managerial,207
3721,3720,M,25-34,scientist,129
3722,3721,M,25-34,tradesman/craftsman,31
3723,3722,M,25-34,sales/marketing,39
3724,3723,M,35-44,doctor/health care,583
3725,3724,M,18-24,college/grad student,26
3726,3725,M,25-34,technician/engineer,340
3727,3726,M,35-44,executive/managerial,460
3728,3727,M,18-24,college/grad student,64
3729,3728,M,18-24,college/grad student,443
3730,3729,M,25-34,academic/educator,29
3731,3730,M,25-34,technician/engineer,125
3732,3731,M,25-34,technician/engineer,208
3733,3732,M,18-24,college/grad student,119
3734,3733,M,18-24,college/grad student,50
3735,3734,M,25-34,other,301
3736,3735,M,35-44,academic/educator,125
3737,3736,M,25-34,sales/marketing,150
3738,3737,M,45-49,executive/managerial,32
3739,3738,M,56+,lawyer,22
3740,3739,M,18-24,customer service,47
3741,3740,M,25-34,other,134
3742,3741,M,25-34,other,125
3743,3742,F,35-44,executive/managerial,32
3744,3743,M,25-34,other,36
3745,3744,F,25-34,homemaker,202
3746,3745,M,25-34,customer service,348
3747,3746,M,45-49,retired,64
3748,3747,M,18-24,college/grad student,32
3749,3748,F,25-34,other,118
3750,3749,F,18-24,college/grad student,39
3751,3750,F,35-44,programmer,407
3752,3751,F,18-24,academic/educator,185
3753,3752,M,25-34,executive/managerial,49
3754,3753,M,56+,executive/managerial,304
3755,3754,F,50-55,sales/marketing,72
3756,3755,M,18-24,programmer,414
3757,3756,M,25-34,executive/managerial,201
3758,3757,F,35-44,customer service,50
3759,3758,M,35-44,doctor/health care,103
3760,3759,M,50-55,other,316
3761,3760,M,25-34,technician/engineer,171
3762,3761,M,50-55,doctor/health care,413
3763,3762,M,25-34,artist,140
3764,3763,M,25-34,academic/educator,27
3765,3764,F,50-55,clerical/admin,27
3766,3765,F,18-24,academic/educator,124
3767,3766,M,25-34,other,41
3768,3767,M,25-34,college/grad student,710
3769,3768,M,25-34,scientist,410
3770,3769,F,35-44,clerical/admin,266
3771,3770,M,25-34,academic/educator,469
3772,3771,M,35-44,technician/engineer,48
3773,3772,M,35-44,doctor/health care,361
3774,3773,M,25-34,other,56
3775,3774,M,35-44,programmer,93
3776,3775,F,25-34,college/grad student,42
3777,3776,M,18-24,college/grad student,116
3778,3777,M,25-34,other,941
3779,3778,F,45-49,artist,56
3780,3779,M,Under 18,other,300
3781,3780,F,56+,lawyer,62
3782,3781,F,25-34,other,65
3783,3782,M,25-34,executive/managerial,24
3784,3783,F,25-34,academic/educator,41
3785,3784,F,25-34,writer,35
3786,3785,F,25-34,other,63
3787,3786,F,25-34,other,20
3788,3787,F,18-24,other,24
3789,3788,F,25-34,other,151
3790,3789,F,25-34,technician/engineer,125
3791,3790,M,50-55,tradesman/craftsman,126
3792,3791,M,25-34,doctor/health care,821
3793,3792,M,18-24,college/grad student,133
3794,3793,F,18-24,college/grad student,44
3795,3794,F,18-24,college/grad student,29
3796,3795,M,45-49,sales/marketing,202
3797,3796,M,25-34,executive/managerial,27
3798,3797,M,25-34,executive/managerial,30
3799,3798,M,18-24,other,128
3800,3799,M,18-24,academic/educator,71
3801,3800,M,18-24,programmer,140
3802,3801,M,18-24,other,22
3803,3802,F,35-44,homemaker,22
3804,3803,M,25-34,doctor/health care,187
3805,3804,F,35-44,academic/educator,37
3806,3805,M,18-24,college/grad student,167
3807,3806,F,35-44,unemployed,478
3808,3807,M,25-34,executive/managerial,1158
3809,3808,M,35-44,doctor/health care,47
3810,3809,M,50-55,executive/managerial,67
3811,3810,M,25-34,scientist,105
3812,3811,M,35-44,technician/engineer,114
3813,3812,M,35-44,executive/managerial,67
3814,3813,M,25-34,scientist,36
3815,3814,M,25-34,technician/engineer,120
3816,3815,F,25-34,clerical/admin,318
3817,3816,M,35-44,clerical/admin,53
3818,3817,M,45-49,technician/engineer,47
3819,3818,M,25-34,programmer,118
3820,3819,M,25-34,technician/engineer,45
3821,3820,M,25-34,writer,729
3822,3821,M,45-49,writer,184
3823,3822,M,56+,executive/managerial,633
3824,3823,M,25-34,technician/engineer,1018
3825,3824,M,18-24,academic/educator,491
3826,3825,M,25-34,academic/educator,28
3827,3826,M,50-55,artist,186
3828,3827,M,25-34,writer,42
3829,3828,F,25-34,academic/educator,822
3830,3829,M,18-24,college/grad student,136
3831,3830,F,18-24,doctor/health care,122
3832,3831,F,25-34,executive/managerial,108
3833,3832,M,25-34,academic/educator,312
3834,3833,M,18-24,artist,562
3835,3834,M,25-34,executive/managerial,91
3836,3835,F,50-55,farmer,510
3837,3836,M,25-34,technician/engineer,196
3838,3837,F,25-34,sales/marketing,24
3839,3838,M,50-55,sales/marketing,88
3840,3839,F,25-34,other,68
3841,3840,M,45-49,tradesman/craftsman,1216
3842,3841,F,35-44,self-employed,669
3843,3842,F,Under 18,K-12 student,66
3844,3843,M,18-24,college/grad student,134
3845,3844,M,25-34,programmer,74
3846,3845,M,35-44,other,70
3847,3846,M,25-34,executive/managerial,429
3848,3847,M,25-34,scientist,78
3849,3848,M,35-44,other,67
3850,3849,M,18-24,clerical/admin,384
3851,3850,M,25-34,programmer,86
3852,3851,M,50-55,self-employed,57
3853,3852,M,25-34,sales/marketing,314
3854,3853,M,25-34,sales/marketing,82
3855,3854,M,25-34,technician/engineer,101
3856,3855,F,35-44,writer,47
3857,3856,M,18-24,sales/marketing,54
3858,3857,F,45-49,homemaker,162
3859,3858,M,25-34,other,309
3860,3859,M,45-49,technician/engineer,171
3861,3860,M,18-24,college/grad student,41
3862,3861,M,25-34,technician/engineer,33
3863,3862,M,25-34,other,25
3864,3863,M,50-55,writer,202
3865,3864,F,Under 18,K-12 student,57
3866,3865,M,45-49,sales/marketing,85
3867,3866,M,35-44,clerical/admin,42
3868,3867,M,18-24,programmer,275
3869,3868,M,18-24,technician/engineer,50
3870,3869,M,25-34,technician/engineer,26
3871,3870,M,18-24,college/grad student,114
3872,3871,M,25-34,academic/educator,48
3873,3872,F,45-49,artist,77
3874,3873,M,25-34,executive/managerial,115
3875,3874,M,25-34,other,39
3876,3875,M,25-34,other,44
3877,3876,M,45-49,academic/educator,22
3878,3877,M,35-44,self-employed,484
3879,3878,M,25-34,clerical/admin,46
3880,3879,M,25-34,executive/managerial,57
3881,3880,M,18-24,artist,81
3882,3881,M,56+,sales/marketing,203
3883,3882,M,50-55,self-employed,20
3884,3883,M,18-24,college/grad student,651
3885,3884,M,25-34,programmer,590
3886,3885,M,35-44,executive/managerial,91
3887,3886,M,18-24,college/grad student,319
3888,3887,M,45-49,technician/engineer,151
3889,3888,M,45-49,doctor/health care,133
3890,3889,M,18-24,college/grad student,71
3891,3890,F,56+,self-employed,100
3892,3891,M,25-34,writer,477
3893,3892,M,25-34,doctor/health care,50
3894,3893,M,35-44,self-employed,159
3895,3894,F,35-44,other,71
3896,3895,M,35-44,other,148
3897,3896,M,56+,technician/engineer,21
3898,3897,M,45-49,lawyer,101
3899,3898,M,25-34,technician/engineer,52
3900,3899,F,25-34,sales/marketing,409
3901,3900,M,18-24,sales/marketing,75
3902,3901,M,25-34,customer service,165
3903,3902,M,25-34,other,168
3904,3903,M,Under 18,K-12 student,103
3905,3904,M,25-34,technician/engineer,81
3906,3905,M,50-55,technician/engineer,64
3907,3906,F,18-24,sales/marketing,52
3908,3907,M,25-34,other,160
3909,3908,M,18-24,technician/engineer,78
3910,3909,M,25-34,writer,261
3911,3910,M,18-24,other,25
3912,3911,M,25-34,college/grad student,101
3913,3912,M,18-24,technician/engineer,167
3914,3913,M,35-44,college/grad student,113
3915,3914,F,35-44,clerical/admin,23
3916,3915,M,25-34,college/grad student,530
3917,3916,F,35-44,homemaker,98
3918,3917,M,25-34,tradesman/craftsman,26
3919,3918,M,45-49,other,69
3920,3919,M,35-44,technician/engineer,60
3921,3920,M,25-34,sales/marketing,72
3922,3921,M,18-24,college/grad student,178
3923,3922,M,35-44,artist,103
3924,3923,M,50-55,programmer,77
3925,3924,M,25-34,programmer,108
3926,3925,M,25-34,artist,65
3927,3926,F,25-34,self-employed,156
3928,3927,M,25-34,other,28
3929,3928,M,25-34,customer service,612
3930,3929,M,56+,clerical/admin,194
3931,3930,M,25-34,customer service,233
3932,3931,M,25-34,executive/managerial,32
3933,3932,F,35-44,doctor/health care,24
3934,3933,M,25-34,other,703
3935,3934,M,35-44,tradesman/craftsman,168
3936,3935,F,35-44,programmer,34
3937,3936,M,56+,artist,73
3938,3937,M,25-34,artist,94
3939,3938,M,45-49,executive/managerial,24
3940,3939,M,35-44,writer,492
3941,3940,M,45-49,technician/engineer,50
3942,3941,M,18-24,college/grad student,606
3943,3942,F,35-44,executive/managerial,65
3944,3943,F,35-44,self-employed,50
3945,3944,F,45-49,academic/educator,531
3946,3945,F,25-34,programmer,264
3947,3946,M,25-34,other,102
3948,3947,F,45-49,programmer,102
3949,3948,M,45-49,other,74
3950,3949,M,25-34,college/grad student,70
3951,3950,F,18-24,college/grad student,196
3952,3951,F,45-49,academic/educator,58
3953,3952,M,25-34,programmer,234
3954,3953,M,18-24,college/grad student,43
3955,3954,M,35-44,other,152
3956,3955,M,25-34,other,33
3957,3956,M,35-44,lawyer,351
3958,3957,M,45-49,executive/managerial,164
3959,3958,F,45-49,academic/educator,25
3960,3959,F,35-44,sales/marketing,28
3961,3960,M,25-34,academic/educator,230
3962,3961,F,56+,other,70
3963,3962,M,50-55,writer,457
3964,3963,M,56+,self-employed,64
3965,3964,M,18-24,lawyer,290
3966,3965,M,25-34,other,53
3967,3966,F,18-24,artist,446
3968,3967,M,25-34,artist,85
3969,3968,M,56+,executive/managerial,20
3970,3969,F,25-34,artist,253
3971,3970,F,18-24,college/grad student,368
3972,3971,F,25-34,doctor/health care,25
3973,3972,M,25-34,executive/managerial,91
3974,3973,M,35-44,other,123
3975,3974,F,25-34,customer service,92
3976,3975,F,25-34,other,299
3977,3976,M,35-44,sales/marketing,30
3978,3977,M,35-44,retired,132
3979,3978,F,50-55,homemaker,97
3980,3979,M,25-34,college/grad student,40
3981,3980,F,45-49,other,217
3982,3981,M,56+,retired,82
3983,3982,M,25-34,other,130
3984,3983,M,25-34,executive/managerial,65
3985,3984,M,45-49,self-employed,331
3986,3985,M,25-34,executive/managerial,50
3987,3986,F,18-24,college/grad student,46
3988,3987,F,25-34,sales/marketing,204
3989,3988,M,50-55,programmer,226
3990,3989,M,25-34,self-employed,85
3991,3990,M,25-34,executive/managerial,47
3992,3991,M,25-34,college/grad student,449
3993,3992,M,25-34,other,351
3994,3993,M,50-55,executive/managerial,187
3995,3994,M,35-44,technician/engineer,163
3996,3995,M,18-24,sales/marketing,112
3997,3996,M,35-44,technician/engineer,315
3998,3997,M,45-49,other,324
3999,3998,M,35-44,technician/engineer,742
4000,3999,M,35-44,executive/managerial,65
4001,4000,F,25-34,academic/educator,434
4002,4001,M,45-49,self-employed,59
4003,4002,M,56+,retired,42
4004,4003,M,50-55,other,128
4005,4004,M,35-44,executive/managerial,240
4006,4005,M,Under 18,executive/managerial,210
4007,4006,M,35-44,programmer,544
4008,4007,M,18-24,academic/educator,24
4009,4008,M,18-24,executive/managerial,309
4010,4009,M,25-34,sales/marketing,24
4011,4010,M,25-34,technician/engineer,51
4012,4011,M,18-24,college/grad student,47
4013,4012,M,25-34,academic/educator,224
4014,4013,M,25-34,other,225
4015,4014,F,45-49,clerical/admin,104
4016,4015,M,50-55,other,678
4017,4016,M,25-34,sales/marketing,39
4018,4017,F,45-49,writer,145
4019,4018,M,35-44,technician/engineer,25
4020,4019,M,25-34,doctor/health care,84
4021,4020,M,50-55,writer,765
4022,4021,M,35-44,sales/marketing,416
4023,4022,F,35-44,homemaker,87
4024,4023,M,25-34,customer service,252
4025,4024,F,56+,doctor/health care,28
4026,4025,M,25-34,executive/managerial,300
4027,4026,F,25-34,executive/managerial,51
4028,4027,M,25-34,college/grad student,537
4029,4028,F,56+,clerical/admin,77
4030,4029,M,35-44,executive/managerial,124
4031,4030,M,25-34,other,51
4032,4031,M,25-34,programmer,153
4033,4032,M,25-34,doctor/health care,662
4034,4033,M,25-34,other,108
4035,4034,M,18-24,college/grad student,57
4036,4035,M,25-34,academic/educator,126
4037,4036,M,50-55,self-employed,53
4038,4037,M,50-55,doctor/health care,23
4039,4038,M,25-34,self-employed,53
4040,4039,M,25-34,writer,186
4041,4040,M,18-24,clerical/admin,844
4042,4041,M,35-44,scientist,446
4043,4042,F,25-34,scientist,133
4044,4043,F,35-44,clerical/admin,62
4045,4044,M,56+,retired,44
4046,4045,M,45-49,technician/engineer,37
4047,4046,M,18-24,college/grad student,45
4048,4047,F,35-44,academic/educator,729
4049,4048,M,45-49,lawyer,375
4050,4049,M,35-44,doctor/health care,168
4051,4050,M,18-24,sales/marketing,100
4052,4051,M,25-34,artist,34
4053,4052,M,25-34,tradesman/craftsman,500
4054,4053,M,35-44,clerical/admin,616
4055,4054,M,50-55,other,407
4056,4055,M,Under 18,K-12 student,22
4057,4056,M,35-44,doctor/health care,38
4058,4057,M,25-34,doctor/health care,503
4059,4058,M,25-34,sales/marketing,45
4060,4059,M,25-34,tradesman/craftsman,256
4061,4060,M,50-55,doctor/health care,38
4062,4061,M,25-34,executive/managerial,322
4063,4062,F,35-44,academic/educator,59
4064,4063,M,45-49,other,1009
4065,4064,F,45-49,customer service,21
4066,4065,M,25-34,other,95
4067,4066,M,45-49,writer,80
4068,4067,M,56+,clerical/admin,20
4069,4068,M,35-44,scientist,31
4070,4069,M,25-34,scientist,135
4071,4070,M,25-34,technician/engineer,111
4072,4071,M,50-55,doctor/health care,254
4073,4072,M,25-34,doctor/health care,24
4074,4073,M,35-44,doctor/health care,26
4075,4074,M,25-34,self-employed,54
4076,4075,M,25-34,technician/engineer,48
4077,4076,F,35-44,artist,227
4078,4077,M,25-34,scientist,266
4079,4078,M,35-44,technician/engineer,433
4080,4079,M,35-44,academic/educator,83
4081,4080,M,18-24,programmer,51
4082,4081,M,25-34,writer,123
4083,4082,M,56+,sales/marketing,766
4084,4083,M,56+,retired,168
4085,4084,F,25-34,doctor/health care,829
4086,4085,F,Under 18,K-12 student,318
4087,4086,M,Under 18,college/grad student,60
4088,4087,M,25-34,clerical/admin,403
4089,4088,M,25-34,executive/managerial,702
4090,4089,M,56+,doctor/health care,203
4091,4090,M,25-34,technician/engineer,104
4092,4091,F,25-34,other,72
4093,4092,M,25-34,college/grad student,157
4094,4093,M,25-34,technician/engineer,270
4095,4094,M,25-34,other,62
4096,4095,M,25-34,scientist,239
4097,4096,M,25-34,executive/managerial,30
4098,4097,M,35-44,executive/managerial,114
4099,4098,M,35-44,technician/engineer,129
4100,4099,M,56+,doctor/health care,28
4101,4100,M,18-24,college/grad student,95
4102,4101,M,Under 18,K-12 student,89
4103,4102,M,18-24,self-employed,146
4104,4103,M,18-24,self-employed,154
4105,4104,M,50-55,executive/managerial,64
4106,4105,M,25-34,self-employed,28
4107,4106,F,25-34,other,350
4108,4107,M,35-44,technician/engineer,32
4109,4108,M,35-44,clerical/admin,25
4110,4109,F,45-49,executive/managerial,21
4111,4110,M,25-34,scientist,53
4112,4111,M,45-49,tradesman/craftsman,324
4113,4112,M,35-44,technician/engineer,33
4114,4113,M,35-44,sales/marketing,200
4115,4114,M,25-34,scientist,517
4116,4115,M,35-44,executive/managerial,363
4117,4116,M,18-24,college/grad student,204
4118,4117,M,25-34,clerical/admin,207
4119,4118,M,50-55,academic/educator,54
4120,4119,M,25-34,self-employed,48
4121,4120,M,45-49,executive/managerial,127
4122,4121,M,18-24,unemployed,315
4123,4122,F,25-34,college/grad student,106
4124,4123,M,25-34,tradesman/craftsman,310
4125,4124,M,35-44,artist,45
4126,4125,M,25-34,technician/engineer,358
4127,4126,M,50-55,technician/engineer,89
4128,4127,M,35-44,doctor/health care,50
4129,4128,M,56+,lawyer,29
4130,4129,M,35-44,doctor/health care,172
4131,4130,M,45-49,executive/managerial,123
4132,4131,M,25-34,technician/engineer,132
4133,4132,M,45-49,college/grad student,118
4134,4133,F,45-49,programmer,118
4135,4134,M,Under 18,K-12 student,66
4136,4135,M,50-55,self-employed,39
4137,4136,M,25-34,executive/managerial,85
4138,4137,M,25-34,executive/managerial,64
4139,4138,M,56+,sales/marketing,351
4140,4139,M,25-34,other,735
4141,4140,M,35-44,technician/engineer,226
4142,4141,M,56+,executive/managerial,24
4143,4142,F,25-34,customer service,24
4144,4143,M,18-24,college/grad student,140
4145,4144,F,50-55,academic/educator,25
4146,4145,M,35-44,technician/engineer,25
4147,4146,F,50-55,executive/managerial,61
4148,4147,F,35-44,executive/managerial,94
4149,4148,M,35-44,academic/educator,52
4150,4149,M,25-34,other,403
4151,4150,M,45-49,writer,36
4152,4151,M,25-34,sales/marketing,158
4153,4152,M,50-55,technician/engineer,169
4154,4153,M,25-34,academic/educator,23
4155,4154,M,50-55,technician/engineer,62
4156,4155,M,56+,writer,392
4157,4156,M,50-55,tradesman/craftsman,56
4158,4157,F,Under 18,K-12 student,23
4159,4158,F,50-55,homemaker,22
4160,4159,M,35-44,writer,120
4161,4160,M,45-49,other,459
4162,4161,F,25-34,sales/marketing,126
4163,4162,M,56+,executive/managerial,26
4164,4163,M,35-44,academic/educator,36
4165,4164,F,25-34,sales/marketing,51
4166,4165,F,25-34,executive/managerial,24
4167,4166,M,25-34,writer,465
4168,4167,F,45-49,doctor/health care,100
4169,4168,M,50-55,other,2314
4170,4169,M,45-49,executive/managerial,83
4171,4170,M,56+,self-employed,147
4172,4171,M,35-44,executive/managerial,70
4173,4172,F,18-24,lawyer,56
4174,4173,F,35-44,clerical/admin,40
4175,4174,M,35-44,other,92
4176,4175,M,45-49,executive/managerial,22
4177,4176,M,35-44,technician/engineer,152
4178,4177,F,50-55,self-employed,20
4179,4178,F,35-44,writer,161
4180,4179,M,56+,retired,82
4181,4180,F,25-34,executive/managerial,129
4182,4181,M,25-34,tradesman/craftsman,46
4183,4182,M,25-34,academic/educator,366
4184,4183,M,50-55,executive/managerial,26
4185,4184,M,25-34,sales/marketing,52
4186,4185,M,25-34,executive/managerial,640
4187,4186,F,56+,writer,67
4188,4187,M,50-55,executive/managerial,44
4189,4188,M,35-44,sales/marketing,33
4190,4189,M,45-49,technician/engineer,99
4191,4190,F,45-49,scientist,26
4192,4191,M,35-44,technician/engineer,20
4193,4192,M,56+,retired,261
4194,4193,M,18-24,college/grad student,174
4195,4194,F,56+,retired,101
4196,4195,M,35-44,sales/marketing,29
4197,4196,F,45-49,academic/educator,23
4198,4197,M,18-24,college/grad student,50
4199,4198,F,25-34,homemaker,47
4200,4199,M,45-49,executive/managerial,49
4201,4200,F,25-34,other,24
4202,4201,M,25-34,executive/managerial,23
4203,4202,M,25-34,tradesman/craftsman,145
4204,4203,M,35-44,executive/managerial,240
4205,4204,F,25-34,scientist,46
4206,4205,F,35-44,academic/educator,47
4207,4206,M,35-44,academic/educator,247
4208,4207,F,35-44,other,48
4209,4208,M,56+,other,23
4210,4209,M,25-34,technician/engineer,131
4211,4210,M,45-49,customer service,24
4212,4211,M,56+,tradesman/craftsman,155
4213,4212,M,35-44,executive/managerial,395
4214,4213,F,25-34,other,39
4215,4214,M,25-34,executive/managerial,289
4216,4215,M,25-34,technician/engineer,27
4217,4216,M,18-24,college/grad student,385
4218,4217,M,50-55,technician/engineer,101
4219,4218,M,35-44,technician/engineer,111
4220,4219,M,35-44,other,248
4221,4220,M,35-44,college/grad student,89
4222,4221,F,45-49,technician/engineer,122
4223,4222,F,35-44,technician/engineer,163
4224,4223,F,45-49,academic/educator,337
4225,4224,F,25-34,clerical/admin,129
4226,4225,F,35-44,doctor/health care,37
4227,4226,M,25-34,unemployed,1222
4228,4227,M,50-55,tradesman/craftsman,23
4229,4228,M,35-44,technician/engineer,63
4230,4229,M,56+,retired,21
4231,4230,F,50-55,tradesman/craftsman,50
4232,4231,F,35-44,writer,52
4233,4232,M,35-44,college/grad student,134
4234,4233,F,45-49,clerical/admin,159
4235,4234,M,50-55,artist,126
4236,4235,F,25-34,clerical/admin,51
4237,4236,M,25-34,sales/marketing,123
4238,4237,M,35-44,self-employed,819
4239,4238,M,50-55,executive/managerial,68
4240,4239,M,35-44,technician/engineer,66
4241,4240,M,35-44,executive/managerial,98
4242,4241,M,50-55,executive/managerial,131
4243,4242,M,56+,executive/managerial,142
4244,4243,M,35-44,technician/engineer,20
4245,4244,M,50-55,programmer,92
4246,4245,F,35-44,executive/managerial,36
4247,4246,M,25-34,college/grad student,76
4248,4247,M,25-34,college/grad student,85
4249,4248,F,18-24,technician/engineer,103
4250,4249,F,50-55,other,327
4251,4250,M,45-49,executive/managerial,97
4252,4251,F,35-44,clerical/admin,105
4253,4252,M,45-49,lawyer,338
4254,4253,M,25-34,technician/engineer,24
4255,4254,M,50-55,programmer,41
4256,4255,F,Under 18,artist,27
4257,4256,M,50-55,self-employed,139
4258,4257,M,25-34,technician/engineer,400
4259,4258,M,35-44,technician/engineer,21
4260,4259,M,25-34,self-employed,324
4261,4260,F,35-44,doctor/health care,277
4262,4261,F,35-44,doctor/health care,38
4263,4262,M,25-34,executive/managerial,38
4264,4263,M,45-49,academic/educator,21
4265,4264,M,25-34,programmer,209
4266,4265,M,56+,retired,69
4267,4266,M,35-44,executive/managerial,37
4268,4267,F,45-49,writer,310
4269,4268,M,35-44,tradesman/craftsman,227
4270,4269,M,45-49,executive/managerial,24
4271,4270,M,35-44,executive/managerial,526
4272,4271,M,45-49,technician/engineer,113
4273,4272,M,45-49,retired,33
4274,4273,F,45-49,academic/educator,153
4275,4274,F,45-49,self-employed,31
4276,4275,F,45-49,other,82
4277,4276,M,35-44,self-employed,1743
4278,4277,F,45-49,executive/managerial,36
4279,4278,M,25-34,self-employed,490
4280,4279,M,35-44,technician/engineer,88
4281,4280,M,56+,retired,204
4282,4281,M,35-44,other,29
4283,4282,F,25-34,homemaker,61
4284,4283,M,50-55,executive/managerial,156
4285,4284,M,35-44,other,516
4286,4285,M,35-44,technician/engineer,200
4287,4286,M,25-34,executive/managerial,293
4288,4287,F,25-34,homemaker,27
4289,4288,M,35-44,sales/marketing,154
4290,4289,M,25-34,technician/engineer,57
4291,4290,M,35-44,sales/marketing,211
4292,4291,M,25-34,other,96
4293,4292,F,45-49,homemaker,42
4294,4293,M,Under 18,K-12 student,157
4295,4294,M,18-24,tradesman/craftsman,40
4296,4295,M,56+,doctor/health care,62
4297,4296,M,45-49,scientist,47
4298,4297,F,18-24,sales/marketing,285
4299,4298,F,25-34,artist,100
4300,4299,F,18-24,college/grad student,40
4301,4300,M,35-44,lawyer,41
4302,4301,M,50-55,academic/educator,246
4303,4302,M,25-34,artist,374
4304,4303,M,18-24,other,25
4305,4304,F,45-49,technician/engineer,686
4306,4305,M,45-49,executive/managerial,91
4307,4306,M,25-34,other,34
4308,4307,M,25-34,other,104
4309,4308,M,25-34,other,132
4310,4309,M,25-34,college/grad student,297
4311,4310,M,50-55,retired,94
4312,4311,M,25-34,tradesman/craftsman,883
4313,4312,F,25-34,executive/managerial,96
4314,4313,M,25-34,technician/engineer,33
4315,4314,M,18-24,college/grad student,155
4316,4315,M,25-34,doctor/health care,39
4317,4316,F,35-44,sales/marketing,51
4318,4317,M,25-34,customer service,480
4319,4318,M,35-44,executive/managerial,51
4320,4319,M,25-34,customer service,81
4321,4320,M,45-49,executive/managerial,57
4322,4321,F,50-55,doctor/health care,395
4323,4322,M,18-24,college/grad student,137
4324,4323,M,25-34,customer service,33
4325,4324,M,25-34,other,24
4326,4325,F,45-49,retired,127
4327,4326,M,35-44,technician/engineer,162
4328,4327,M,50-55,clerical/admin,303
4329,4328,F,25-34,sales/marketing,172
4330,4329,F,45-49,doctor/health care,41
4331,4330,M,35-44,doctor/health care,36
4332,4331,F,25-34,clerical/admin,20
4333,4332,M,50-55,artist,170
4334,4333,M,25-34,academic/educator,157
4335,4334,M,35-44,other,484
4336,4335,F,25-34,other,122
4337,4336,M,18-24,writer,259
4338,4337,F,18-24,customer service,32
4339,4338,M,25-34,artist,66
4340,4339,F,25-34,technician/engineer,25
4341,4340,M,35-44,technician/engineer,33
4342,4341,M,25-34,other,229
4343,4342,M,25-34,programmer,215
4344,4343,M,25-34,academic/educator,1271
4345,4344,F,25-34,sales/marketing,592
4346,4345,M,18-24,technician/engineer,74
4347,4346,F,18-24,writer,138
4348,4347,M,45-49,other,24
4349,4348,M,18-24,artist,27
4350,4349,M,18-24,artist,71
4351,4350,M,25-34,programmer,169
4352,4351,M,18-24,college/grad student,472
4353,4352,M,25-34,executive/managerial,132
4354,4353,M,35-44,sales/marketing,635
4355,4354,M,50-55,sales/marketing,51
4356,4355,M,35-44,self-employed,256
4357,4356,F,35-44,homemaker,43
4358,4357,M,35-44,technician/engineer,31
4359,4358,M,18-24,college/grad student,81
4360,4359,F,25-34,homemaker,248
4361,4360,M,35-44,scientist,132
4362,4361,M,25-34,technician/engineer,260
4363,4362,M,35-44,sales/marketing,192
4364,4363,M,25-34,tradesman/craftsman,199
4365,4364,F,50-55,self-employed,20
4366,4365,M,18-24,scientist,35
4367,4366,M,35-44,other,119
4368,4367,M,18-24,technician/engineer,131
4369,4368,M,50-55,executive/managerial,44
4370,4369,M,25-34,self-employed,60
4371,4370,F,18-24,college/grad student,141
4372,4371,M,35-44,technician/engineer,25
4373,4372,M,50-55,programmer,303
4374,4373,M,18-24,college/grad student,127
4375,4374,F,25-34,customer service,325
4376,4375,F,25-34,customer service,58
4377,4376,M,25-34,other,187
4378,4377,M,18-24,technician/engineer,124
4379,4378,M,25-34,college/grad student,384
4380,4379,F,25-34,academic/educator,151
4381,4380,M,25-34,college/grad student,443
4382,4381,M,25-34,tradesman/craftsman,104
4383,4382,F,18-24,college/grad student,20
4384,4383,M,25-34,other,290
4385,4384,M,25-34,college/grad student,27
4386,4385,M,25-34,customer service,873
4387,4386,F,18-24,college/grad student,743
4388,4387,M,45-49,clerical/admin,459
4389,4388,M,25-34,college/grad student,125
4390,4389,M,25-34,other,278
4391,4390,F,18-24,college/grad student,37
4392,4391,M,18-24,college/grad student,25
4393,4392,M,18-24,college/grad student,20
4394,4393,M,25-34,college/grad student,33
4395,4394,M,50-55,doctor/health care,30
4396,4395,M,18-24,academic/educator,25
4397,4396,M,18-24,college/grad student,67
4398,4397,F,18-24,college/grad student,20
4399,4398,F,18-24,college/grad student,34
4400,4399,F,18-24,college/grad student,26
4401,4400,M,18-24,college/grad student,201
4402,4401,F,18-24,sales/marketing,31
4403,4402,M,25-34,scientist,87
4404,4403,M,25-34,academic/educator,372
4405,4404,M,25-34,sales/marketing,45
4406,4405,M,25-34,self-employed,322
4407,4406,M,18-24,college/grad student,231
4408,4407,F,45-49,artist,543
4409,4408,M,25-34,sales/marketing,109
4410,4409,M,18-24,unemployed,27
4411,4410,M,18-24,college/grad student,610
4412,4411,M,18-24,college/grad student,102
4413,4412,M,Under 18,retired,23
4414,4413,M,25-34,college/grad student,182
4415,4414,M,18-24,other,138
4416,4415,M,18-24,college/grad student,165
4417,4416,M,25-34,scientist,110
4418,4417,F,50-55,other,318
4419,4418,F,45-49,programmer,20
4420,4419,M,25-34,scientist,50
4421,4420,M,45-49,other,24
4422,4421,M,25-34,customer service,449
4423,4422,M,18-24,college/grad student,42
4424,4423,M,25-34,executive/managerial,33
4425,4424,M,35-44,executive/managerial,934
4426,4425,M,45-49,technician/engineer,75
4427,4426,M,18-24,other,23
4428,4427,M,25-34,sales/marketing,70
4429,4428,M,25-34,customer service,45
4430,4429,F,25-34,other,295
4431,4430,M,Under 18,sales/marketing,44
4432,4431,M,25-34,programmer,68
4433,4432,M,25-34,other,165
4434,4433,F,35-44,executive/managerial,48
4435,4434,M,25-34,executive/managerial,53
4436,4435,M,25-34,programmer,227
4437,4436,F,35-44,customer service,241
4438,4437,M,50-55,other,170
4439,4438,M,35-44,doctor/health care,41
4440,4439,M,35-44,academic/educator,85
4441,4440,M,18-24,college/grad student,30
4442,4441,M,50-55,scientist,52
4443,4442,M,56+,artist,80
4444,4443,F,25-34,programmer,80
4445,4444,M,25-34,clerical/admin,125
4446,4445,M,18-24,tradesman/craftsman,422
4447,4446,M,45-49,customer service,982
4448,4447,M,25-34,sales/marketing,1014
4449,4448,M,25-34,programmer,194
4450,4449,M,25-34,scientist,81
4451,4450,M,25-34,sales/marketing,277
4452,4451,F,25-34,executive/managerial,195
4453,4452,M,35-44,other,55
4454,4453,M,25-34,writer,160
4455,4454,M,35-44,executive/managerial,50
4456,4455,F,35-44,artist,163
4457,4456,M,35-44,sales/marketing,212
4458,4457,F,25-34,college/grad student,411
4459,4458,M,25-34,academic/educator,187
4460,4459,M,25-34,sales/marketing,145
4461,4460,M,25-34,writer,156
4462,4461,F,25-34,other,34
4463,4462,M,50-55,executive/managerial,20
4464,4463,F,50-55,academic/educator,21
4465,4464,M,18-24,college/grad student,86
4466,4465,M,35-44,lawyer,122
4467,4466,F,50-55,doctor/health care,180
4468,4467,F,35-44,executive/managerial,85
4469,4468,F,45-49,programmer,33
4470,4469,M,35-44,programmer,305
4471,4470,M,25-34,doctor/health care,173
4472,4471,F,45-49,self-employed,493
4473,4472,M,35-44,academic/educator,423
4474,4473,M,35-44,executive/managerial,36
4475,4474,M,18-24,college/grad student,45
4476,4475,M,45-49,academic/educator,203
4477,4476,M,25-34,executive/managerial,146
4478,4477,M,Under 18,programmer,446
4479,4478,M,50-55,retired,59
4480,4479,M,25-34,other,467
4481,4480,M,25-34,tradesman/craftsman,62
4482,4481,F,35-44,academic/educator,782
4483,4482,F,25-34,doctor/health care,188
4484,4483,F,25-34,technician/engineer,272
4485,4484,M,25-34,college/grad student,143
4486,4485,M,35-44,farmer,51
4487,4486,M,25-34,executive/managerial,60
4488,4487,M,35-44,executive/managerial,346
4489,4488,M,18-24,college/grad student,424
4490,4489,M,35-44,customer service,382
4491,4490,M,18-24,college/grad student,185
4492,4491,M,56+,retired,23
4493,4492,F,Under 18,K-12 student,50
4494,4493,M,45-49,other,74
4495,4494,M,18-24,college/grad student,36
4496,4495,M,45-49,artist,186
4497,4496,M,50-55,other,500
4498,4497,M,50-55,executive/managerial,154
4499,4498,M,25-34,doctor/health care,98
4500,4499,M,50-55,executive/managerial,28
4501,4500,M,25-34,technician/engineer,72
4502,4501,M,50-55,other,324
4503,4502,M,56+,academic/educator,38
4504,4503,F,25-34,other,25
4505,4504,M,50-55,executive/managerial,279
4506,4505,M,50-55,self-employed,536
4507,4506,M,18-24,college/grad student,232
4508,4507,M,25-34,writer,1211
4509,4508,M,25-34,executive/managerial,210
4510,4509,M,45-49,executive/managerial,1240
4511,4510,M,35-44,executive/managerial,147
4512,4511,M,25-34,academic/educator,159
4513,4512,M,56+,other,35
4514,4513,M,18-24,clerical/admin,147
4515,4514,M,56+,retired,22
4516,4515,M,18-24,college/grad student,55
4517,4516,F,18-24,academic/educator,413
4518,4517,M,25-34,other,84
4519,4518,M,50-55,executive/managerial,42
4520,4519,M,25-34,college/grad student,285
4521,4520,M,35-44,programmer,229
4522,4521,M,45-49,academic/educator,189
4523,4522,M,18-24,artist,394
4524,4523,M,25-34,artist,289
4525,4524,M,25-34,sales/marketing,20
4526,4525,M,25-34,writer,170
4527,4526,M,18-24,other,20
4528,4527,M,25-34,sales/marketing,62
4529,4528,M,35-44,doctor/health care,47
4530,4529,F,35-44,academic/educator,56
4531,4530,M,18-24,college/grad student,243
4532,4531,M,25-34,executive/managerial,129
4533,4532,M,25-34,programmer,57
4534,4533,M,18-24,college/grad student,77
4535,4534,M,18-24,unemployed,368
4536,4535,M,18-24,programmer,34
4537,4536,F,45-49,academic/educator,25
4538,4537,M,25-34,programmer,40
4539,4538,M,35-44,unemployed,119
4540,4539,F,25-34,sales/marketing,69
4541,4540,M,Under 18,K-12 student,148
4542,4541,M,35-44,other,28
4543,4542,M,25-34,artist,1050
4544,4543,M,56+,academic/educator,48
4545,4544,M,25-34,self-employed,30
4546,4545,M,25-34,executive/managerial,50
4547,4546,M,18-24,programmer,20
4548,4547,M,18-24,artist,21
4549,4548,F,Under 18,K-12 student,25
4550,4549,M,18-24,self-employed,28
4551,4550,M,18-24,programmer,82
4552,4551,M,25-34,other,115
4553,4552,F,35-44,self-employed,55
4554,4553,F,25-34,homemaker,21
4555,4554,F,18-24,homemaker,89
4556,4555,M,45-49,self-employed,221
4557,4556,M,25-34,sales/marketing,86
4558,4557,M,35-44,sales/marketing,21
4559,4558,M,25-34,executive/managerial,43
4560,4559,M,25-34,other,294
4561,4560,F,25-34,homemaker,110
4562,4561,M,35-44,K-12 student,302
4563,4562,F,25-34,doctor/health care,40
4564,4563,M,35-44,programmer,26
4565,4564,M,35-44,sales/marketing,36
4566,4565,M,35-44,technician/engineer,154
4567,4566,M,18-24,college/grad student,88
4568,4567,F,25-34,college/grad student,305
4569,4568,M,25-34,other,86
4570,4569,M,45-49,technician/engineer,38
4571,4570,M,35-44,executive/managerial,102
4572,4571,F,Under 18,K-12 student,145
4573,4572,M,50-55,self-employed,154
4574,4573,M,25-34,college/grad student,50
4575,4574,F,Under 18,K-12 student,125
4576,4575,F,25-34,executive/managerial,24
4577,4576,M,35-44,executive/managerial,172
4578,4577,M,25-34,other,560
4579,4578,F,18-24,college/grad student,689
4580,4579,F,56+,retired,137
4581,4580,M,25-34,academic/educator,83
4582,4581,F,25-34,other,46
4583,4582,M,50-55,academic/educator,27
4584,4583,F,45-49,other,62
4585,4584,M,35-44,executive/managerial,321
4586,4585,M,25-34,college/grad student,52
4587,4586,M,35-44,sales/marketing,44
4588,4587,F,25-34,college/grad student,47
4589,4588,M,25-34,technician/engineer,108
4590,4589,F,18-24,writer,50
4591,4590,M,25-34,scientist,480
4592,4591,M,18-24,college/grad student,224
4593,4592,F,45-49,academic/educator,300
4594,4593,M,35-44,self-employed,36
4595,4594,M,25-34,tradesman/craftsman,76
4596,4595,F,18-24,college/grad student,206
4597,4596,F,25-34,college/grad student,22
4598,4597,F,35-44,clerical/admin,106
4599,4598,F,35-44,other,47
4600,4599,M,25-34,other,260
4601,4600,M,35-44,sales/marketing,129
4602,4601,M,35-44,executive/managerial,76
4603,4602,F,35-44,artist,37
4604,4603,M,25-34,scientist,76
4605,4604,M,25-34,scientist,203
4606,4605,F,Under 18,K-12 student,106
4607,4606,M,25-34,other,504
4608,4607,F,25-34,other,76
4609,4608,F,25-34,college/grad student,264
4610,4609,F,25-34,college/grad student,160
4611,4610,F,18-24,college/grad student,370
4612,4611,F,18-24,college/grad student,40
4613,4612,M,25-34,programmer,82
4614,4613,F,45-49,academic/educator,21
4615,4614,M,25-34,technician/engineer,148
4616,4615,M,25-34,writer,34
4617,4616,F,25-34,doctor/health care,73
4618,4617,M,25-34,sales/marketing,76
4619,4618,F,25-34,academic/educator,153
4620,4619,F,18-24,technician/engineer,132
4621,4620,M,25-34,college/grad student,189
4622,4621,M,25-34,programmer,23
4623,4622,M,25-34,self-employed,38
4624,4623,M,25-34,programmer,61
4625,4624,M,25-34,executive/managerial,81
4626,4625,M,25-34,sales/marketing,386
4627,4626,M,56+,academic/educator,103
4628,4627,F,56+,doctor/health care,20
4629,4628,F,18-24,college/grad student,32
4630,4629,F,25-34,college/grad student,29
4631,4630,M,18-24,college/grad student,129
4632,4631,M,25-34,other,56
4633,4632,M,Under 18,other,81
4634,4633,M,50-55,writer,102
4635,4634,M,18-24,college/grad student,314
4636,4635,M,18-24,artist,25
4637,4636,F,35-44,homemaker,378
4638,4637,M,25-34,college/grad student,37
4639,4638,M,35-44,lawyer,52
4640,4639,M,25-34,college/grad student,152
4641,4640,M,25-34,executive/managerial,40
4642,4641,M,25-34,other,33
4643,4642,M,25-34,other,201
4644,4643,M,50-55,academic/educator,143
4645,4644,F,50-55,doctor/health care,126
4646,4645,F,25-34,doctor/health care,39
4647,4646,M,35-44,writer,893
4648,4647,M,18-24,college/grad student,37
4649,4648,M,56+,retired,33
4650,4649,M,25-34,executive/managerial,144
4651,4650,F,45-49,other,42
4652,4651,F,25-34,executive/managerial,50
4653,4652,M,35-44,programmer,404
4654,4653,M,35-44,writer,80
4655,4654,F,25-34,academic/educator,342
4656,4655,M,25-34,technician/engineer,219
4657,4656,M,45-49,sales/marketing,32
4658,4657,M,25-34,college/grad student,556
4659,4658,F,25-34,sales/marketing,204
4660,4659,F,18-24,college/grad student,41
4661,4660,M,45-49,scientist,204
4662,4661,F,18-24,college/grad student,175
4663,4662,M,25-34,college/grad student,393
4664,4663,F,45-49,executive/managerial,38
4665,4664,M,35-44,artist,22
4666,4665,M,35-44,academic/educator,354
4667,4666,M,25-34,sales/marketing,37
4668,4667,M,35-44,sales/marketing,32
4669,4668,M,35-44,executive/managerial,45
4670,4669,M,35-44,customer service,103
4671,4670,M,25-34,programmer,167
4672,4671,M,56+,retired,23
4673,4672,M,35-44,self-employed,528
4674,4673,F,35-44,executive/managerial,95
4675,4674,F,18-24,college/grad student,333
4676,4675,M,45-49,sales/marketing,33
4677,4676,M,50-55,doctor/health care,22
4678,4677,M,35-44,artist,86
4679,4678,M,56+,retired,62
4680,4679,M,35-44,other,322
4681,4680,F,35-44,scientist,162
4682,4681,M,25-34,executive/managerial,784
4683,4682,M,25-34,other,66
4684,4683,F,25-34,other,64
4685,4684,M,35-44,academic/educator,169
4686,4685,M,18-24,academic/educator,91
4687,4686,M,35-44,sales/marketing,116
4688,4687,M,25-34,homemaker,132
4689,4688,M,18-24,programmer,72
4690,4689,F,Under 18,K-12 student,74
4691,4690,F,45-49,technician/engineer,76
4692,4691,F,25-34,executive/managerial,33
4693,4692,M,18-24,academic/educator,49
4694,4693,M,56+,executive/managerial,70
4695,4694,M,18-24,tradesman/craftsman,30
4696,4695,M,18-24,programmer,27
4697,4696,M,18-24,K-12 student,148
4698,4697,F,25-34,doctor/health care,27
4699,4698,F,18-24,other,169
4700,4699,F,18-24,college/grad student,162
4701,4700,M,45-49,technician/engineer,63
4702,4701,M,25-34,lawyer,44
4703,4702,M,25-34,executive/managerial,23
4704,4703,M,18-24,writer,328
4705,4704,F,18-24,other,224
4706,4705,M,25-34,sales/marketing,108
4707,4706,M,Under 18,other,41
4708,4707,M,25-34,other,406
4709,4708,M,45-49,other,56
4710,4709,F,35-44,self-employed,35
4711,4710,M,25-34,technician/engineer,124
4712,4711,M,35-44,technician/engineer,37
4713,4712,M,25-34,technician/engineer,66
4714,4713,M,50-55,academic/educator,62
4715,4714,M,25-34,artist,509
4716,4715,F,25-34,self-employed,68
4717,4716,M,45-49,technician/engineer,81
4718,4717,M,35-44,executive/managerial,138
4719,4718,F,35-44,homemaker,32
4720,4719,M,25-34,artist,47
4721,4720,M,35-44,lawyer,71
4722,4721,M,35-44,programmer,31
4723,4722,M,35-44,executive/managerial,33
4724,4723,F,56+,doctor/health care,33
4725,4724,M,35-44,customer service,1006
4726,4725,F,35-44,self-employed,283
4727,4726,F,56+,other,55
4728,4727,M,25-34,unemployed,698
4729,4728,M,50-55,self-employed,235
4730,4729,M,50-55,lawyer,27
4731,4730,M,25-34,technician/engineer,55
4732,4731,M,25-34,sales/marketing,685
4733,4732,M,18-24,tradesman/craftsman,104
4734,4733,M,50-55,academic/educator,171
4735,4734,M,45-49,clerical/admin,106
4736,4735,M,18-24,writer,318
4737,4736,M,35-44,self-employed,109
4738,4737,M,56+,academic/educator,195
4739,4738,M,25-34,clerical/admin,107
4740,4739,F,25-34,clerical/admin,51
4741,4740,M,35-44,executive/managerial,22
4742,4741,M,25-34,clerical/admin,249
4743,4742,M,56+,retired,30
4744,4743,M,50-55,scientist,66
4745,4744,F,18-24,college/grad student,103
4746,4745,M,50-55,academic/educator,96
4747,4746,M,18-24,college/grad student,240
4748,4747,M,45-49,self-employed,363
4749,4748,M,45-49,other,20
4750,4749,F,25-34,other,254
4751,4750,M,50-55,scientist,29
4752,4751,F,18-24,college/grad student,24
4753,4752,M,56+,academic/educator,63
4754,4753,F,18-24,other,248
4755,4754,F,56+,executive/managerial,25
4756,4755,M,56+,self-employed,27
4757,4756,M,35-44,technician/engineer,97
4758,4757,F,56+,retired,25
4759,4758,F,50-55,other,49
4760,4759,M,35-44,technician/engineer,57
4761,4760,M,18-24,scientist,39
4762,4761,F,25-34,sales/marketing,73
4763,4762,M,56+,lawyer,57
4764,4763,M,Under 18,K-12 student,40
4765,4764,F,35-44,self-employed,267
4766,4765,M,35-44,self-employed,42
4767,4766,F,35-44,homemaker,47
4768,4767,M,25-34,college/grad student,72
4769,4768,M,25-34,academic/educator,65
4770,4769,F,35-44,executive/managerial,33
4771,4770,F,25-34,college/grad student,513
4772,4771,M,56+,technician/engineer,100
4773,4772,M,45-49,academic/educator,103
4774,4773,M,45-49,sales/marketing,194
4775,4774,M,25-34,technician/engineer,20
4776,4775,F,25-34,clerical/admin,25
4777,4776,M,25-34,artist,37
4778,4777,M,25-34,other,36
4779,4778,M,45-49,clerical/admin,213
4780,4779,M,25-34,programmer,110
4781,4780,F,50-55,doctor/health care,43
4782,4781,M,45-49,academic/educator,117
4783,4782,M,25-34,other,55
4784,4783,F,35-44,doctor/health care,409
4785,4784,F,25-34,sales/marketing,271
4786,4785,M,45-49,doctor/health care,390
4787,4786,M,Under 18,lawyer,30
4788,4787,M,35-44,executive/managerial,303
4789,4788,M,35-44,artist,270
4790,4789,F,25-34,artist,378
4791,4790,M,18-24,college/grad student,250
4792,4791,F,50-55,executive/managerial,25
4793,4792,F,25-34,doctor/health care,173
4794,4793,F,35-44,other,102
4795,4794,M,45-49,self-employed,116
4796,4795,M,35-44,executive/managerial,341
4797,4796,F,35-44,technician/engineer,57
4798,4797,M,25-34,academic/educator,119
4799,4798,F,18-24,college/grad student,58
4800,4799,M,18-24,college/grad student,253
4801,4800,M,25-34,college/grad student,196
4802,4801,M,56+,academic/educator,640
4803,4802,F,25-34,self-employed,37
4804,4803,F,35-44,academic/educator,47
4805,4804,M,35-44,academic/educator,35
4806,4805,M,25-34,technician/engineer,159
4807,4806,M,Under 18,artist,92
4808,4807,M,35-44,other,939
4809,4808,F,50-55,college/grad student,178
4810,4809,M,18-24,programmer,197
4811,4810,M,35-44,academic/educator,42
4812,4811,M,18-24,sales/marketing,127
4813,4812,F,35-44,homemaker,104
4814,4813,M,18-24,sales/marketing,165
4815,4814,F,50-55,tradesman/craftsman,222
4816,4815,F,45-49,doctor/health care,372
4817,4816,M,25-34,academic/educator,92
4818,4817,F,25-34,technician/engineer,50
4819,4818,M,35-44,tradesman/craftsman,546
4820,4819,M,50-55,lawyer,36
4821,4820,M,18-24,unemployed,234
4822,4821,F,35-44,other,28
4823,4822,M,18-24,college/grad student,470
4824,4823,M,25-34,executive/managerial,227
4825,4824,M,25-34,technician/engineer,49
4826,4825,M,45-49,programmer,163
4827,4826,M,35-44,other,72
4828,4827,F,18-24,writer,100
4829,4828,M,25-34,other,323
4830,4829,M,Under 18,K-12 student,114
4831,4830,F,25-34,academic/educator,237
4832,4831,M,25-34,sales/marketing,131
4833,4832,M,35-44,self-employed,81
4834,4833,F,45-49,homemaker,280
4835,4834,M,25-34,writer,83
4836,4835,F,45-49,self-employed,65
4837,4836,M,25-34,customer service,328
4838,4837,M,45-49,academic/educator,39
4839,4838,F,50-55,doctor/health care,23
4840,4839,F,45-49,doctor/health care,72
4841,4840,M,25-34,programmer,92
4842,4841,F,35-44,academic/educator,69
4843,4842,M,56+,academic/educator,116
4844,4843,M,45-49,executive/managerial,29
4845,4844,F,25-34,academic/educator,153
4846,4845,F,25-34,artist,30
4847,4846,M,25-34,programmer,72
4848,4847,F,35-44,doctor/health care,54
4849,4848,F,18-24,college/grad student,157
4850,4849,F,45-49,clerical/admin,37
4851,4850,M,18-24,technician/engineer,24
4852,4851,M,35-44,other,243
4853,4852,M,25-34,executive/managerial,38
4854,4853,F,50-55,retired,164
4855,4854,M,25-34,programmer,219
4856,4855,M,25-34,executive/managerial,79
4857,4856,M,25-34,sales/marketing,61
4858,4857,M,25-34,academic/educator,113
4859,4858,F,18-24,sales/marketing,43
4860,4859,M,25-34,artist,48
4861,4860,M,25-34,college/grad student,197
4862,4861,M,25-34,other,94
4863,4862,F,25-34,homemaker,31
4864,4863,M,18-24,writer,33
4865,4864,F,35-44,sales/marketing,246
4866,4865,M,56+,programmer,75
4867,4866,M,25-34,self-employed,622
4868,4867,M,35-44,technician/engineer,179
4869,4868,F,45-49,doctor/health care,285
4870,4869,F,35-44,clerical/admin,116
4871,4870,M,18-24,programmer,21
4872,4871,M,45-49,academic/educator,41
4873,4872,M,56+,lawyer,28
4874,4873,F,25-34,college/grad student,31
4875,4874,M,35-44,other,100
4876,4875,F,35-44,technician/engineer,36
4877,4876,M,25-34,college/grad student,95
4878,4877,M,50-55,college/grad student,43
4879,4878,M,25-34,clerical/admin,467
4880,4879,F,45-49,homemaker,21
4881,4880,M,45-49,self-employed,22
4882,4881,M,45-49,lawyer,203
4883,4882,F,Under 18,K-12 student,50
4884,4883,M,35-44,sales/marketing,388
4885,4884,M,56+,academic/educator,30
4886,4885,F,35-44,technician/engineer,102
4887,4886,M,18-24,artist,420
4888,4887,F,56+,other,299
4889,4888,M,18-24,college/grad student,262
4890,4889,F,25-34,academic/educator,171
4891,4890,M,35-44,technician/engineer,28
4892,4891,M,25-34,programmer,120
4893,4892,M,25-34,technician/engineer,90
4894,4893,M,35-44,executive/managerial,41
4895,4894,F,25-34,clerical/admin,68
4896,4895,M,35-44,doctor/health care,41
4897,4896,M,35-44,self-employed,400
4898,4897,M,25-34,academic/educator,239
4899,4898,M,25-34,programmer,245
4900,4899,M,25-34,writer,23
4901,4900,M,25-34,executive/managerial,191
4902,4901,M,35-44,sales/marketing,135
4903,4902,M,35-44,programmer,55
4904,4903,M,50-55,scientist,404
4905,4904,F,45-49,academic/educator,100
4906,4905,M,50-55,technician/engineer,241
4907,4906,F,50-55,executive/managerial,184
4908,4907,M,35-44,scientist,114
4909,4908,F,35-44,programmer,138
4910,4909,M,18-24,programmer,50
4911,4910,F,25-34,other,81
4912,4911,F,50-55,writer,22
4913,4912,F,25-34,academic/educator,45
4914,4913,F,25-34,academic/educator,52
4915,4914,M,25-34,programmer,107
4916,4915,M,18-24,writer,170
4917,4916,M,45-49,other,238
4918,4917,F,18-24,programmer,301
4919,4918,M,18-24,other,37
4920,4919,M,35-44,academic/educator,50
4921,4920,F,25-34,scientist,207
4922,4921,M,18-24,technician/engineer,191
4923,4922,M,45-49,tradesman/craftsman,32
4924,4923,F,35-44,other,41
4925,4924,F,35-44,doctor/health care,42
4926,4925,M,Under 18,K-12 student,23
4927,4926,M,45-49,other,126
4928,4927,F,25-34,clerical/admin,329
4929,4928,M,45-49,academic/educator,42
4930,4929,M,50-55,technician/engineer,96
4931,4930,M,50-55,technician/engineer,80
4932,4931,M,25-34,executive/managerial,332
4933,4932,M,25-34,scientist,302
4934,4933,F,25-34,other,179
4935,4934,M,35-44,technician/engineer,22
4936,4935,F,18-24,college/grad student,40
4937,4936,M,35-44,other,214
4938,4937,F,18-24,college/grad student,37
4939,4938,M,25-34,executive/managerial,174
4940,4939,F,50-55,lawyer,284
4941,4940,M,56+,writer,34
4942,4941,M,45-49,programmer,276
4943,4942,F,50-55,other,21
4944,4943,M,50-55,technician/engineer,22
4945,4944,M,50-55,other,144
4946,4945,F,35-44,academic/educator,257
4947,4946,M,35-44,technician/engineer,100
4948,4947,M,45-49,artist,507
4949,4948,M,18-24,college/grad student,38
4950,4949,M,25-34,self-employed,474
4951,4950,F,35-44,technician/engineer,312
4952,4951,F,25-34,sales/marketing,100
4953,4952,M,35-44,programmer,217
4954,4953,M,45-49,other,122
4955,4954,M,56+,retired,28
4956,4955,M,35-44,scientist,253
4957,4956,M,25-34,artist,744
4958,4957,M,18-24,executive/managerial,451
4959,4958,M,25-34,technician/engineer,188
4960,4959,M,56+,academic/educator,75
4961,4960,M,25-34,executive/managerial,177
4962,4961,M,25-34,doctor/health care,217
4963,4962,M,45-49,technician/engineer,114
4964,4963,M,35-44,other,403
4965,4964,M,Under 18,K-12 student,144
4966,4965,M,50-55,sales/marketing,48
4967,4966,M,18-24,college/grad student,104
4968,4967,F,50-55,writer,28
4969,4968,M,18-24,unemployed,29
4970,4969,F,25-34,programmer,29
4971,4970,M,35-44,executive/managerial,28
4972,4971,M,35-44,other,329
4973,4972,F,56+,artist,149
4974,4973,M,35-44,writer,28
4975,4974,M,35-44,other,175
4976,4975,M,25-34,lawyer,58
4977,4976,M,25-34,college/grad student,183
4978,4977,M,35-44,sales/marketing,72
4979,4978,M,35-44,artist,882
4980,4979,M,25-34,academic/educator,213
4981,4980,M,50-55,academic/educator,307
4982,4981,M,25-34,programmer,37
4983,4982,F,45-49,self-employed,143
4984,4983,M,35-44,other,205
4985,4984,M,35-44,other,152
4986,4985,M,18-24,programmer,27
4987,4986,F,56+,farmer,52
4988,4987,M,25-34,technician/engineer,26
4989,4988,M,25-34,other,77
4990,4989,F,25-34,college/grad student,61
4991,4990,F,56+,sales/marketing,20
4992,4991,F,25-34,artist,21
4993,4992,M,45-49,technician/engineer,47
4994,4993,M,45-49,technician/engineer,135
4995,4994,M,50-55,writer,356
4996,4995,M,35-44,executive/managerial,28
4997,4996,M,Under 18,K-12 student,56
4998,4997,F,18-24,college/grad student,79
4999,4998,F,56+,retired,68
5000,4999,M,25-34,college/grad student,401
5001,5000,F,25-34,artist,225
5002,5001,M,25-34,technician/engineer,265
5003,5002,M,35-44,programmer,33
5004,5003,F,56+,academic/educator,41
5005,5004,M,45-49,self-employed,429
5006,5005,M,35-44,clerical/admin,45
5007,5006,F,18-24,college/grad student,23
5008,5007,M,25-34,writer,209
5009,5008,F,45-49,self-employed,63
5010,5009,M,45-49,scientist,52
5011,5010,M,18-24,college/grad student,559
5012,5011,M,50-55,scientist,20
5013,5012,M,18-24,college/grad student,70
5014,5013,M,45-49,other,144
5015,5014,M,35-44,doctor/health care,644
5016,5015,F,35-44,academic/educator,96
5017,5016,M,35-44,programmer,39
5018,5017,F,56+,programmer,247
5019,5018,M,25-34,executive/managerial,177
5020,5019,F,56+,retired,109
5021,5020,M,50-55,doctor/health care,185
5022,5021,M,35-44,executive/managerial,35
5023,5022,M,35-44,writer,120
5024,5023,F,45-49,academic/educator,77
5025,5024,M,25-34,writer,125
5026,5025,M,25-34,technician/engineer,874
5027,5026,F,25-34,sales/marketing,20
5028,5027,M,25-34,programmer,23
5029,5028,M,25-34,college/grad student,160
5030,5029,M,18-24,academic/educator,28
5031,5030,F,25-34,college/grad student,61
5032,5031,M,18-24,technician/engineer,103
5033,5032,F,56+,retired,48
5034,5033,F,25-34,scientist,141
5035,5034,F,25-34,technician/engineer,249
5036,5035,M,35-44,executive/managerial,48
5037,5036,M,35-44,programmer,105
5038,5037,M,25-34,writer,210
5039,5038,F,35-44,college/grad student,360
5040,5039,M,45-49,programmer,111
5041,5040,F,45-49,doctor/health care,114
5042,5041,F,18-24,artist,368
5043,5042,F,18-24,doctor/health care,25
5044,5043,F,35-44,doctor/health care,137
5045,5044,M,35-44,other,34
5046,5045,M,25-34,self-employed,868
5047,5046,M,45-49,doctor/health care,319
5048,5047,F,35-44,executive/managerial,89
5049,5048,M,25-34,programmer,192
5050,5049,F,18-24,college/grad student,85
5051,5050,F,50-55,executive/managerial,30
5052,5051,M,35-44,self-employed,21
5053,5052,M,25-34,college/grad student,231
5054,5053,M,35-44,artist,715
5055,5054,F,35-44,self-employed,42
5056,5055,M,45-49,academic/educator,194
5057,5056,M,50-55,executive/managerial,74
5058,5057,M,56+,technician/engineer,47
5059,5058,M,45-49,self-employed,136
5060,5059,M,45-49,technician/engineer,81
5061,5060,F,18-24,unemployed,211
5062,5061,M,50-55,self-employed,24
5063,5062,F,Under 18,K-12 student,113
5064,5063,M,18-24,college/grad student,99
5065,5064,M,25-34,sales/marketing,265
5066,5065,F,25-34,academic/educator,33
5067,5066,M,56+,retired,35
5068,5067,M,35-44,executive/managerial,55
5069,5068,F,56+,other,25
5070,5069,M,25-34,artist,488
5071,5070,F,25-34,executive/managerial,81
5072,5071,M,45-49,technician/engineer,59
5073,5072,M,56+,artist,25
5074,5073,M,Under 18,other,761
5075,5074,M,50-55,doctor/health care,58
5076,5075,M,25-34,clerical/admin,109
5077,5076,M,25-34,artist,424
5078,5077,M,45-49,executive/managerial,60
5079,5078,M,25-34,college/grad student,63
5080,5079,F,50-55,programmer,69
5081,5080,F,18-24,college/grad student,101
5082,5081,M,35-44,academic/educator,232
5083,5082,M,25-34,college/grad student,285
5084,5083,M,18-24,college/grad student,266
5085,5084,M,56+,technician/engineer,221
5086,5085,M,25-34,academic/educator,161
5087,5086,F,25-34,doctor/health care,296
5088,5087,M,25-34,technician/engineer,31
5089,5088,F,35-44,self-employed,33
5090,5089,F,35-44,unemployed,420
5091,5090,M,25-34,technician/engineer,304
5092,5091,M,56+,sales/marketing,71
5093,5092,M,50-55,executive/managerial,49
5094,5093,M,18-24,K-12 student,59
5095,5094,F,35-44,academic/educator,43
5096,5095,M,25-34,lawyer,268
5097,5096,M,56+,self-employed,133
5098,5097,M,50-55,executive/managerial,197
5099,5098,M,18-24,other,203
5100,5099,M,50-55,doctor/health care,853
5101,5100,M,25-34,other,49
5102,5101,M,25-34,programmer,144
5103,5102,F,35-44,self-employed,305
5104,5103,M,35-44,writer,54
5105,5104,M,50-55,executive/managerial,98
5106,5105,F,35-44,academic/educator,74
5107,5106,F,45-49,other,606
5108,5107,F,25-34,homemaker,371
5109,5108,F,45-49,doctor/health care,131
5110,5109,M,35-44,scientist,25
5111,5110,M,35-44,artist,800
5112,5111,M,35-44,retired,317
5113,5112,M,25-34,other,546
5114,5113,F,Under 18,K-12 student,149
5115,5114,M,56+,programmer,40
5116,5115,M,35-44,doctor/health care,21
5117,5116,F,25-34,other,21
5118,5117,M,Under 18,K-12 student,120
5119,5118,F,25-34,other,24
5120,5119,M,50-55,executive/managerial,193
5121,5120,M,25-34,executive/managerial,162
5122,5121,M,25-34,other,23
5123,5122,M,50-55,programmer,102
5124,5123,M,35-44,artist,268
5125,5124,M,45-49,other,34
5126,5125,M,25-34,lawyer,142
5127,5126,M,45-49,customer service,51
5128,5127,M,50-55,executive/managerial,95
5129,5128,M,45-49,technician/engineer,110
5130,5129,F,50-55,academic/educator,28
5131,5130,F,25-34,academic/educator,394
5132,5131,M,35-44,executive/managerial,58
5133,5132,M,18-24,lawyer,65
5134,5133,M,25-34,technician/engineer,95
5135,5134,M,35-44,executive/managerial,77
5136,5135,M,25-34,programmer,214
5137,5136,M,18-24,tradesman/craftsman,116
5138,5137,M,25-34,technician/engineer,162
5139,5138,M,50-55,self-employed,126
5140,5139,M,25-34,doctor/health care,373
5141,5140,M,18-24,technician/engineer,43
5142,5141,M,25-34,academic/educator,327
5143,5142,M,18-24,college/grad student,119
5144,5143,F,50-55,other,32
5145,5144,M,35-44,executive/managerial,20
5146,5145,M,56+,academic/educator,30
5147,5146,M,18-24,other,37
5148,5147,M,25-34,writer,103
5149,5148,M,35-44,academic/educator,30
5150,5149,M,25-34,clerical/admin,36
5151,5150,M,18-24,unemployed,159
5152,5151,F,25-34,college/grad student,27
5153,5152,M,25-34,executive/managerial,460
5154,5153,M,25-34,self-employed,33
5155,5154,M,25-34,self-employed,26
5156,5155,M,18-24,sales/marketing,320
5157,5156,M,35-44,academic/educator,90
5158,5157,F,18-24,college/grad student,204
5159,5158,M,35-44,executive/managerial,20
5160,5159,F,18-24,college/grad student,29
5161,5160,M,25-34,college/grad student,315
5162,5161,M,25-34,technician/engineer,36
5163,5162,M,45-49,doctor/health care,501
5164,5163,F,35-44,technician/engineer,75
5165,5164,M,35-44,doctor/health care,99
5166,5165,M,50-55,doctor/health care,116
5167,5166,M,18-24,scientist,150
5168,5167,M,35-44,executive/managerial,20
5169,5168,F,50-55,college/grad student,119
5170,5169,M,18-24,college/grad student,74
5171,5170,M,56+,technician/engineer,28
5172,5171,F,35-44,lawyer,456
5173,5172,M,Under 18,K-12 student,138
5174,5173,M,45-49,academic/educator,21
5175,5174,F,35-44,homemaker,33
5176,5175,M,Under 18,K-12 student,46
5177,5176,M,45-49,sales/marketing,100
5178,5177,M,50-55,other,272
5179,5178,M,25-34,programmer,39
5180,5179,M,35-44,lawyer,117
5181,5180,M,25-34,executive/managerial,52
5182,5181,F,35-44,executive/managerial,304
5183,5182,F,18-24,writer,101
5184,5183,M,18-24,writer,301
5185,5184,F,35-44,college/grad student,281
5186,5185,M,35-44,programmer,73
5187,5186,M,18-24,self-employed,118
5188,5187,F,35-44,homemaker,89
5189,5188,F,45-49,executive/managerial,42
5190,5189,F,35-44,other,43
5191,5190,F,25-34,college/grad student,36
5192,5191,M,25-34,executive/managerial,22
5193,5192,M,35-44,programmer,204
5194,5193,M,25-34,executive/managerial,69
5195,5194,M,35-44,executive/managerial,67
5196,5195,M,56+,executive/managerial,80
5197,5196,F,56+,clerical/admin,124
5198,5197,F,18-24,college/grad student,283
5199,5198,F,25-34,academic/educator,35
5200,5199,F,35-44,scientist,62
5201,5200,M,50-55,executive/managerial,109
5202,5201,M,18-24,college/grad student,32
5203,5202,F,45-49,doctor/health care,36
5204,5203,M,50-55,retired,47
5205,5204,M,25-34,academic/educator,356
5206,5205,M,35-44,executive/managerial,29
5207,5206,M,25-34,other,22
5208,5207,M,25-34,college/grad student,120
5209,5208,M,50-55,academic/educator,134
5210,5209,F,35-44,technician/engineer,65
5211,5210,M,25-34,academic/educator,103
5212,5211,M,18-24,artist,40
5213,5212,M,18-24,other,35
5214,5213,F,35-44,homemaker,31
5215,5214,F,56+,doctor/health care,20
5216,5215,M,18-24,artist,20
5217,5216,M,25-34,technician/engineer,132
5218,5217,M,18-24,other,44
5219,5218,M,18-24,college/grad student,124
5220,5219,M,25-34,executive/managerial,720
5221,5220,F,56+,academic/educator,30
5222,5221,M,25-34,programmer,307
5223,5222,M,56+,K-12 student,204
5224,5223,M,35-44,academic/educator,33
5225,5224,M,18-24,college/grad student,212
5226,5225,M,35-44,other,83
5227,5226,M,18-24,K-12 student,157
5228,5227,M,Under 18,other,24
5229,5228,M,25-34,other,69
5230,5229,M,25-34,programmer,130
5231,5230,M,35-44,executive/managerial,28
5232,5231,M,25-34,college/grad student,131
5233,5232,M,25-34,customer service,112
5234,5233,F,25-34,other,212
5235,5234,M,25-34,college/grad student,35
5236,5235,M,25-34,sales/marketing,128
5237,5236,M,25-34,executive/managerial,55
5238,5237,F,50-55,self-employed,22
5239,5238,M,35-44,executive/managerial,285
5240,5239,F,25-34,other,35
5241,5240,F,25-34,college/grad student,94
5242,5241,M,25-34,academic/educator,113
5243,5242,M,Under 18,K-12 student,26
5244,5243,M,18-24,college/grad student,35
5245,5244,F,45-49,academic/educator,30
5246,5245,F,18-24,other,130
5247,5246,F,Under 18,K-12 student,31
5248,5247,F,45-49,sales/marketing,101
5249,5248,F,45-49,sales/marketing,338
5250,5249,M,50-55,doctor/health care,289
5251,5250,F,25-34,technician/engineer,168
5252,5251,M,25-34,writer,65
5253,5252,F,56+,retired,148
5254,5253,M,18-24,college/grad student,81
5255,5254,M,Under 18,K-12 student,149
5256,5255,M,25-34,self-employed,825
5257,5256,F,25-34,artist,97
5258,5257,M,35-44,college/grad student,20
5259,5258,M,25-34,doctor/health care,34
5260,5259,M,35-44,executive/managerial,209
5261,5260,M,35-44,programmer,103
5262,5261,F,25-34,sales/marketing,64
5263,5262,M,35-44,executive/managerial,126
5264,5263,M,18-24,college/grad student,159
5265,5264,M,45-49,academic/educator,283
5266,5265,M,35-44,academic/educator,29
5267,5266,M,35-44,executive/managerial,95
5268,5267,F,25-34,artist,484
5269,5268,M,18-24,other,324
5270,5269,M,25-34,programmer,102
5271,5270,F,25-34,other,427
5272,5271,M,25-34,executive/managerial,106
5273,5272,M,56+,writer,304
5274,5273,M,25-34,other,25
5275,5274,M,25-34,technician/engineer,95
5276,5275,F,25-34,college/grad student,77
5277,5276,M,25-34,writer,308
5278,5277,F,25-34,executive/managerial,181
5279,5278,F,25-34,sales/marketing,51
5280,5279,M,18-24,college/grad student,26
5281,5280,M,25-34,artist,260
5282,5281,F,18-24,college/grad student,300
5283,5282,M,18-24,artist,291
5284,5283,M,25-34,self-employed,73
5285,5284,M,18-24,college/grad student,45
5286,5285,M,45-49,self-employed,182
5287,5286,M,25-34,farmer,212
5288,5287,M,56+,retired,43
5289,5288,M,45-49,artist,470
5290,5289,F,18-24,college/grad student,37
5291,5290,M,45-49,academic/educator,66
5292,5291,M,25-34,other,31
5293,5292,M,25-34,programmer,75
5294,5293,M,25-34,artist,156
5295,5294,M,35-44,executive/managerial,22
5296,5295,F,Under 18,other,70
5297,5296,M,25-34,programmer,30
5298,5297,M,35-44,technician/engineer,59
5299,5298,M,25-34,artist,56
5300,5299,M,25-34,writer,282
5301,5300,M,25-34,technician/engineer,139
5302,5301,F,Under 18,K-12 student,238
5303,5302,F,56+,doctor/health care,45
5304,5303,F,35-44,homemaker,35
5305,5304,F,18-24,college/grad student,270
5306,5305,F,25-34,technician/engineer,630
5307,5306,M,25-34,customer service,57
5308,5307,M,56+,executive/managerial,40
5309,5308,M,25-34,other,20
5310,5309,F,56+,academic/educator,97
5311,5310,M,50-55,other,46
5312,5311,M,25-34,academic/educator,720
5313,5312,M,56+,other,88
5314,5313,F,25-34,other,20
5315,5314,M,25-34,programmer,35
5316,5315,M,18-24,college/grad student,39
5317,5316,F,25-34,other,543
5318,5317,M,18-24,technician/engineer,99
5319,5318,M,18-24,technician/engineer,388
5320,5319,F,18-24,customer service,23
5321,5320,M,25-34,college/grad student,288
5322,5321,M,35-44,technician/engineer,102
5323,5322,M,25-34,writer,246
5324,5323,M,25-34,executive/managerial,173
5325,5324,F,50-55,executive/managerial,48
5326,5325,M,25-34,artist,128
5327,5326,M,25-34,executive/managerial,163
5328,5327,F,25-34,college/grad student,53
5329,5328,F,25-34,customer service,544
5330,5329,F,25-34,other,62
5331,5330,M,35-44,sales/marketing,80
5332,5331,M,18-24,college/grad student,73
5333,5332,F,25-34,executive/managerial,839
5334,5333,F,56+,retired,55
5335,5334,M,25-34,sales/marketing,158
5336,5335,M,56+,executive/managerial,47
5337,5336,F,35-44,clerical/admin,177
5338,5337,M,25-34,technician/engineer,104
5339,5338,M,18-24,technician/engineer,108
5340,5339,F,50-55,clerical/admin,214
5341,5340,F,25-34,clerical/admin,126
5342,5341,F,35-44,executive/managerial,112
5343,5342,F,25-34,homemaker,36
5344,5343,F,50-55,academic/educator,197
5345,5344,F,25-34,technician/engineer,333
5346,5345,F,25-34,clerical/admin,54
5347,5346,M,25-34,doctor/health care,263
5348,5347,M,18-24,customer service,50
5349,5348,F,50-55,artist,241
5350,5349,M,18-24,customer service,219
5351,5350,F,45-49,academic/educator,26
5352,5351,F,35-44,customer service,206
5353,5352,M,25-34,doctor/health care,118
5354,5353,F,45-49,clerical/admin,46
5355,5354,M,56+,other,181
5356,5355,M,45-49,other,41
5357,5356,F,18-24,writer,48
5358,5357,M,35-44,executive/managerial,25
5359,5358,M,18-24,self-employed,510
5360,5359,M,18-24,programmer,38
5361,5360,F,50-55,self-employed,187
5362,5361,M,35-44,retired,92
5363,5362,M,56+,retired,61
5364,5363,F,25-34,clerical/admin,354
5365,5364,M,18-24,programmer,300
5366,5365,M,18-24,programmer,125
5367,5366,M,18-24,college/grad student,1169
5368,5367,F,25-34,technician/engineer,98
5369,5368,M,25-34,scientist,245
5370,5369,M,25-34,programmer,27
5371,5370,M,25-34,lawyer,324
5372,5371,M,25-34,college/grad student,36
5373,5372,M,18-24,programmer,32
5374,5373,M,35-44,executive/managerial,48
5375,5374,M,25-34,other,29
5376,5375,M,25-34,technician/engineer,256
5377,5376,F,18-24,clerical/admin,43
5378,5377,M,35-44,tradesman/craftsman,181
5379,5378,M,25-34,executive/managerial,37
5380,5379,M,18-24,college/grad student,20
5381,5380,M,25-34,sales/marketing,24
5382,5381,M,18-24,college/grad student,67
5383,5382,M,35-44,academic/educator,28
5384,5383,F,25-34,clerical/admin,46
5385,5384,M,25-34,programmer,46
5386,5385,M,25-34,sales/marketing,161
5387,5386,F,25-34,academic/educator,731
5388,5387,F,18-24,college/grad student,24
5389,5388,M,45-49,executive/managerial,154
5390,5389,M,Under 18,other,219
5391,5390,M,25-34,executive/managerial,23
5392,5391,M,50-55,academic/educator,22
5393,5392,M,35-44,executive/managerial,210
5394,5393,M,18-24,other,849
5395,5394,M,50-55,academic/educator,121
5396,5395,M,25-34,doctor/health care,81
5397,5396,M,18-24,other,388
5398,5397,M,56+,technician/engineer,28
5399,5398,M,25-34,academic/educator,60
5400,5399,F,18-24,college/grad student,24
5401,5400,F,18-24,academic/educator,146
5402,5401,F,25-34,other,92
5403,5402,M,Under 18,K-12 student,162
5404,5403,M,25-34,other,210
5405,5404,F,50-55,executive/managerial,116
5406,5405,F,35-44,other,122
5407,5406,F,35-44,technician/engineer,27
5408,5407,M,25-34,writer,102
5409,5408,M,45-49,academic/educator,21
5410,5409,F,45-49,artist,46
5411,5410,F,Under 18,unemployed,24
5412,5411,M,25-34,programmer,278
5413,5412,M,35-44,academic/educator,220
5414,5413,M,Under 18,K-12 student,79
5415,5414,F,25-34,executive/managerial,55
5416,5415,F,25-34,customer service,48
5417,5416,M,18-24,technician/engineer,45
5418,5417,F,25-34,other,250
5419,5418,F,18-24,programmer,89
5420,5419,F,Under 18,unemployed,175
5421,5420,M,35-44,technician/engineer,80
5422,5421,M,50-55,executive/managerial,175
5423,5422,F,50-55,customer service,98
5424,5423,F,35-44,artist,135
5425,5424,M,18-24,college/grad student,46
5426,5425,M,25-34,sales/marketing,296
5427,5426,M,35-44,unemployed,81
5428,5427,F,25-34,doctor/health care,388
5429,5428,F,25-34,academic/educator,128
5430,5429,F,45-49,academic/educator,140
5431,5430,M,56+,academic/educator,88
5432,5431,M,56+,retired,183
5433,5432,F,35-44,technician/engineer,725
5434,5433,F,25-34,executive/managerial,244
5435,5434,M,45-49,tradesman/craftsman,46
5436,5435,M,18-24,college/grad student,33
5437,5436,M,25-34,lawyer,156
5438,5437,M,25-34,sales/marketing,91
5439,5438,M,56+,retired,22
5440,5439,F,45-49,artist,35
5441,5440,M,50-55,executive/managerial,196
5442,5441,M,25-34,executive/managerial,64
5443,5442,M,25-34,programmer,399
5444,5443,F,18-24,college/grad student,39
5445,5444,M,25-34,other,149
5446,5445,F,50-55,academic/educator,126
5447,5446,M,45-49,artist,131
5448,5447,M,45-49,unemployed,351
5449,5448,M,18-24,programmer,111
5450,5449,M,18-24,programmer,321
5451,5450,F,25-34,academic/educator,94
5452,5451,M,35-44,doctor/health care,284
5453,5452,M,18-24,college/grad student,247
5454,5453,M,35-44,executive/managerial,64
5455,5454,F,18-24,technician/engineer,135
5456,5455,M,35-44,academic/educator,42
5457,5456,M,18-24,programmer,173
5458,5457,F,18-24,artist,392
5459,5458,F,Under 18,K-12 student,178
5460,5459,M,18-24,college/grad student,85
5461,5460,M,50-55,other,48
5462,5461,M,25-34,technician/engineer,36
5463,5462,M,35-44,other,280
5464,5463,M,35-44,executive/managerial,113
5465,5464,F,25-34,other,22
5466,5465,M,25-34,programmer,228
5467,5466,M,35-44,other,27
5468,5467,M,25-34,programmer,385
5469,5468,M,35-44,programmer,115
5470,5469,M,56+,executive/managerial,104
5471,5470,M,18-24,executive/managerial,25
5472,5471,M,35-44,academic/educator,317
5473,5472,M,25-34,academic/educator,120
5474,5473,M,25-34,programmer,47
5475,5474,M,25-34,college/grad student,377
5476,5475,F,35-44,other,34
5477,5476,M,35-44,academic/educator,25
5478,5477,M,35-44,executive/managerial,34
5479,5478,M,35-44,academic/educator,105
5480,5479,F,25-34,sales/marketing,150
5481,5480,M,45-49,programmer,54
5482,5481,M,18-24,executive/managerial,375
5483,5482,F,25-34,doctor/health care,221
5484,5483,M,45-49,technician/engineer,79
5485,5484,M,25-34,college/grad student,114
5486,5485,M,25-34,other,43
5487,5486,M,25-34,technician/engineer,47
5488,5487,M,25-34,scientist,253
5489,5488,M,18-24,executive/managerial,70
5490,5489,M,45-49,technician/engineer,124
5491,5490,M,18-24,executive/managerial,204
5492,5491,M,18-24,college/grad student,380
5493,5492,M,35-44,programmer,573
5494,5493,F,35-44,technician/engineer,80
5495,5494,F,18-24,college/grad student,31
5496,5495,M,25-34,executive/managerial,84
5497,5496,M,25-34,college/grad student,145
5498,5497,F,50-55,academic/educator,59
5499,5498,F,25-34,unemployed,69
5500,5499,F,35-44,writer,59
5501,5500,M,25-34,artist,561
5502,5501,M,25-34,artist,120
5503,5502,F,25-34,homemaker,45
5504,5503,M,45-49,executive/managerial,587
5505,5504,F,25-34,college/grad student,92
5506,5505,F,18-24,sales/marketing,57
5507,5506,M,45-49,executive/managerial,44
5508,5507,M,25-34,writer,75
5509,5508,M,25-34,other,103
5510,5509,M,18-24,college/grad student,62
5511,5510,M,45-49,academic/educator,724
5512,5511,F,25-34,technician/engineer,241
5513,5512,M,35-44,academic/educator,66
5514,5513,F,Under 18,K-12 student,40
5515,5514,M,18-24,college/grad student,45
5516,5515,F,50-55,self-employed,137
5517,5516,M,56+,other,312
5518,5517,M,50-55,technician/engineer,113
5519,5518,M,35-44,scientist,340
5520,5519,M,45-49,academic/educator,166
5521,5520,F,25-34,doctor/health care,52
5522,5521,M,25-34,sales/marketing,520
5523,5522,M,35-44,other,376
5524,5523,F,Under 18,K-12 student,166
5525,5524,F,Under 18,K-12 student,20
5526,5525,F,35-44,artist,284
5527,5526,M,25-34,academic/educator,29
5528,5527,M,50-55,academic/educator,75
5529,5528,M,18-24,doctor/health care,21
5530,5529,F,18-24,college/grad student,652
5531,5530,M,50-55,technician/engineer,148
5532,5531,M,25-34,technician/engineer,102
5533,5532,F,50-55,artist,20
5534,5533,M,45-49,self-employed,65
5535,5534,M,25-34,scientist,187
5536,5535,M,25-34,self-employed,634
5537,5536,F,56+,academic/educator,64
5538,5537,M,45-49,programmer,174
5539,5538,F,25-34,writer,480
5540,5539,M,35-44,academic/educator,78
5541,5540,M,56+,executive/managerial,27
5542,5541,M,45-49,executive/managerial,71
5543,5542,M,25-34,technician/engineer,341
5544,5543,M,25-34,scientist,47
5545,5544,F,35-44,self-employed,152
5546,5545,M,18-24,sales/marketing,34
5547,5546,F,18-24,college/grad student,152
5548,5547,F,18-24,college/grad student,168
5549,5548,F,50-55,homemaker,33
5550,5549,M,35-44,scientist,633
5551,5550,F,35-44,writer,64
5552,5551,M,50-55,executive/managerial,54
5553,5552,M,35-44,clerical/admin,263
5554,5553,M,25-34,academic/educator,104
5555,5554,M,Under 18,K-12 student,548
5556,5555,M,45-49,doctor/health care,278
5557,5556,M,35-44,sales/marketing,190
5558,5557,M,Under 18,K-12 student,247
5559,5558,M,50-55,academic/educator,39
5560,5559,F,35-44,technician/engineer,82
5561,5560,F,25-34,clerical/admin,219
5562,5561,F,35-44,academic/educator,75
5563,5562,F,25-34,executive/managerial,38
5564,5563,M,45-49,writer,45
5565,5564,M,18-24,technician/engineer,184
5566,5565,M,35-44,executive/managerial,127
5567,5566,M,50-55,clerical/admin,403
5568,5567,M,18-24,college/grad student,341
5569,5568,F,18-24,academic/educator,242
5570,5569,M,25-34,academic/educator,302
5571,5570,F,25-34,homemaker,113
5572,5571,F,25-34,college/grad student,70
5573,5572,F,35-44,academic/educator,172
5574,5573,M,25-34,other,178
5575,5574,M,35-44,executive/managerial,272
5576,5575,M,25-34,college/grad student,290
5577,5576,M,50-55,academic/educator,29
5578,5577,F,18-24,academic/educator,84
5579,5578,F,35-44,executive/managerial,24
5580,5579,M,45-49,executive/managerial,413
5581,5580,M,25-34,other,37
5582,5581,M,45-49,academic/educator,136
5583,5582,M,56+,scientist,120
5584,5583,F,50-55,other,76
5585,5584,M,25-34,college/grad student,245
5586,5585,M,35-44,writer,28
5587,5586,M,25-34,technician/engineer,55
5588,5587,F,25-34,writer,37
5589,5588,F,25-34,other,36
5590,5589,F,45-49,programmer,33
5591,5590,M,18-24,other,46
5592,5591,M,25-34,academic/educator,127
5593,5592,M,50-55,self-employed,160
5594,5593,F,45-49,other,130
5595,5594,M,25-34,writer,206
5596,5595,M,35-44,programmer,189
5597,5596,F,18-24,college/grad student,208
5598,5597,M,18-24,college/grad student,144
5599,5598,M,35-44,executive/managerial,231
5600,5599,F,45-49,other,266
5601,5600,M,35-44,academic/educator,97
5602,5601,M,35-44,other,76
5603,5602,M,50-55,executive/managerial,183
5604,5603,M,35-44,scientist,254
5605,5604,F,18-24,artist,736
5606,5605,F,25-34,sales/marketing,24
5607,5606,M,18-24,college/grad student,148
5608,5607,M,18-24,clerical/admin,24
5609,5608,F,50-55,academic/educator,40
5610,5609,F,25-34,academic/educator,40
5611,5610,F,35-44,executive/managerial,31
5612,5611,F,25-34,academic/educator,36
5613,5612,F,35-44,other,86
5614,5613,M,25-34,other,837
5615,5614,M,35-44,executive/managerial,302
5616,5615,M,45-49,academic/educator,130
5617,5616,M,25-34,sales/marketing,74
5618,5617,F,18-24,college/grad student,98
5619,5618,F,18-24,college/grad student,92
5620,5619,M,35-44,sales/marketing,219
5621,5620,M,25-34,executive/managerial,477
5622,5621,M,35-44,scientist,86
5623,5622,M,25-34,lawyer,264
5624,5623,M,25-34,executive/managerial,119
5625,5624,M,25-34,academic/educator,152
5626,5625,M,56+,self-employed,173
5627,5626,M,25-34,other,815
5628,5627,M,18-24,college/grad student,23
5629,5628,M,25-34,sales/marketing,101
5630,5629,M,35-44,technician/engineer,263
5631,5630,M,35-44,programmer,79
5632,5631,F,18-24,college/grad student,60
5633,5632,M,50-55,academic/educator,39
5634,5633,M,25-34,sales/marketing,300
5635,5634,F,35-44,homemaker,24
5636,5635,M,25-34,executive/managerial,848
5637,5636,M,Under 18,K-12 student,46
5638,5637,M,18-24,academic/educator,102
5639,5638,F,18-24,college/grad student,43
5640,5639,M,35-44,technician/engineer,34
5641,5640,F,25-34,technician/engineer,132
5642,5641,M,Under 18,K-12 student,50
5643,5642,F,35-44,academic/educator,1047
5644,5643,F,18-24,college/grad student,73
5645,5644,M,25-34,artist,270
5646,5645,M,18-24,college/grad student,104
5647,5646,M,18-24,academic/educator,152
5648,5647,M,25-34,technician/engineer,117
5649,5648,F,18-24,college/grad student,200
5650,5649,F,35-44,programmer,314
5651,5650,F,25-34,doctor/health care,39
5652,5651,M,18-24,other,106
5653,5652,M,50-55,academic/educator,228
5654,5653,M,25-34,college/grad student,298
5655,5654,F,25-34,doctor/health care,117
5656,5655,M,25-34,scientist,28
5657,5656,M,50-55,sales/marketing,198
5658,5657,M,56+,other,125
5659,5658,M,25-34,other,209
5660,5659,M,25-34,artist,34
5661,5660,F,25-34,scientist,125
5662,5661,M,Under 18,K-12 student,73
5663,5662,F,35-44,writer,268
5664,5663,M,18-24,college/grad student,287
5665,5664,M,18-24,college/grad student,46
5666,5665,M,18-24,self-employed,32
5667,5666,M,35-44,executive/managerial,328
5668,5667,F,25-34,clerical/admin,89
5669,5668,M,56+,academic/educator,48
5670,5669,M,18-24,college/grad student,72
5671,5670,M,25-34,academic/educator,109
5672,5671,F,25-34,college/grad student,28
5673,5672,F,35-44,academic/educator,68
5674,5673,M,35-44,executive/managerial,41
5675,5674,M,35-44,sales/marketing,586
5676,5675,M,25-34,writer,146
5677,5676,M,25-34,academic/educator,246
5678,5677,M,35-44,technician/engineer,138
5679,5678,M,35-44,artist,182
5680,5679,M,50-55,writer,159
5681,5680,F,25-34,executive/managerial,33
5682,5681,M,18-24,other,608
5683,5682,F,18-24,homemaker,122
5684,5683,M,18-24,self-employed,489
5685,5684,M,25-34,technician/engineer,40
5686,5685,M,56+,self-employed,530
5687,5686,F,Under 18,other,85
5688,5687,F,18-24,college/grad student,100
5689,5688,M,25-34,other,488
5690,5689,M,18-24,college/grad student,24
5691,5690,M,35-44,sales/marketing,130
5692,5691,F,25-34,executive/managerial,61
5693,5692,F,25-34,college/grad student,46
5694,5693,F,25-34,programmer,25
5695,5694,F,35-44,clerical/admin,31
5696,5695,F,25-34,sales/marketing,24
5697,5696,M,25-34,other,26
5698,5697,M,35-44,sales/marketing,315
5699,5698,M,35-44,scientist,299
5700,5699,F,18-24,sales/marketing,38
5701,5700,M,25-34,executive/managerial,119
5702,5701,M,18-24,other,117
5703,5702,M,56+,academic/educator,74
5704,5703,F,18-24,college/grad student,93
5705,5704,F,18-24,college/grad student,173
5706,5705,M,18-24,technician/engineer,165
5707,5706,M,25-34,programmer,100
5708,5707,M,35-44,academic/educator,100
5709,5708,M,18-24,college/grad student,124
5710,5709,M,25-34,scientist,77
5711,5710,M,25-34,executive/managerial,60
5712,5711,M,35-44,academic/educator,83
5713,5712,F,50-55,executive/managerial,31
5714,5713,M,35-44,artist,99
5715,5714,M,18-24,college/grad student,84
5716,5715,M,Under 18,K-12 student,212
5717,5716,M,25-34,other,384
5718,5717,F,35-44,sales/marketing,193
5719,5718,M,56+,executive/managerial,26
5720,5719,M,25-34,other,354
5721,5720,M,45-49,lawyer,48
5722,5721,M,25-34,writer,367
5723,5722,M,18-24,programmer,202
5724,5723,M,25-34,scientist,97
5725,5724,M,18-24,artist,20
5726,5725,M,25-34,academic/educator,148
5727,5726,M,25-34,college/grad student,51
5728,5727,F,35-44,writer,323
5729,5728,M,18-24,K-12 student,62
5730,5729,M,18-24,other,91
5731,5730,F,25-34,lawyer,60
5732,5731,F,25-34,lawyer,42
5733,5732,M,25-34,college/grad student,200
5734,5733,F,25-34,sales/marketing,208
5735,5734,M,25-34,doctor/health care,23
5736,5735,M,25-34,academic/educator,105
5737,5736,M,45-49,scientist,85
5738,5737,M,25-34,programmer,526
5739,5738,M,25-34,executive/managerial,51
5740,5739,M,25-34,academic/educator,76
5741,5740,M,50-55,retired,47
5742,5741,F,25-34,programmer,47
5743,5742,F,35-44,other,30
5744,5743,F,25-34,college/grad student,440
5745,5744,F,18-24,college/grad student,72
5746,5745,M,18-24,scientist,82
5747,5746,M,25-34,other,564
5748,5747,M,25-34,other,54
5749,5748,M,25-34,artist,407
5750,5749,M,18-24,academic/educator,119
5751,5750,F,Under 18,other,90
5752,5751,F,56+,other,155
5753,5752,M,18-24,technician/engineer,83
5754,5753,F,18-24,academic/educator,353
5755,5754,F,35-44,artist,515
5756,5755,F,Under 18,K-12 student,38
5757,5756,M,Under 18,K-12 student,116
5758,5757,F,50-55,academic/educator,147
5759,5758,F,25-34,academic/educator,576
5760,5759,M,18-24,programmer,32
5761,5760,M,25-34,writer,223
5762,5761,F,35-44,doctor/health care,288
5763,5762,F,25-34,academic/educator,677
5764,5763,F,50-55,programmer,55
5765,5764,M,25-34,lawyer,229
5766,5765,M,56+,sales/marketing,94
5767,5766,M,25-34,artist,349
5768,5767,F,Under 18,executive/managerial,74
5769,5768,M,45-49,sales/marketing,154
5770,5769,M,25-34,other,139
5771,5770,M,25-34,executive/managerial,266
5772,5771,M,35-44,executive/managerial,22
5773,5772,M,25-34,doctor/health care,30
5774,5773,M,18-24,college/grad student,55
5775,5774,M,25-34,lawyer,195
5776,5775,M,18-24,programmer,183
5777,5776,M,Under 18,other,125
5778,5777,M,35-44,programmer,66
5779,5778,M,25-34,customer service,394
5780,5779,M,18-24,technician/engineer,259
5781,5780,M,25-34,artist,27
5782,5781,F,35-44,other,114
5783,5782,F,45-49,academic/educator,39
5784,5783,M,18-24,K-12 student,27
5785,5784,F,25-34,executive/managerial,130
5786,5785,M,25-34,doctor/health care,331
5787,5786,M,25-34,writer,442
5788,5787,M,25-34,other,825
5789,5788,M,25-34,technician/engineer,46
5790,5789,F,35-44,other,93
5791,5790,M,18-24,college/grad student,101
5792,5791,M,25-34,technician/engineer,269
5793,5792,M,25-34,artist,30
5794,5793,M,35-44,technician/engineer,294
5795,5794,M,25-34,academic/educator,1277
5796,5795,F,25-34,executive/managerial,24
5797,5796,M,25-34,executive/managerial,122
5798,5797,M,35-44,other,117
5799,5798,M,25-34,customer service,36
5800,5799,M,35-44,tradesman/craftsman,23
5801,5800,M,25-34,self-employed,172
5802,5801,F,25-34,other,40
5803,5802,M,Under 18,K-12 student,66
5804,5803,F,35-44,executive/managerial,21
5805,5804,F,25-34,other,151
5806,5805,F,50-55,academic/educator,221
5807,5806,M,35-44,executive/managerial,55
5808,5807,F,25-34,executive/managerial,67
5809,5808,M,25-34,executive/managerial,248
5810,5809,M,50-55,self-employed,21
5811,5810,M,18-24,college/grad student,308
5812,5811,F,25-34,executive/managerial,893
5813,5812,M,25-34,executive/managerial,87
5814,5813,M,25-34,other,29
5815,5814,M,25-34,writer,78
5816,5815,M,25-34,other,32
5817,5816,M,25-34,technician/engineer,26
5818,5817,M,25-34,college/grad student,32
5819,5818,M,50-55,doctor/health care,30
5820,5819,M,45-49,other,48
5821,5820,M,25-34,scientist,63
5822,5821,F,35-44,college/grad student,75
5823,5822,M,25-34,programmer,105
5824,5823,M,18-24,programmer,550
5825,5824,F,25-34,college/grad student,118
5826,5825,M,18-24,college/grad student,237
5827,5826,M,25-34,artist,109
5828,5827,M,25-34,technician/engineer,20
5829,5828,F,25-34,college/grad student,73
5830,5829,F,18-24,college/grad student,52
5831,5830,M,25-34,academic/educator,1220
5832,5831,F,25-34,other,78
5833,5832,F,35-44,other,88
5834,5833,M,56+,self-employed,30
5835,5834,F,35-44,other,31
5836,5835,M,25-34,other,50
5837,5836,M,25-34,executive/managerial,534
5838,5837,F,45-49,executive/managerial,223
5839,5838,M,25-34,academic/educator,31
5840,5839,F,Under 18,other,235
5841,5840,F,35-44,executive/managerial,334
5842,5841,M,25-34,college/grad student,52
5843,5842,M,35-44,academic/educator,221
5844,5843,F,Under 18,K-12 student,86
5845,5844,F,25-34,clerical/admin,225
5846,5845,M,45-49,self-employed,62
5847,5846,F,18-24,college/grad student,356
5848,5847,M,50-55,writer,409
5849,5848,M,35-44,technician/engineer,45
5850,5849,F,25-34,executive/managerial,58
5851,5850,F,18-24,writer,162
5852,5851,F,25-34,academic/educator,332
5853,5852,M,50-55,unemployed,153
5854,5853,M,45-49,executive/managerial,410
5855,5854,M,50-55,executive/managerial,51
5856,5855,F,25-34,executive/managerial,64
5857,5856,F,45-49,artist,200
5858,5857,M,25-34,college/grad student,200
5859,5858,M,25-34,executive/managerial,35
5860,5859,F,25-34,college/grad student,79
5861,5860,F,50-55,academic/educator,187
5862,5861,F,25-34,homemaker,200
5863,5862,F,25-34,sales/marketing,21
5864,5863,F,50-55,academic/educator,39
5865,5864,M,25-34,technician/engineer,103
5866,5865,F,25-34,doctor/health care,32
5867,5866,F,45-49,clerical/admin,32
5868,5867,M,35-44,sales/marketing,67
5869,5868,F,25-34,executive/managerial,76
5870,5869,M,25-34,sales/marketing,39
5871,5870,F,25-34,college/grad student,100
5872,5871,M,25-34,technician/engineer,263
5873,5872,M,18-24,programmer,33
5874,5873,M,25-34,college/grad student,299
5875,5874,M,25-34,college/grad student,138
5876,5875,M,50-55,executive/managerial,23
5877,5876,M,18-24,programmer,22
5878,5877,F,25-34,other,601
5879,5878,M,35-44,executive/managerial,55
5880,5879,M,25-34,academic/educator,748
5881,5880,M,35-44,technician/engineer,280
5882,5881,M,35-44,executive/managerial,40
5883,5882,F,18-24,other,26
5884,5883,M,18-24,college/grad student,78
5885,5884,M,25-34,academic/educator,121
5886,5885,M,25-34,writer,491
5887,5886,F,35-44,writer,82
5888,5887,M,25-34,writer,617
5889,5888,M,50-55,writer,130
5890,5889,M,35-44,writer,329
5891,5890,M,18-24,college/grad student,78
5892,5891,M,45-49,artist,114
5893,5892,M,25-34,executive/managerial,148
5894,5893,M,35-44,other,115
5895,5894,M,25-34,academic/educator,58
5896,5895,M,25-34,other,208
5897,5896,M,25-34,writer,53
5898,5897,F,18-24,other,29
5899,5898,M,35-44,technician/engineer,21
5900,5899,M,25-34,executive/managerial,125
5901,5900,F,35-44,executive/managerial,30
5902,5901,M,50-55,self-employed,87
5903,5902,M,25-34,lawyer,77
5904,5903,F,45-49,programmer,20
5905,5904,F,35-44,writer,152
5906,5905,F,18-24,college/grad student,124
5907,5906,M,25-34,artist,48
5908,5907,M,25-34,college/grad student,206
5909,5908,M,18-24,writer,29
5910,5909,F,45-49,writer,130
5911,5910,F,25-34,technician/engineer,171
5912,5911,M,25-34,academic/educator,125
5913,5912,F,18-24,other,77
5914,5913,M,35-44,artist,35
5915,5914,M,18-24,college/grad student,286
5916,5915,M,50-55,writer,704
5917,5916,F,50-55,academic/educator,230
5918,5917,M,25-34,programmer,23
5919,5918,M,18-24,other,32
5920,5919,F,25-34,academic/educator,143
5921,5920,M,25-34,doctor/health care,46
5922,5921,M,56+,clerical/admin,231
5923,5922,M,25-34,executive/managerial,35
5924,5923,M,35-44,other,154
5925,5924,F,25-34,other,197
5926,5925,F,50-55,executive/managerial,63
5927,5926,M,35-44,sales/marketing,216
5928,5927,M,45-49,academic/educator,48
5929,5928,F,35-44,other,108
5930,5929,F,35-44,technician/engineer,94
5931,5930,F,18-24,executive/managerial,77
5932,5931,M,18-24,sales/marketing,24
5933,5932,M,25-34,artist,41
5934,5933,M,25-34,sales/marketing,30
5935,5934,M,18-24,other,36
5936,5935,M,18-24,college/grad student,36
5937,5936,M,25-34,programmer,102
5938,5937,M,25-34,academic/educator,190
5939,5938,F,45-49,scientist,111
5940,5939,M,50-55,programmer,46
5941,5940,F,25-34,other,32
5942,5941,M,45-49,academic/educator,174
5943,5942,F,45-49,academic/educator,65
5944,5943,F,18-24,K-12 student,30
5945,5944,F,35-44,artist,34
5946,5945,F,56+,academic/educator,93
5947,5946,F,45-49,self-employed,142
5948,5947,M,56+,retired,398
5949,5948,M,18-24,technician/engineer,181
5950,5949,M,25-34,college/grad student,435
5951,5950,M,18-24,college/grad student,53
5952,5951,F,45-49,academic/educator,129
5953,5952,M,Under 18,K-12 student,91
5954,5953,M,45-49,lawyer,1000
5955,5954,F,25-34,executive/managerial,378
5956,5955,F,18-24,college/grad student,293
5957,5956,M,18-24,writer,239
5958,5957,M,45-49,sales/marketing,112
5959,5958,F,18-24,college/grad student,70
5960,5959,F,45-49,other,190
5961,5960,F,45-49,other,308
5962,5961,M,35-44,executive/managerial,25
5963,5962,M,25-34,scientist,187
5964,5963,M,18-24,customer service,549
5965,5964,M,25-34,technician/engineer,38
5966,5965,F,35-44,homemaker,65
5967,5966,M,50-55,self-employed,22
5968,5967,M,56+,executive/managerial,33
5969,5968,M,45-49,retired,91
5970,5969,M,35-44,lawyer,45
5971,5970,M,35-44,executive/managerial,163
5972,5971,F,25-34,writer,437
5973,5972,M,Under 18,K-12 student,36
5974,5973,F,25-34,academic/educator,233
5975,5974,M,25-34,sales/marketing,54
5976,5975,F,25-34,academic/educator,126
5977,5976,M,35-44,academic/educator,51
5978,5977,M,35-44,academic/educator,399
5979,5978,M,25-34,academic/educator,33
5980,5979,M,56+,academic/educator,212
5981,5980,M,35-44,executive/managerial,280
5982,5981,M,35-44,academic/educator,127
5983,5982,M,25-34,clerical/admin,28
5984,5983,M,25-34,academic/educator,30
5985,5984,F,18-24,college/grad student,99
5986,5985,F,56+,academic/educator,120
5987,5986,M,25-34,self-employed,59
5988,5987,M,25-34,scientist,79
5989,5988,F,Under 18,K-12 student,77
5990,5989,F,25-34,writer,286
5991,5990,F,35-44,writer,85
5992,5991,F,18-24,college/grad student,67
5993,5992,F,50-55,writer,30
5994,5993,M,35-44,academic/educator,78
5995,5994,F,35-44,academic/educator,186
5996,5995,F,25-34,other,591
5997,5996,F,25-34,executive/managerial,57
5998,5997,M,18-24,college/grad student,158
5999,5998,F,25-34,academic/educator,27
6000,5999,M,45-49,technician/engineer,506
6001,6000,F,25-34,executive/managerial,234
6002,6001,M,50-55,other,335
6003,6002,F,45-49,technician/engineer,254
6004,6003,F,25-34,scientist,57
6005,6004,F,25-34,customer service,88
6006,6005,F,Under 18,other,124
6007,6006,M,35-44,technician/engineer,326
6008,6007,M,18-24,college/grad student,35
6009,6008,F,25-34,programmer,64
6010,6009,M,35-44,other,317
6011,6010,M,35-44,scientist,197
6012,6011,M,35-44,scientist,23
6013,6012,F,25-34,writer,124
6014,6013,M,45-49,academic/educator,106
6015,6014,F,25-34,homemaker,57
6016,6015,M,45-49,academic/educator,909
6017,6016,F,35-44,executive/managerial,33
6018,6017,M,35-44,academic/educator,159
6019,6018,M,25-34,other,89
6020,6019,M,50-55,self-employed,43
6021,6020,M,25-34,programmer,132
6022,6021,M,25-34,technician/engineer,48
6023,6022,M,25-34,other,147
6024,6023,M,25-34,programmer,95
6025,6024,F,25-34,academic/educator,271
6026,6025,M,35-44,doctor/health care,81
6027,6026,M,18-24,college/grad student,36
6028,6027,M,18-24,college/grad student,47
6029,6028,F,25-34,academic/educator,31
6030,6029,M,25-34,technician/engineer,115
6031,6030,F,18-24,other,51
6032,6031,M,45-49,executive/managerial,104
6033,6032,M,50-55,retired,60
6034,6033,M,25-34,sales/marketing,21
6035,6034,F,25-34,academic/educator,280
6036,6035,F,25-34,scientist,888
6037,6036,F,45-49,academic/educator,202
6038,6037,F,56+,academic/educator,20
6039,6038,F,45-49,other,123
6040,6039,M,25-34,doctor/health care,341
